{
	"pack_name": "{maid_pack.yingbai_arknights_pack.name}",
	"model_list": [
		{
			"model_id": "yingbai_arknights_pack:skadi",
			"is_gecko": true,
			"render_entity_scale": 0.7,
			"use_sound_pack_id": "skadi_pack",
			"animation": [
				"yingbai_arknights_pack:animation/yingbai_arknights_pack.skadi.main.animation.json",
				"yingbai_arknights_pack:animation/yingbai_arknights_pack.skadi.tac.animation.json"
			],
			"description": ["{model.yingbai_arknights_pack.skadi.desc}"]
		},
		{
			"model_id": "yingbai_arknights_pack:skadi_the_corrupting_heart",
			"is_gecko": true,
			"use_sound_pack_id": "skadi_the_corrupting_heart_pack",
			"animation": [
				"yingbai_arknights_pack:animation/yingbai_arknights_pack.skadi_the_corrupting_heart.main.animation.json",
				"yingbai_arknights_pack:animation/yingbai_arknights_pack.skadi_the_corrupting_heart.tac.animation.json"
			],
			"render_entity_scale": 0.7,
			"description": ["{model.yingbai_arknights_pack.skadi_the_corrupting_heart.desc}"]
		},
		{
			"model_id": "yingbai_arknights_pack:angelina",
			"is_gecko": true,
			"render_entity_scale": 0.7,
			"animation": [
				"yingbai_arknights_pack:animation/angelina.main.animation.json",
				"yingbai_arknights_pack:animation/angelina.condition.animation.json",
				"yingbai_arknights_pack:animation/angelina.tac.animation.json"
			],
			"use_sound_pack_id": "angelina_pack",
			"description": ["{model.yingbai_arknights_pack.angelina.desc}"]
		},
		{
			"model_id": "yingbai_arknights_pack:suzuran",
			"is_gecko": true,
			"render_entity_scale": 0.7,
			"use_sound_pack_id": "suzuran_pack",
			"animation": [
				"yingbai_arknights_pack:animation/yingbai_arknights_pack.suzuran.main.animation.json",
				"yingbai_arknights_pack:animation/yingbai_arknights_pack.suzuran.tac.animation.json"
			],
			"description": ["{model.yingbai_arknights_pack.suzuran.desc}"]
		},
		{
			"model_id": "yingbai_arknights_pack:shamare",
			"is_gecko": true,
			"animation": [
				"yingbai_arknights_pack:animation/yingbai_arknights_pack.shamare.main.animation.json",
				"yingbai_arknights_pack:animation/yingbai_arknights_pack.shamare.tac.animation.json"
			],
			"description": ["{model.yingbai_arknights_pack.shamare.desc}"],
			"render_entity_scale": 0.7,
			"use_sound_pack_id": "shamare_pack"
		},
		{
			"model_id": "yingbai_arknights_pack:ptilopsls",
			"is_gecko": true,
			"render_entity_scale": 0.7,
			"description": ["{model.yingbai_arknights_pack.ptilopsls.desc}"],
			"animation": [
				"yingbai_arknights_pack:animation/yingbai_arknights_pack.ptilopsls.main.animation.json",
				"yingbai_arknights_pack:animation/yingbai_arknights_pack.ptilopsls.tac.animation.json"
			],
			"use_sound_pack_id": "ptilopsis_pack"
		},
		{
			"model_id": "yingbai_arknights_pack:aurora",
			"is_gecko": true,
			"render_entity_scale": 0.7,
			"description": ["{model.yingbai_arknights_pack.aurora.desc}"],
			"animation": [
				"yingbai_arknights_pack:animation/aurora.main.animation.json",
				"yingbai_arknights_pack:animation/aurora.condition.animation.json",
				"yingbai_arknights_pack:animation/aurora.tac.animation.json"
			]
		},
		{
			"model_id": "yingbai_arknights_pack:kirara",
			"is_gecko": true,
			"render_entity_scale": 0.7,
			"description": ["{model.yingbai_arknights_pack.kirara.desc}"],
			"animation": [
				"yingbai_arknights_pack:animation/kirara.main.animation.json",
				"yingbai_arknights_pack:animation/kirara.condition.animation.json",
				"yingbai_arknights_pack:animation/kirara.tac.animation.json"
			],
			"use_sound_pack_id": "kirara_pack"
		},
		{
			"model_id": "yingbai_arknights_pack:popukar",
			"is_gecko": true,
			"use_sound_pack_id": "popukar_pack",
			"animation": [
				"yingbai_arknights_pack:animation/popukar.main.animation.json",
				"yingbai_arknights_pack:animation/popukar.condition.animation.json",
				"yingbai_arknights_pack:animation/popukar.tac.animation.json"
			],
			"render_entity_scale": 0.7,
			"description": ["{model.yingbai_arknights_pack.popukar.desc}"]
		}
	],
	"version": "1.0.6",
	"author": ["映白L"],
	"description": ["{maid_pack.yingbai_arknights_pack.desc}"],
	"date": "2024-05-25",
	"icon": "yingbai_arknights_pack:textures/maid_icon.png"
}