{
	"format_version": "1.8.0",
	"animations": {
		"use_mainhand:eat": {
			"loop": true,
			"animation_length": 1.625,
			"bones": {
				"RightArm": {
					"rotation": {
						"0.0": {
							"post": [-56.85353, -7.60638, 21.49793],
							"lerp_mode": "catmullrom"
						},
						"0.0833": {
							"post": [-71.49209, -11.22687, 34.30477],
							"lerp_mode": "catmullrom"
						},
						"0.25": {
							"post": [-71.49209, -11.22687, 34.30477],
							"lerp_mode": "catmullrom"
						},
						"0.375": {
							"post": [-38.64215, -24.79567, 23.92865],
							"lerp_mode": "catmullrom"
						},
						"0.7083": {
							"post": [-33.53514, -23.72975, 15.15761],
							"lerp_mode": "catmullrom"
						},
						"1.0833": {
							"post": [-35.13104, -23.35842, 14.72356],
							"lerp_mode": "catmullrom"
						},
						"1.4167": {
							"post": [-40.66089, -15.03754, 16.5462],
							"lerp_mode": "catmullrom"
						},
						"1.5833": {
							"post": [-50.53985, -1.69097, 19.98871],
							"lerp_mode": "catmullrom"
						},
						"1.625": {
							"post": [-56.85353, -7.60638, 21.49793],
							"lerp_mode": "catmullrom"
						}
					}
				},
				"RightForeArm": {
					"rotation": {
						"0.0": {
							"post": [-86.5, 0, 0],
							"lerp_mode": "catmullrom"
						},
						"0.0833": {
							"post": [-94, 0, 0],
							"lerp_mode": "catmullrom"
						},
						"0.25": {
							"post": [-94, 0, 0],
							"lerp_mode": "catmullrom"
						},
						"0.2917": {
							"post": [-100.11, 0, 0],
							"lerp_mode": "catmullrom"
						},
						"0.375": {
							"post": [-91.5, 0, 0],
							"lerp_mode": "catmullrom"
						},
						"0.7083": {
							"post": [-86.51, 0, 0],
							"lerp_mode": "catmullrom"
						},
						"1.0833": {
							"post": [-83.39, 0, 0],
							"lerp_mode": "catmullrom"
						},
						"1.4167": {
							"post": [-85.75, 0, 0],
							"lerp_mode": "catmullrom"
						},
						"1.5833": {
							"post": [-70.6, 0, 0],
							"lerp_mode": "catmullrom"
						},
						"1.625": {
							"post": [-86.5, 0, 0],
							"lerp_mode": "catmullrom"
						}
					}
				},
				"Head": {
					"rotation": {
						"0.0": {
							"post": [-7.5, 0, 0],
							"lerp_mode": "catmullrom"
						},
						"0.125": {
							"post": [5, 0, 0],
							"lerp_mode": "catmullrom"
						},
						"0.375": {
							"post": [3.75, 0, 0],
							"lerp_mode": "catmullrom"
						},
						"0.5833": {
							"post": [5, 0, 0],
							"lerp_mode": "catmullrom"
						},
						"0.7917": {
							"post": [3.75, 0, 0],
							"lerp_mode": "catmullrom"
						},
						"1.0": {
							"post": [5, 0, 0],
							"lerp_mode": "catmullrom"
						},
						"1.25": {
							"post": [3.75, 0, 0],
							"lerp_mode": "catmullrom"
						},
						"1.4167": {
							"post": [5, 0, 0],
							"lerp_mode": "catmullrom"
						},
						"1.625": {
							"post": [-7.5, 0, 0],
							"lerp_mode": "catmullrom"
						}
					}
				},
				"RightHandLocator": {
					"position": [0, -1, 0]
				},
				"Zui1": {
					"scale": {
						"0.0": [1, 1, 1],
						"0.5": [1, 1, 1],
						"0.5833": [1, 1, 1],
						"0.7083": [0.9, 1, 1],
						"0.7917": [0.9, 1, 1],
						"0.9167": [1, 1, 1],
						"1.0417": [1, 1, 1],
						"1.2083": [0.9, 1, 1],
						"1.2917": [0.9, 1, 1],
						"1.4167": [1, 1, 1]
					}
				},
				"MRightArm": {
					"rotation": ["-ysm.head_pitch*0.6", "-ysm.head_yaw*(ysm.head_yaw>0?0.5:1)*math.clamp(1-math.abs(ysm.head_pitch)/90,0,1)", "-ysm.head_pitch*0.1"]
				},
				"RightHand": {
					"rotation": [-5, 0, 0]
				}
			}
		},
		"use_offhand:eat": {
			"loop": true,
			"animation_length": 1.625,
			"bones": {
				"LeftArm": {
					"rotation": {
						"0.0": {
							"post": [-56.85353, 7.60638, -21.49793],
							"lerp_mode": "catmullrom"
						},
						"0.0833": {
							"post": [-71.49209, 11.22687, -34.30477],
							"lerp_mode": "catmullrom"
						},
						"0.25": {
							"post": [-71.49209, 11.22687, -34.30477],
							"lerp_mode": "catmullrom"
						},
						"0.375": {
							"post": [-38.64215, 24.79567, -23.92865],
							"lerp_mode": "catmullrom"
						},
						"0.7083": {
							"post": [-33.53514, 23.72975, -15.15761],
							"lerp_mode": "catmullrom"
						},
						"1.0833": {
							"post": [-35.13104, 23.35842, -14.72356],
							"lerp_mode": "catmullrom"
						},
						"1.4167": {
							"post": [-40.66089, 15.03754, -16.5462],
							"lerp_mode": "catmullrom"
						},
						"1.5833": {
							"post": [-50.53985, 1.69097, -19.98871],
							"lerp_mode": "catmullrom"
						},
						"1.625": {
							"post": [-56.85353, 7.60638, -21.49793],
							"lerp_mode": "catmullrom"
						}
					}
				},
				"LeftForeArm": {
					"rotation": {
						"0.0": {
							"post": [-86.5, 0, 0],
							"lerp_mode": "catmullrom"
						},
						"0.0833": {
							"post": [-94, 0, 0],
							"lerp_mode": "catmullrom"
						},
						"0.25": {
							"post": [-94, 0, 0],
							"lerp_mode": "catmullrom"
						},
						"0.2917": {
							"post": [-100.11, 0, 0],
							"lerp_mode": "catmullrom"
						},
						"0.375": {
							"post": [-91.5, 0, 0],
							"lerp_mode": "catmullrom"
						},
						"0.7083": {
							"post": [-86.51, 0, 0],
							"lerp_mode": "catmullrom"
						},
						"1.0833": {
							"post": [-83.39, 0, 0],
							"lerp_mode": "catmullrom"
						},
						"1.4167": {
							"post": [-85.75, 0, 0],
							"lerp_mode": "catmullrom"
						},
						"1.5833": {
							"post": [-70.6, 0, 0],
							"lerp_mode": "catmullrom"
						},
						"1.625": {
							"post": [-86.5, 0, 0],
							"lerp_mode": "catmullrom"
						}
					}
				},
				"Head": {
					"rotation": {
						"0.0": {
							"post": [-7.5, 0, 0],
							"lerp_mode": "catmullrom"
						},
						"0.1667": {
							"post": [5, 0, 0],
							"lerp_mode": "catmullrom"
						},
						"0.375": {
							"post": [3.75, 0, 0],
							"lerp_mode": "catmullrom"
						},
						"0.5833": {
							"post": [5, 0, 0],
							"lerp_mode": "catmullrom"
						},
						"0.7917": {
							"post": [3.75, 0, 0],
							"lerp_mode": "catmullrom"
						},
						"1.0": {
							"post": [5, 0, 0],
							"lerp_mode": "catmullrom"
						},
						"1.2083": {
							"post": [3.75, 0, 0],
							"lerp_mode": "catmullrom"
						},
						"1.4583": {
							"post": [5, 0, 0],
							"lerp_mode": "catmullrom"
						},
						"1.5833": {
							"post": [-7.5, 0, 0],
							"lerp_mode": "catmullrom"
						}
					}
				},
				"LeftHandLocator": {
					"position": [0, -1, 0]
				},
				"Zui1": {
					"scale": {
						"0.0": [1, 1, 1],
						"0.5": [1, 1, 1],
						"0.5833": [1, 1, 1],
						"0.7083": [0.9, 1, 1],
						"0.7917": [0.9, 1, 1],
						"0.9167": [1, 1, 1],
						"1.0417": [1, 1, 1],
						"1.2083": [0.9, 1, 1],
						"1.2917": [0.9, 1, 1],
						"1.4167": [1, 1, 1]
					}
				},
				"MLeftArm": {
					"rotation": ["-ysm.head_pitch*0.6", "-ysm.head_yaw*(ysm.head_yaw<0?0.5:1)*math.clamp(1-math.abs(ysm.head_pitch)/90,0,1)", "ysm.head_pitch*0.1"]
				},
				"LeftHand": {
					"rotation": [-5, 0, 0]
				}
			}
		},
		"use_mainhand:drink": {
			"loop": true,
			"animation_length": 1.5833,
			"bones": {
				"RightArm": {
					"rotation": {
						"0.0": {
							"post": [-10.84904, -6.57421, 9.75071],
							"lerp_mode": "catmullrom"
						},
						"0.0417": [-15.34656, -6.65923, 10.38631],
						"0.0833": [-29.94761, -6.94196, 12.47332],
						"0.125": [-56.0792, -7.45162, 16.21905],
						"0.1667": [-84.8081, -5.43452, 25.02081],
						"0.2083": [-85.52971, -5.43452, 25.02081],
						"0.25": [-86.08648, -5.43452, 25.02081],
						"0.2917": [-86.8081, -5.43452, 25.02081],
						"0.3333": [-86.68618, -5.43452, 25.02081],
						"0.4167": [-85.68002, -5.43452, 25.02081],
						"0.4583": [-85.5581, -5.43452, 25.02081],
						"0.5": [-85.54621, -5.43452, 25.02081],
						"0.5833": [-84.81998, -5.43452, 25.02081],
						"0.625": [-84.8081, -5.43452, 25.02081],
						"0.6667": [-85.12631, -5.43452, 25.02081],
						"0.75": [-85.23988, -5.43452, 25.02081],
						"0.7917": [-85.5581, -5.43452, 25.02081],
						"0.8333": [-86.13518, -5.43452, 25.02081],
						"1.0417": [-88.23102, -5.43452, 25.02081],
						"1.0833": [-88.8081, -5.43452, 25.02081],
						"1.125": [-89.4014, -5.43452, 25.02081],
						"1.2083": [-90.2148, -5.43452, 25.02081],
						"1.25": [-90.8081, -5.43452, 25.02081],
						"1.2917": [-60.28861, -7.45162, 16.21905],
						"1.3333": [-31.78177, -6.94196, 12.47332],
						"1.375": [-15.78537, -6.65923, 10.38631],
						"1.4167": {
							"pre": [-10.84904, -6.57421, 9.75071],
							"post": [-10.84904, -6.57421, 9.75071],
							"lerp_mode": "catmullrom"
						},
						"1.5833": {
							"post": [-10.84904, -6.57421, 9.75071],
							"lerp_mode": "catmullrom"
						}
					}
				},
				"RightForeArm": {
					"rotation": {
						"0.0": {
							"post": [-87.5, 0, 0],
							"lerp_mode": "catmullrom"
						},
						"0.0833": {
							"post": [-81.33, 0, 0],
							"lerp_mode": "catmullrom"
						},
						"0.1667": {
							"post": [-65, 0, 0],
							"lerp_mode": "catmullrom"
						},
						"0.2917": {
							"post": [-63.75, 0, 0],
							"lerp_mode": "catmullrom"
						},
						"0.4583": {
							"post": [-65, 0, 0],
							"lerp_mode": "catmullrom"
						},
						"0.625": {
							"post": [-63.75, 0, 0],
							"lerp_mode": "catmullrom"
						},
						"0.7917": {
							"post": [-65, 0, 0],
							"lerp_mode": "catmullrom"
						},
						"1.0833": {
							"post": [-63.75, 0, 0],
							"lerp_mode": "catmullrom"
						},
						"1.25": {
							"post": [-62.5, 0, 0],
							"lerp_mode": "catmullrom"
						},
						"1.3333": {
							"post": [-81.33, 0, 0],
							"lerp_mode": "catmullrom"
						},
						"1.4167": {
							"post": [-87.5, 0, 0],
							"lerp_mode": "catmullrom"
						},
						"1.5833": {
							"post": [-87.5, 0, 0],
							"lerp_mode": "catmullrom"
						}
					}
				},
				"Head": {
					"rotation": {
						"0.0": {
							"post": [0, 0, 0],
							"lerp_mode": "catmullrom"
						},
						"0.125": {
							"post": [-12.5, 0, 0],
							"lerp_mode": "catmullrom"
						},
						"0.2917": {
							"post": [-16, 0, 0],
							"lerp_mode": "catmullrom"
						},
						"0.4583": {
							"post": [-14.25, 0, 0],
							"lerp_mode": "catmullrom"
						},
						"0.625": {
							"post": [-13, 0, 0],
							"lerp_mode": "catmullrom"
						},
						"0.7917": {
							"post": [-13.75, 0, 0],
							"lerp_mode": "catmullrom"
						},
						"1.0833": {
							"post": [-17.5, 0, 0],
							"lerp_mode": "catmullrom"
						},
						"1.25": {
							"post": [-17.75, 0, 0],
							"lerp_mode": "catmullrom"
						},
						"1.4167": {
							"post": [0, 0, 0],
							"lerp_mode": "catmullrom"
						},
						"1.5833": {
							"post": [0, 0, 0],
							"lerp_mode": "catmullrom"
						}
					}
				},
				"UpperBody": {
					"rotation": {
						"0.0": {
							"post": [0, 0, 0],
							"lerp_mode": "catmullrom"
						},
						"0.1667": {
							"post": [-5, 0, 0],
							"lerp_mode": "catmullrom"
						},
						"0.2917": {
							"post": [-4.25, 0, 0],
							"lerp_mode": "catmullrom"
						},
						"0.4583": {
							"post": [-7.5, 0, 0],
							"lerp_mode": "catmullrom"
						},
						"0.625": {
							"post": [-6.75, 0, 0],
							"lerp_mode": "catmullrom"
						},
						"0.7917": {
							"post": [-10, 0, 0],
							"lerp_mode": "catmullrom"
						},
						"1.0833": {
							"post": [-11.75, 0, 0],
							"lerp_mode": "catmullrom"
						},
						"1.25": {
							"post": [-10, 0, 0],
							"lerp_mode": "catmullrom"
						},
						"1.4167": {
							"post": [0, 0, 0],
							"lerp_mode": "catmullrom"
						},
						"1.5833": {
							"post": [0, 0, 0],
							"lerp_mode": "catmullrom"
						}
					}
				},
				"Zui1": {
					"scale": 1
				},
				"MRightArm": {
					"rotation": ["-ysm.head_pitch*0.45", "-ysm.head_yaw*(ysm.head_yaw>0?0.5:1)*math.clamp(1-math.abs(ysm.head_pitch)/90,0,1)", "-ysm.head_pitch*0.1"]
				},
				"RightHand": {
					"rotation": [
						"-18.5+ysm.head_pitch*0.05+ysm.head_yaw*(ysm.head_yaw<0?0.25:0.1)*math.clamp(1-math.abs(ysm.head_pitch)/90,0,1)",
						"-math.abs(ysm.head_pitch)*0.05",
						0
					]
				}
			}
		},
		"use_offhand:drink": {
			"loop": true,
			"animation_length": 1.5833,
			"bones": {
				"LeftArm": {
					"rotation": {
						"0.0": {
							"post": [-10.84904, 6.57421, -9.75071],
							"lerp_mode": "catmullrom"
						},
						"0.0417": [-15.34656, 6.65923, -10.38631],
						"0.0833": [-29.94761, 6.94196, -12.47332],
						"0.125": [-56.0792, 7.45162, -16.21905],
						"0.1667": [-84.8081, 5.43452, -25.02081],
						"0.2083": [-85.52971, 5.43452, -25.02081],
						"0.25": [-86.08648, 5.43452, -25.02081],
						"0.2917": [-86.8081, 5.43452, -25.02081],
						"0.3333": [-86.68618, 5.43452, -25.02081],
						"0.4167": [-85.68002, 5.43452, -25.02081],
						"0.4583": [-85.5581, 5.43452, -25.02081],
						"0.5": [-85.54621, 5.43452, -25.02081],
						"0.5833": [-84.81998, 5.43452, -25.02081],
						"0.625": [-84.8081, 5.43452, -25.02081],
						"0.6667": [-85.12631, 5.43452, -25.02081],
						"0.75": [-85.23988, 5.43452, -25.02081],
						"0.7917": [-85.5581, 5.43452, -25.02081],
						"0.8333": [-86.13518, 5.43452, -25.02081],
						"1.0417": [-88.23102, 5.43452, -25.02081],
						"1.0833": [-88.8081, 5.43452, -25.02081],
						"1.125": [-89.4014, 5.43452, -25.02081],
						"1.2083": [-90.2148, 5.43452, -25.02081],
						"1.25": [-90.8081, 5.43452, -25.02081],
						"1.2917": [-60.28861, 7.45162, -16.21905],
						"1.3333": [-31.78177, 6.94196, -12.47332],
						"1.375": [-15.78537, 6.65923, -10.38631],
						"1.4167": {
							"pre": [-10.84904, 6.57421, -9.75071],
							"post": [-10.84904, 6.57421, -9.75071],
							"lerp_mode": "catmullrom"
						},
						"1.5833": {
							"post": [-10.84904, 6.57421, -9.75071],
							"lerp_mode": "catmullrom"
						}
					}
				},
				"LeftForeArm": {
					"rotation": {
						"0.0": {
							"post": [-87.5, 0, 0],
							"lerp_mode": "catmullrom"
						},
						"0.0833": {
							"post": [-81.33, 0, 0],
							"lerp_mode": "catmullrom"
						},
						"0.1667": {
							"post": [-65, 0, 0],
							"lerp_mode": "catmullrom"
						},
						"0.2917": {
							"post": [-63.75, 0, 0],
							"lerp_mode": "catmullrom"
						},
						"0.4583": {
							"post": [-65, 0, 0],
							"lerp_mode": "catmullrom"
						},
						"0.625": {
							"post": [-63.75, 0, 0],
							"lerp_mode": "catmullrom"
						},
						"0.7917": {
							"post": [-65, 0, 0],
							"lerp_mode": "catmullrom"
						},
						"1.0833": {
							"post": [-63.75, 0, 0],
							"lerp_mode": "catmullrom"
						},
						"1.25": {
							"post": [-62.5, 0, 0],
							"lerp_mode": "catmullrom"
						},
						"1.3333": {
							"post": [-81.33, 0, 0],
							"lerp_mode": "catmullrom"
						},
						"1.4167": {
							"post": [-87.5, 0, 0],
							"lerp_mode": "catmullrom"
						},
						"1.5833": {
							"post": [-87.5, 0, 0],
							"lerp_mode": "catmullrom"
						}
					}
				},
				"Head": {
					"rotation": {
						"0.0": {
							"post": [0, 0, 0],
							"lerp_mode": "catmullrom"
						},
						"0.125": {
							"post": [-12.5, 0, 0],
							"lerp_mode": "catmullrom"
						},
						"0.2917": {
							"post": [-16, 0, 0],
							"lerp_mode": "catmullrom"
						},
						"0.4583": {
							"post": [-14.25, 0, 0],
							"lerp_mode": "catmullrom"
						},
						"0.625": {
							"post": [-13, 0, 0],
							"lerp_mode": "catmullrom"
						},
						"0.7917": {
							"post": [-13.75, 0, 0],
							"lerp_mode": "catmullrom"
						},
						"1.0833": {
							"post": [-17.5, 0, 0],
							"lerp_mode": "catmullrom"
						},
						"1.25": {
							"post": [-17.75, 0, 0],
							"lerp_mode": "catmullrom"
						},
						"1.4167": {
							"post": [0, 0, 0],
							"lerp_mode": "catmullrom"
						},
						"1.5833": {
							"post": [0, 0, 0],
							"lerp_mode": "catmullrom"
						}
					}
				},
				"UpperBody": {
					"rotation": {
						"0.0": {
							"post": [0, 0, 0],
							"lerp_mode": "catmullrom"
						},
						"0.1667": {
							"post": [-5, 0, 0],
							"lerp_mode": "catmullrom"
						},
						"0.2917": {
							"post": [-4.25, 0, 0],
							"lerp_mode": "catmullrom"
						},
						"0.4583": {
							"post": [-7.5, 0, 0],
							"lerp_mode": "catmullrom"
						},
						"0.625": {
							"post": [-6.75, 0, 0],
							"lerp_mode": "catmullrom"
						},
						"0.7917": {
							"post": [-10, 0, 0],
							"lerp_mode": "catmullrom"
						},
						"1.0833": {
							"post": [-11.75, 0, 0],
							"lerp_mode": "catmullrom"
						},
						"1.25": {
							"post": [-10, 0, 0],
							"lerp_mode": "catmullrom"
						},
						"1.4167": {
							"post": [0, 0, 0],
							"lerp_mode": "catmullrom"
						},
						"1.5833": {
							"post": [0, 0, 0],
							"lerp_mode": "catmullrom"
						}
					}
				},
				"Zui1": {
					"scale": 1
				},
				"MLeftArm": {
					"rotation": ["-ysm.head_pitch*0.45", "-ysm.head_yaw*(ysm.head_yaw<0?0.5:1)*math.clamp(1-math.abs(ysm.head_pitch)/90,0,1)", "ysm.head_pitch*0.1"]
				},
				"LeftHand": {
					"rotation": [
						"-18.5+ysm.head_pitch*0.05-ysm.head_yaw*(ysm.head_yaw>0?0.25:0.1)*math.clamp(1-math.abs(ysm.head_pitch)/90,0,1)",
						"math.abs(ysm.head_pitch)*0.05",
						0
					]
				},
				"LeftHandLocator": {
					"position": [0.5, 0, 0]
				}
			}
		},
		"hold_mainhand:fishing": {
			"loop": true,
			"animation_length": 2,
			"bones": {
				"UpperBody": {
					"rotation": {
						"0.0": [0, 0, 0],
						"0.5417": [-0.27738, 0, 0],
						"1.0": [-0.5, 0, 0],
						"1.5417": [-0.22262, 0, 0],
						"2.0": [0, 0, 0]
					}
				},
				"Head": {
					"rotation": [0, 0, 0]
				},
				"LeftArm": {
					"rotation": {
						"0.0": {
							"post": [-56.72671, 19.95595, 11.62581],
							"lerp_mode": "catmullrom"
						},
						"1.0": {
							"post": [-56.22671, 19.95595, 11.62581],
							"lerp_mode": "catmullrom"
						},
						"2.0": {
							"post": [-56.72671, 19.95595, 11.62581],
							"lerp_mode": "catmullrom"
						}
					}
				},
				"LeftForeArm": {
					"rotation": {
						"0.0": {
							"post": [-17.5, 0, 0],
							"lerp_mode": "catmullrom"
						},
						"2.0": {
							"post": [-17.5, 0, 0],
							"lerp_mode": "catmullrom"
						}
					}
				},
				"LeftHandLocator": {
					"rotation": [55, -15, -25],
					"position": [-0.5, -0.5, 0]
				},
				"RightArm": {
					"rotation": {
						"0.0": [-54.6887, -15.93333, -15.34595],
						"0.5417": [-54.26914, -15.93333, -15.34595],
						"1.0": [-53.9387, -15.93333, -15.34595],
						"1.5417": [-54.35826, -15.93333, -15.34595],
						"2.0": [-54.6887, -15.93333, -15.34595]
					}
				},
				"RightForeArm": {
					"rotation": {
						"0.0": {
							"post": [-20, 0, 0],
							"lerp_mode": "catmullrom"
						},
						"1.0": {
							"post": [-20.5, 0, 0],
							"lerp_mode": "catmullrom"
						},
						"2.0": {
							"post": [-20, 0, 0],
							"lerp_mode": "catmullrom"
						}
					}
				},
				"RightHandLocator": {
					"rotation": [55, 15, 25],
					"position": [1, -0.5, 0]
				}
			}
		},
		"use_mainhand:shield": {
			"loop": true,
			"bones": {
				"MUpperBody": {
					"rotation": ["(!ysm.first_person_mod_hide ? -0.5*ysm.head_pitch)", 0, 0]
				},
				"UpperBody": {
					"rotation": {
						"0.0": {
							"post": ["1.6675+(q.is_swimming?-30)", "-27.448+(ysm.head_yaw<0?-ysm.head_yaw)", -5.46571],
							"lerp_mode": "catmullrom"
						}
					}
				},
				"Head": {
					"rotation": {
						"0.0": {
							"post": ["0.3677+(0.3*ysm.head_pitch)+(q.is_swimming?-40)", "27.4925+(ysm.head_yaw<0?ysm.head_yaw)", 2.6484],
							"lerp_mode": "catmullrom"
						}
					}
				},
				"MRightArm": {
					"rotation": [
						"(ysm.head_pitch>0?(!ysm.first_person_mod_hide?-0.5:-0.35)*ysm.head_pitch)+(q.is_swimming?-40)",
						"(ysm.head_yaw>0?-ysm.head_yaw)",
						"ysm.head_pitch*(ysm.head_pitch>0?0.4:-0.25*(1-(ysm.head_yaw<0?ysm.head_yaw/-45)))"
					]
				},
				"RightArm": {
					"rotation": ["-53.6171+(ysm.first_person_mod_hide ? -10)", "-19.8771+(ysm.first_person_mod_hide ? -10)", 52.1273]
				},
				"RightForeArm": {
					"rotation": [-112.84123, -33.33154, 31.5485]
				},
				"RightHand": {
					"rotation": [0, 0, 0]
				},
				"RightHandLocator": {
					"rotation": [138.67722, 40.96852, 81.58949],
					"position": [-0.00646, -0.93227, -0.1564]
				}
			}
		},
		"use_offhand:shield": {
			"loop": true,
			"animation_length": 0.04167,
			"bones": {
				"MUpperBody": {
					"rotation": ["(!ysm.first_person_mod_hide ? -0.5*ysm.head_pitch)", 0, 0]
				},
				"UpperBody": {
					"rotation": {
						"0.0": {
							"post": ["1.6675+(q.is_swimming?-30)", "27.448+(ysm.head_yaw>0?-ysm.head_yaw)", 5.4657],
							"lerp_mode": "catmullrom"
						}
					}
				},
				"Head": {
					"rotation": {
						"0.0": {
							"post": ["0.3677+(0.3*ysm.head_pitch)+(q.is_swimming?-40)", "-27.4925+(ysm.head_yaw>0?ysm.head_yaw)", -2.6484],
							"lerp_mode": "catmullrom"
						}
					}
				},
				"MLeftArm": {
					"rotation": [
						"(ysm.head_pitch>0?(!ysm.first_person_mod_hide?-0.5:-0.35)*ysm.head_pitch)+(q.is_swimming?-40)",
						"(ysm.head_yaw<0?-ysm.head_yaw)",
						"(-ysm.head_pitch*(ysm.head_pitch>0?0.4:-0.25*(1-(ysm.head_yaw>0?ysm.head_yaw/45))))"
					]
				},
				"LeftArm": {
					"rotation": ["-53.617+(ysm.first_person_mod_hide ? -10)", "19.877+(ysm.first_person_mod_hide ? 10)", -52.1272]
				},
				"LeftForeArm": {
					"rotation": [-112.8412, 33.3315, -31.5485]
				},
				"LeftHand": {
					"rotation": [0, 0, 0]
				},
				"LeftHandLocator": {
					"rotation": [138.6772, -40.9685, -81.5895],
					"position": [1.03146, -0.13227, 0.3586]
				}
			}
		},
		"use_mainhand:spear": {
			"loop": "hold_on_last_frame",
			"animation_length": 60,
			"bones": {
				"AllBody": {
					"rotation": [0, "(ysm.head_yaw<0)?(-ysm.head_yaw):(0)", 0]
				},
				"MFoot": {
					"rotation": [0, 0, 0]
				},
				"MUpperBody": {
					"rotation": [0, 0, 0]
				},
				"UpperBody": {
					"rotation": {
						"0.0": {
							"post": [0, 24.97457, 0],
							"lerp_mode": "catmullrom"
						},
						"0.5": {
							"post": ["!ysm.first_person_mod_hide ? -0.2*ysm.head_pitch", "(ysm.head_yaw>0)?(-ysm.head_yaw+35.1606):(35.1606)", "-0.1*ysm.head_pitch"],
							"lerp_mode": "catmullrom"
						}
					}
				},
				"MHead": {
					"rotation": [0, 0, 0]
				},
				"Head": {
					"rotation": {
						"0.0": {
							"post": [0, -20, 0],
							"lerp_mode": "catmullrom"
						},
						"0.5": {
							"post": ["!ysm.first_person_mod_hide ? 0.2*ysm.head_pitch", "ysm.head_yaw-ysm.head_pitch/5-35", 0],
							"lerp_mode": "catmullrom"
						}
					}
				},
				"Arm": {
					"rotation": {
						"0.0": [0, 0, 0],
						"0.5": ["-0.7*ysm.head_pitch", 0, "-ysm.head_pitch/5"]
					}
				},
				"LeftArm": {
					"rotation": {
						"0.0": {
							"post": [-9.9136, -0.11264, -1.29876],
							"lerp_mode": "catmullrom"
						},
						"0.5": {
							"post": [-64.12934, -30, -7.78321],
							"lerp_mode": "catmullrom"
						}
					}
				},
				"LeftForeArm": {
					"rotation": {
						"0.0": {
							"post": [-27.5, 0, 0],
							"lerp_mode": "catmullrom"
						},
						"0.5": {
							"post": [-20, 0, 0],
							"lerp_mode": "catmullrom"
						}
					}
				},
				"RightArm": {
					"rotation": {
						"0.0": {
							"post": [15.14334, -17.34551, 7.85952],
							"lerp_mode": "catmullrom"
						},
						"0.5": {
							"post": [-6.27156, 75.77567, 70.72033],
							"lerp_mode": "catmullrom"
						}
					}
				},
				"RightForeArm": {
					"rotation": {
						"0.0": {
							"post": [-7.5, 0, 0],
							"lerp_mode": "catmullrom"
						},
						"0.5": {
							"post": [-79.6859, -17.2294, 58.4333],
							"lerp_mode": "catmullrom"
						}
					}
				},
				"RightHandLocator": {
					"rotation": {
						"0.0": {
							"post": [120, 0, 0],
							"lerp_mode": "catmullrom"
						},
						"0.5": {
							"post": [180, 0, 0],
							"lerp_mode": "catmullrom"
						}
					},
					"position": {
						"0.0": [0, 0, 0],
						"0.5": [0, 0, -10]
					}
				},
				"MLeftFoot": {
					"rotation": [0, 0, 0]
				},
				"MRightFoot": {
					"rotation": [0, 0, 0]
				}
			}
		},
		"use_offhand:spear": {
			"loop": "hold_on_last_frame",
			"animation_length": 60,
			"bones": {
				"AllBody": {
					"rotation": [0, "(ysm.head_yaw>0)?(-ysm.head_yaw):(0)", 0]
				},
				"MFoot": {
					"rotation": [0, 0, 0]
				},
				"MUpperBody": {
					"rotation": [0, 0, 0]
				},
				"UpperBody": {
					"rotation": {
						"0.0": {
							"post": [1.16524, -24.97457, -2.75806],
							"lerp_mode": "catmullrom"
						},
						"0.5": {
							"post": ["!ysm.first_person_mod_hide ? -0.2*ysm.head_pitch", "(ysm.head_yaw<0)?(-ysm.head_yaw-35.1606):(-35.1606)", "-0.1*ysm.head_pitch"],
							"lerp_mode": "catmullrom"
						}
					}
				},
				"MHead": {
					"rotation": [0, 0, 0]
				},
				"Head": {
					"rotation": {
						"0.0": {
							"post": [0, 20, 0],
							"lerp_mode": "catmullrom"
						},
						"0.5": {
							"post": ["!ysm.first_person_mod_hide ? 0.2*ysm.head_pitch", "ysm.head_yaw-ysm.head_pitch/5+35", 0],
							"lerp_mode": "catmullrom"
						}
					},
					"position": {
						"0.0": {
							"post": [0, 0, 0],
							"lerp_mode": "catmullrom"
						}
					}
				},
				"Arm": {
					"rotation": {
						"0.0": ["-0.7*ysm.head_pitch", 0, 0],
						"0.5": ["-0.7*ysm.head_pitch", 0, "ysm.head_pitch/5"]
					}
				},
				"LeftArm": {
					"rotation": {
						"0.0": {
							"post": [15.14334, 17.34551, -7.85952],
							"lerp_mode": "catmullrom"
						},
						"0.5833": {
							"post": [70.0273, -40.73565, -124.15801],
							"lerp_mode": "catmullrom"
						}
					}
				},
				"LeftForeArm": {
					"rotation": {
						"0.0": {
							"post": [-7.5, 0, 0],
							"lerp_mode": "catmullrom"
						},
						"0.5833": {
							"post": [-87.83459, 1.2497, -29.97638],
							"lerp_mode": "catmullrom"
						}
					}
				},
				"LeftHandLocator": {
					"rotation": {
						"0.0": {
							"post": [120, 0, 0],
							"lerp_mode": "catmullrom"
						},
						"0.5833": {
							"post": [180, 0, 0],
							"lerp_mode": "catmullrom"
						}
					},
					"position": {
						"0.0": [0, 0, 0],
						"0.5833": [0, 0, -10]
					}
				},
				"RightArm": {
					"rotation": {
						"0.0": {
							"post": [-9.9136, 0.11264, 1.29876],
							"lerp_mode": "catmullrom"
						},
						"0.5833": {
							"post": [-64.12934, 30, 7.7832],
							"lerp_mode": "catmullrom"
						}
					}
				},
				"RightForeArm": {
					"rotation": {
						"0.0": {
							"post": [-27.5, 0, 0],
							"lerp_mode": "catmullrom"
						},
						"0.5833": {
							"post": [-20, 0, 0],
							"lerp_mode": "catmullrom"
						}
					}
				},
				"RightHandLocator": {
					"rotation": {
						"0.0": {
							"post": [92.5, 0, 0],
							"lerp_mode": "catmullrom"
						},
						"0.5833": {
							"post": [257.5, 0, 0],
							"lerp_mode": "catmullrom"
						}
					}
				},
				"MLeftFoot": {
					"rotation": [0, 0, 0]
				},
				"MRightFoot": {
					"rotation": [0, 0, 0]
				}
			}
		},
		"swing:sword": {
			"animation_length": 1.5833,
			"bones": {
				"UpBody": {
					"rotation": {
						"0.0": {
							"post": [0, 0, 0],
							"lerp_mode": "catmullrom"
						}
					}
				},
				"UpperBody": {
					"rotation": {
						"0.0": {
							"post": [
								"(v.qh==1?(0)) + (v.qh==2?(15)) + (v.jump?(-20));",
								"(v.qh==1?(15)) + (v.qh==2?(-40)) + (v.jump?(0));",
								"(v.qh==1?(0)) + (v.qh==2?(0)) + (v.jump?(0));"
							],
							"lerp_mode": "catmullrom"
						},
						"0.0417": {
							"post": [
								"(v.qh==1?(0.117)) + (v.qh==2?(15)) + (v.jump?(7.06));",
								"(v.qh==1?(14.7352)) + (v.qh==2?(-50)) + (v.jump?(0));",
								"(v.qh==1?(0)) + (v.qh==2?(7)) + (v.jump?(0));"
							],
							"lerp_mode": "catmullrom"
						},
						"0.0833": {
							"post": [
								"(v.qh==1?(4.8851)) + (v.qh==2?(-5)) + (v.jump?(30.53));",
								"(v.qh==1?(2.1551)) + (v.qh==2?(-45)) + (v.jump?(0));",
								"(v.qh==1?(0)) + (v.qh==2?(10)) + (v.jump?(0));"
							],
							"lerp_mode": "catmullrom"
						},
						"0.1667": {
							"post": [
								"(v.qh==1?(15)) + (v.qh==2?(15)) + (v.jump?(36));",
								"(v.qh==1?(-40)) + (v.qh==2?(25)) + (v.jump?(0));",
								"(v.qh==1?(0)) + (v.qh==2?(5)) + (v.jump?(0));"
							],
							"lerp_mode": "catmullrom"
						},
						"0.2917": {
							"post": [
								"(v.qh==1?(15)) + (v.qh==2?(15)) + (v.jump?(36));",
								"(v.qh==1?(-40)) + (v.qh==2?(25)) + (v.jump?(0));",
								"(v.qh==1?(0)) + (v.qh==2?(5)) + (v.jump?(0));"
							],
							"lerp_mode": "catmullrom"
						},
						"0.5": {
							"post": [
								"(v.qh==1?(15)) + (v.qh==2?(15)) + (v.jump?(36));",
								"(v.qh==1?(-40)) + (v.qh==2?(25)) + (v.jump?(0));",
								"(v.qh==1?(0)) + (v.qh==2?(5)) + (v.jump?(0));"
							],
							"lerp_mode": "catmullrom"
						},
						"0.75": {
							"post": [
								"(v.qh==1?(15)) + (v.qh==2?(15)) + (v.jump?(36));",
								"(v.qh==1?(-40)) + (v.qh==2?(25)) + (v.jump?(0));",
								"(v.qh==1?(0)) + (v.qh==2?(5)) + (v.jump?(0));"
							],
							"lerp_mode": "catmullrom"
						},
						"1.0833": {
							"post": [0, 0, 0],
							"lerp_mode": "catmullrom"
						},
						"1.5": {
							"post": [0, 0, 0],
							"lerp_mode": "catmullrom"
						}
					}
				},
				"Head": {
					"rotation": {
						"0.0": {
							"post": [0, 0, 0],
							"lerp_mode": "catmullrom"
						}
					}
				},
				"RightArm": {
					"rotation": {
						"0.0": {
							"post": [
								"(v.qh==1?(-167.20517)) + (v.qh==2?(-90)) + (v.jump?(-167.20517));",
								"(v.qh==1?(2.72842)) + (v.qh==2?(0)) + (v.jump?(2.72842));",
								"(v.qh==1?(-76.30+v.random)) + (v.qh==2?(26.30+v.random)) + (v.jump?(-33.2615));"
							],
							"lerp_mode": "catmullrom"
						},
						"0.0833": {
							"post": [
								"(v.qh==1?(-160)) + (v.qh==2?(-85.81279)) + (v.jump?(-150));",
								"(v.qh==1?(1.52)) + (v.qh==2?(8.70714)) + (v.jump?(1.52));",
								"(v.qh==1?(-76.30+v.random)) + (v.qh==2?(57.3866+v.random)) + (v.jump?(-18.59));"
							],
							"lerp_mode": "catmullrom"
						},
						"0.1667": {
							"post": [
								"(v.qh==1?(-60)) + (v.qh==2?(10.3)) + (v.jump?(-60));",
								"(v.qh==1?(0)) + (v.qh==2?(-4.62151)) + (v.jump?(0));",
								"(v.qh==1?(-76.30+v.random)) + (v.qh==2?(55.4899+v.random)) + (v.jump?(-7.4954));"
							],
							"lerp_mode": "catmullrom"
						},
						"0.25": {
							"post": [
								"(v.qh==1?(-60)) + (v.qh==2?(10.3)) + (v.jump?(-40));",
								"(v.qh==1?(0)) + (v.qh==2?(-4.62151)) + (v.jump?(0));",
								"(v.qh==1?(-76.30+v.random)) + (v.qh==2?(55.4899+v.random)) + (v.jump?(-7.4954));"
							],
							"lerp_mode": "catmullrom"
						},
						"0.75": {
							"post": [
								"(v.qh==1?(-60)) + (v.qh==2?(5.3)) + (v.jump?(-37.2289));",
								"(v.qh==1?(0)) + (v.qh==2?(-4.62151)) + (v.jump?(0));",
								"(v.qh==1?(-76.30+v.random)) + (v.qh==2?(55.4899+v.random)) + (v.jump?(-7.4954));"
							],
							"lerp_mode": "catmullrom"
						},
						"1.0": {
							"post": [-85.22452, -2.75181, 56.00523],
							"lerp_mode": "catmullrom"
						},
						"1.4167": {
							"post": [-85.22452, -2.75181, 56.00523],
							"lerp_mode": "catmullrom"
						},
						"1.5": {
							"post": [10, 0, 7.5],
							"lerp_mode": "catmullrom"
						}
					}
				},
				"RightForeArm": {
					"rotation": {
						"0.0": {
							"post": [
								"(v.qh==1?(-90)) + (v.qh==2?(0)) + (v.jump?(-90));",
								"(v.qh==1?(0)) + (v.qh==2?(0)) + (v.jump?(0));",
								"(v.qh==1?(0)) + (v.qh==2?(0)) + (v.jump?(0));"
							],
							"lerp_mode": "catmullrom"
						},
						"0.0833": {
							"post": [
								"(v.qh==1?(-81)) + (v.qh==2?(-47.5)) + (v.jump?(-14));",
								"(v.qh==1?(0)) + (v.qh==2?(0)) + (v.jump?(0));",
								"(v.qh==1?(0)) + (v.qh==2?(0)) + (v.jump?(0));"
							],
							"lerp_mode": "catmullrom"
						},
						"0.1667": {
							"post": [
								"(v.qh==1?(-12)) + (v.qh==2?(0)) + (v.jump?(-2.25));",
								"(v.qh==1?(0)) + (v.qh==2?(0)) + (v.jump?(0));",
								"(v.qh==1?(0)) + (v.qh==2?(0)) + (v.jump?(0));"
							],
							"lerp_mode": "catmullrom"
						},
						"0.25": {
							"post": [
								"(v.qh==1?(-1)) + (v.qh==2?(-1)) + (v.jump?(0));",
								"(v.qh==1?(0)) + (v.qh==2?(0)) + (v.jump?(0));",
								"(v.qh==1?(0)) + (v.qh==2?(0)) + (v.jump?(0));"
							],
							"lerp_mode": "catmullrom"
						},
						"0.75": {
							"post": [0, 0, 0],
							"lerp_mode": "catmullrom"
						},
						"1.0": {
							"post": [
								"(v.qh==1?(-7)) + (v.qh==2?(-7)) + (v.jump?(0));",
								"(v.qh==1?(0)) + (v.qh==2?(0)) + (v.jump?(0));",
								"(v.qh==1?(0)) + (v.qh==2?(0)) + (v.jump?(0));"
							],
							"lerp_mode": "catmullrom"
						},
						"1.4167": {
							"post": [-53.05557, 11.85986, 26.95579],
							"lerp_mode": "catmullrom"
						},
						"1.5": {
							"post": [0, 30, 0],
							"lerp_mode": "catmullrom"
						}
					}
				},
				"RightHand": {
					"rotation": {
						"0.0": {
							"post": ["(v.qh==1?(0)) + (v.qh==2?(60)) + (v.jump?(0));", 0, 0],
							"lerp_mode": "catmullrom"
						},
						"0.0417": {
							"post": [5.41554, 0, 0],
							"lerp_mode": "catmullrom"
						},
						"0.0833": {
							"post": [20.91542, 0, 0],
							"lerp_mode": "catmullrom"
						},
						"0.125": {
							"post": [54.33, 0, 0],
							"lerp_mode": "catmullrom"
						},
						"0.2083": {
							"post": [59.78506, 0, 0],
							"lerp_mode": "catmullrom"
						},
						"0.2917": {
							"post": [60, 0, 0],
							"lerp_mode": "catmullrom"
						},
						"0.5": {
							"post": [60, 0, 0],
							"lerp_mode": "catmullrom"
						},
						"0.75": {
							"post": [60, 0, 0],
							"lerp_mode": "catmullrom"
						},
						"1.4167": {
							"post": [30.59, 0, 0],
							"lerp_mode": "catmullrom"
						},
						"1.5": {
							"post": [17.5, 0, 0],
							"lerp_mode": "catmullrom"
						}
					}
				}
			},
			"timeline": {
				"0.0": ["v.jump=q.is_jumping;", "v.qh=!v.jump?v.qh2+1+(v.qh2>=2?-v.qh2);", "v.random=math.random(-30,v.qh==1?30:10);"],
				"0.0833": "v.qh2=v.qh;",
				"1.5417": ["v.qh=0;", "v.qh2=0;"]
			}
		},
		"swing:spear": {
			"animation_length": 0.75,
			"bones": {
				"RightArm": {
					"rotation": {
						"0.0": ["v.qh?25:-120", 0, 70],
						"0.0833": {
							"pre": ["v.qh?-71.67:-40", 0, 70],
							"post": ["v.qh?-71.67:-40", 0, 70],
							"lerp_mode": "catmullrom"
						},
						"0.1667": {
							"post": ["v.qh?-120:0", 0, 70],
							"lerp_mode": "catmullrom"
						},
						"0.25": {
							"post": ["v.qh?-120:0", 0, 70],
							"lerp_mode": "catmullrom"
						},
						"0.5": {
							"post": ["v.qh?-120:0", 0, 70],
							"lerp_mode": "catmullrom"
						},
						"0.75": {
							"post": ["v.qh?-120:0", 0, 70],
							"lerp_mode": "catmullrom"
						}
					}
				},
				"RightForeArm": {
					"rotation": {
						"0.0": ["v.qh?0:-45", "v.qh?180", 0],
						"0.0833": {
							"pre": ["v.qh?0:-15", "v.qh?180:0", 0],
							"post": ["v.qh?0:-15", "v.qh?180:0", 0],
							"lerp_mode": "catmullrom"
						},
						"0.1667": {
							"post": ["v.qh?0:0", "v.qh?180:0", 0],
							"lerp_mode": "catmullrom"
						},
						"0.25": {
							"post": ["v.qh?0:0", "v.qh?180:0", 0],
							"lerp_mode": "catmullrom"
						},
						"0.5": {
							"post": ["v.qh?0:0", "v.qh?180:0", 0],
							"lerp_mode": "catmullrom"
						},
						"0.75": {
							"post": ["v.qh?0:0", "v.qh?180:0", 0],
							"lerp_mode": "catmullrom"
						}
					}
				},
				"RightHand": {
					"rotation": {
						"0.0": [0, 0, 0],
						"0.5": [0, 0, 0],
						"0.75": [0, 0, 0]
					}
				},
				"RightHandLocator": {
					"rotation": {
						"0.0": [27.62113, 12.19908, -21.99054],
						"0.5": [27.62, 12.2, -21.99],
						"0.75": [27.62, 12.2, -21.99]
					},
					"position": {
						"0.0": [0, -4, -8],
						"0.5": [0, -4, -8],
						"0.75": [0, -4, -8]
					},
					"scale": {
						"0.0": [1, 1, 1.5],
						"0.5": [1, 1, 1.5],
						"0.75": [1, 1, 1.5]
					}
				},
				"UpBody": {
					"rotation": {
						"0.0": [0, 0, 0],
						"0.5": [0, 0, 0],
						"0.75": [0, 0, 0]
					}
				},
				"UpperBody": {
					"rotation": {
						"0.0": {
							"post": ["-ysm.head_pitch*0.3", "v.qh?30:-30", 0],
							"lerp_mode": "catmullrom"
						},
						"0.0833": {
							"post": ["-ysm.head_pitch*0.3", "v.qh?-36.24:10", 0],
							"lerp_mode": "catmullrom"
						},
						"0.1667": {
							"post": ["-ysm.head_pitch*0.3", "v.qh?-60:30", 0],
							"lerp_mode": "catmullrom"
						},
						"0.25": {
							"post": ["-ysm.head_pitch*0.3", "v.qh?-60:30", 0],
							"lerp_mode": "catmullrom"
						},
						"0.5": {
							"post": ["-ysm.head_pitch*0.3", "v.qh?-60:30", 0],
							"lerp_mode": "catmullrom"
						},
						"0.75": {
							"post": ["-ysm.head_pitch*0.3", "v.qh?-60:30", 0],
							"lerp_mode": "catmullrom"
						}
					}
				},
				"Head": {
					"rotation": ["ysm.head_pitch*0.3", 0, 0]
				}
			},
			"timeline": {
				"0.0": "v.qh=1-v.qh2;",
				"0.125": "v.qh2=v.qh;"
			}
		},
		"swing:axe": {
			"loop": "hold_on_last_frame",
			"animation_length": 1.5,
			"bones": {
				"RightArm": {
					"rotation": {
						"0.0": [-167.20517, 2.72842, "v.jump?-33.2615:-90+v.random"],
						"0.0833": {
							"pre": ["v.jump?-150:-80", 1.52, "v.jump?-18.59:-90+v.random"],
							"post": ["v.jump?-150:-80", 1.52, "v.jump?-18.59:-90+v.random"],
							"lerp_mode": "catmullrom"
						},
						"0.1667": {
							"post": ["v.jump?-60:-60", 0, "v.jump?-7.4954:-90+v.random"],
							"lerp_mode": "catmullrom"
						},
						"0.25": ["v.jump?-40:-60", 0, "v.jump?-7.4954:-90+v.random"],
						"0.75": ["v.jump?-37.2289:-60", 0, "v.jump?-7.4954:-90+v.random"],
						"1.0": {
							"pre": [-32.0732, -8.04462, -2.83472],
							"post": [-32.0732, -8.04462, -2.83472],
							"lerp_mode": "catmullrom"
						},
						"1.2917": {
							"post": [-16.66027, -8.27387, 2.29684],
							"lerp_mode": "catmullrom"
						},
						"1.5": {
							"post": [10, 0, 0],
							"lerp_mode": "catmullrom"
						}
					}
				},
				"RightForeArm": {
					"rotation": {
						"0.0": {
							"post": [-90, 0, 0],
							"lerp_mode": "catmullrom"
						},
						"0.0833": {
							"post": [-14, 0, 0],
							"lerp_mode": "catmullrom"
						},
						"0.25": {
							"post": [0, 0, 0],
							"lerp_mode": "catmullrom"
						},
						"0.75": {
							"post": [0, 0, 0],
							"lerp_mode": "catmullrom"
						},
						"1.0": {
							"post": [0, 0, 0],
							"lerp_mode": "catmullrom"
						},
						"1.2917": {
							"post": [-34.3222, 7.54336, -1.11695],
							"lerp_mode": "catmullrom"
						},
						"1.5": {
							"post": [-52.5, 0, 0],
							"lerp_mode": "catmullrom"
						}
					}
				},
				"RightHand": {
					"rotation": {
						"0.0": {
							"post": [0, 0, 0],
							"lerp_mode": "catmullrom"
						},
						"0.0417": {
							"post": [5.41554, 0, 0],
							"lerp_mode": "catmullrom"
						},
						"0.0833": {
							"post": [20.91542, 0, 0],
							"lerp_mode": "catmullrom"
						},
						"0.125": {
							"post": [54.33, 0, 0],
							"lerp_mode": "catmullrom"
						},
						"0.2083": {
							"post": [59.78506, 0, 0],
							"lerp_mode": "catmullrom"
						},
						"0.2917": [60, 0, 0],
						"0.5": [60, 0, 0],
						"0.75": {
							"pre": [60, 0, 0],
							"post": [60, 0, 0],
							"lerp_mode": "catmullrom"
						},
						"1.2917": {
							"post": [20.59, 0, 0],
							"lerp_mode": "catmullrom"
						},
						"1.5": {
							"post": [0, 0, 0],
							"lerp_mode": "catmullrom"
						}
					}
				},
				"UpBody": {
					"rotation": [0, 0, 0]
				},
				"UpperBody": {
					"rotation": {
						"0.0": ["v.jump?-20:0", "v.jump?0:15", 0],
						"0.0417": {
							"pre": ["v.jump?7.06:0.117", "v.jump?0:14.7352", 0],
							"post": ["v.jump?7.06:0.117", "v.jump?0:14.7352", 0],
							"lerp_mode": "catmullrom"
						},
						"0.0833": {
							"post": ["v.jump?30.53:4.8851", "v.jump?0:2.1551", 0],
							"lerp_mode": "catmullrom"
						},
						"0.1667": {
							"post": ["v.jump?36:15", "v.jump?0:-40", 0],
							"lerp_mode": "catmullrom"
						},
						"0.2917": ["v.jump?36:15", "v.jump?0:-40", 0],
						"0.5": {
							"pre": ["v.jump?36:15", "v.jump?0:-40", 0],
							"post": ["v.jump?36:15", "v.jump?0:-40", 0],
							"lerp_mode": "catmullrom"
						},
						"0.75": {
							"post": ["v.jump?36:15", "v.jump?0:-40", 0],
							"lerp_mode": "catmullrom"
						},
						"1.0833": {
							"post": [0, 0, 0],
							"lerp_mode": "catmullrom"
						},
						"1.5": {
							"post": [0, 0, 0],
							"lerp_mode": "catmullrom"
						}
					}
				}
			},
			"timeline": {
				"0.0": ["v.jump=q.is_jumping;", "v.random=math.random(-30,30);"]
			}
		},
		"use_mainhand:bow": {
			"loop": "hold_on_last_frame",
			"animation_length": 1000,
			"bones": {
				"View": {
					"position": {
						"0.0": ["ysm.first_person_mod_hide ? 2.25*(-ysm.head_yaw/45)", 0, "ysm.first_person_mod_hide ? -1.5+0.5*-math.abs(ysm.head_yaw/45)"],
						"1.0": [
							"ysm.first_person_mod_hide ? 2.25*(-ysm.head_yaw/45)+(ysm.head_yaw>0 ? ysm.head_yaw/10*(math.max(0, ysm.head_pitch)/90))",
							0,
							"ysm.first_person_mod_hide ? -2.5+0.5*-math.abs(ysm.head_yaw/45)-((ysm.head_pitch+90)/22.5)+(ysm.head_yaw>0 ? ysm.head_yaw/7.5*(math.max(0, ysm.head_pitch)/90))"
						]
					}
				},
				"AllBody": {
					"rotation": [
						0,
						"!(v.climbing||q.is_swimming) ? (v.elytra ? (!ysm.first_person_mod_hide ? 1.5*v.L6_P0-0.4*v.L4_P0) : (ysm.head_yaw>0?(ysm.first_person_mod_hide?1:0.9)*-ysm.head_yaw))",
						"!ysm.first_person_mod_hide ? q.is_swimming||v.elytra ? 0.6*v.L6_P0"
					]
				},
				"UpperBody": {
					"rotation": {
						"0.0": {
							"post": [
								"v.climbing||v.elytra||q.is_swimming ? -15 : 5.0698",
								"v.climbing||v.elytra||q.is_swimming ? 0 : -32.5813",
								"v.climbing||v.elytra||q.is_swimming ? 0 : -5.1234"
							],
							"lerp_mode": "catmullrom"
						},
						"0.5": {
							"post": [
								"v.climbing||v.elytra||q.is_swimming ? -15 : -3.3031",
								"v.climbing||v.elytra||q.is_swimming ? 0 : (ysm.head_yaw<0)?(-35-0.4*ysm.head_yaw):(-35)",
								"v.climbing||v.elytra||q.is_swimming ? 0 : 0.8413"
							],
							"lerp_mode": "catmullrom"
						},
						"1.0": {
							"post": [
								"v.climbing||v.elytra||q.is_swimming ? -15 : -3.9489",
								"v.climbing||v.elytra||q.is_swimming ? 0 : (ysm.head_yaw<0)?(-37.4888-0.8*ysm.head_yaw):(-37.4888)",
								"v.climbing||v.elytra||q.is_swimming ? 0 : 1.506"
							],
							"lerp_mode": "catmullrom"
						}
					}
				},
				"MHead": {
					"rotation": {
						"0.0": {
							"post": [0, "q.is_swimming||v.climbing ? ysm.head_yaw", 0],
							"lerp_mode": "catmullrom"
						},
						"0.5": {
							"post": [0, "q.is_swimming||v.climbing ? ysm.head_yaw : 0.5*ysm.head_yaw", 0],
							"lerp_mode": "catmullrom"
						},
						"1.0": {
							"post": [0, "ysm.head_yaw", 0],
							"lerp_mode": "catmullrom"
						}
					}
				},
				"Head": {
					"rotation": {
						"0.0": {
							"post": [
								"v.climbing||v.elytra ? -60 : q.is_swimming ? -27.5 : 13.0859",
								"!(q.is_swimming||v.climbing||v.elytra) ? 24.5204",
								"!(q.is_swimming||v.climbing||v.elytra) ? 15.6374"
							],
							"lerp_mode": "catmullrom"
						},
						"0.5": {
							"post": [
								"v.climbing||v.elytra ? -60 : q.is_swimming ? -27.5 : 10.8757+0.1*ysm.head_pitch+(q.is_sprinting ? -10)",
								"!(q.is_swimming||v.climbing||v.elytra) ? 30.2536",
								"!(q.is_swimming||v.climbing||v.elytra) ? 5.7767"
							],
							"lerp_mode": "catmullrom"
						},
						"1.0": {
							"post": [
								"v.climbing||v.elytra ? -60 : q.is_swimming ? -27.5 : 6.2972+0.3*ysm.head_pitch+(q.is_sprinting ? -20)",
								"!(q.is_swimming||v.climbing||v.elytra) ? 31.8841",
								"!(q.is_swimming||v.climbing||v.elytra) ? 6.4571"
							],
							"lerp_mode": "catmullrom"
						}
					}
				},
				"Arm": {
					"rotation": {
						"0.0": ["v.climbing||v.elytra ? -110 : q.is_swimming ? -70", 0, 0],
						"1.0": [
							"v.climbing||v.elytra ? -75 : q.is_swimming ? -55 : math.min(-ysm.head_pitch*(ysm.head_pitch<0 ? 1 : (ysm.first_person_mod_hide ? 0.8 : 0.5)), 60)+(q.is_sprinting ? -15)",
							"v.climbing||v.elytra ? -5 : q.is_swimming ? -20 : (math.clamp(ysm.head_pitch/90, -1, 1)*(ysm.head_pitch<0?-18:12.5))+(math.clamp(ysm.head_pitch/90,0,1)*math.clamp(ysm.head_yaw/-45,0,1)*-10)",
							"v.climbing||v.elytra||q.is_swimming ? 25 : (ysm.head_pitch/(ysm.head_pitch>0?2.5:3))+(math.clamp(ysm.head_pitch/90,0,1)*math.clamp(ysm.head_yaw/-45,0,1)*15)+(q.is_sprinting ? 10)"
						]
					}
				},
				"LeftArm": {
					"rotation": {
						"0.0": {
							"post": [-51.1309, 33.6397, -57.0131],
							"lerp_mode": "catmullrom"
						},
						"0.5": {
							"post": [-37.3116, 14.7367, -66.1183],
							"lerp_mode": "catmullrom"
						},
						"1.0": {
							"post": [10.2139, 4.14157, -71.57789],
							"lerp_mode": "catmullrom"
						}
					},
					"position": [0, 0, 0]
				},
				"LeftForeArm": {
					"rotation": {
						"0.0": {
							"post": [-72.5, 0, 0],
							"lerp_mode": "catmullrom"
						},
						"0.5": {
							"post": [-97.5, 0, 0],
							"lerp_mode": "catmullrom"
						},
						"1.0": {
							"post": [-155, 0, 0],
							"lerp_mode": "catmullrom"
						}
					}
				},
				"LeftHand": {
					"rotation": [0, 0, 0]
				},
				"RightArm": {
					"rotation": {
						"0.0": {
							"post": [-51.4704, 7.4448, -28.9102],
							"lerp_mode": "catmullrom"
						},
						"0.5": {
							"post": [-81.27299, 9.72046, -14.80126],
							"lerp_mode": "catmullrom"
						},
						"1.0": {
							"post": [-86.36934, 17.4978, -19.68327],
							"lerp_mode": "catmullrom"
						}
					},
					"position": [0, 0, 0]
				},
				"RightForeArm": {
					"rotation": {
						"0.0": {
							"post": [-5, 0, 0],
							"lerp_mode": "catmullrom"
						},
						"0.5": {
							"post": [0, 0, 0],
							"lerp_mode": "catmullrom"
						},
						"1.0": {
							"post": [0, 0, 0],
							"lerp_mode": "catmullrom"
						}
					}
				},
				"RightHand": {
					"rotation": [0, 0, 0]
				},
				"RightHandLocator": {
					"rotation": {
						"0.0": [0, 0, 47.5],
						"0.5": [0, 0, 47.5],
						"1.0": [2.47864, 0.32621, 22.50706]
					},
					"position": {
						"0.0": [0, 0, 0],
						"0.5": [2, 1, 0],
						"1.0": [2, 2, 0]
					},
					"scale": {
						"0.0": [1, 1, 1],
						"0.5": [1.5, 1.5, 1.5],
						"1.0": [2, 2, 2]
					}
				},
				"Hip": {
					"rotation": {
						"0.0": [0, -16, 0],
						"0.5": [-1.59176, "(ysm.head_yaw<0)?(-17.5-0.25*ysm.head_yaw):-17.5", 2.96346],
						"1.0": [-2.33722, "(ysm.head_yaw<0)?(-20-0.5*ysm.head_yaw):-20", 4.26743]
					}
				},
				"MLeftFoot": {
					"rotation": [0, 0, 0]
				},
				"MRightFoot": {
					"rotation": [0, 0, 0]
				},
				"BowMolang": {
					"scale": "v.use_bow = 1"
				},
				"MFoot": {
					"rotation": [0, 0, 0]
				},
				"MHead_": {
					"rotation": [0, 0, 0]
				}
			}
		},
		"use_mainhand:crossbow": {
			"loop": "hold_on_last_frame",
			"animation_length": 1000,
			"bones": {
				"UpperBody": {
					"rotation": {
						"0.0": {
							"post": [8.50054, 42.03887, 7.73311],
							"lerp_mode": "catmullrom"
						},
						"0.75": {
							"post": [5.14895, 42.32665, 5.48217],
							"lerp_mode": "catmullrom"
						},
						"1.5": {
							"post": [3.46296, 42.43373, 4.34568],
							"lerp_mode": "catmullrom"
						}
					}
				},
				"Head": {
					"rotation": {
						"0.0": {
							"post": [23.38462, -37.19141, -5.65574],
							"lerp_mode": "catmullrom"
						},
						"0.75": {
							"post": [23.38462, -37.19141, -5.65574],
							"lerp_mode": "catmullrom"
						},
						"1.5": {
							"post": [23.38462, -37.19141, -5.65574],
							"lerp_mode": "catmullrom"
						}
					}
				},
				"LeftArm": {
					"rotation": {
						"0.0": {
							"post": [-67.944, -5.60712, 11.51943],
							"lerp_mode": "catmullrom"
						},
						"0.75": {
							"post": [-54.41405, 25.55395, -52.04293],
							"lerp_mode": "catmullrom"
						},
						"1.5": {
							"post": [-91.12417, 29.42528, -77.08012],
							"lerp_mode": "catmullrom"
						}
					}
				},
				"LeftForeArm": {
					"rotation": {
						"0.0": {
							"post": [0, 0, 0],
							"lerp_mode": "catmullrom"
						},
						"0.75": {
							"post": [-62.5, 0, 0],
							"lerp_mode": "catmullrom"
						},
						"1.5": {
							"post": [-80, 0, 0],
							"lerp_mode": "catmullrom"
						}
					}
				},
				"RightArm": {
					"rotation": {
						"0.0": {
							"post": [-8.55383, -55.39007, 45.06239],
							"lerp_mode": "catmullrom"
						},
						"0.75": {
							"post": [-12.57823, -50.22393, 43.02751],
							"lerp_mode": "catmullrom"
						},
						"1.5": {
							"post": [-26.35807, -45.31681, 40.75433],
							"lerp_mode": "catmullrom"
						}
					}
				},
				"RightForeArm": {
					"rotation": {
						"0.0": {
							"post": [-120.32416, -11.38539, -37.37979],
							"lerp_mode": "catmullrom"
						},
						"0.75": {
							"post": [-114.73652, -11.90156, -38.32191],
							"lerp_mode": "catmullrom"
						},
						"1.5": {
							"post": [-91.92898, 2.26726, -41.14055],
							"lerp_mode": "catmullrom"
						}
					}
				},
				"RightHandLocator": {
					"position": [0, -4, 0]
				},
				"Hip": {
					"rotation": {
						"0.0": {
							"post": [4.12778, 16.03279, 3.48148],
							"lerp_mode": "catmullrom"
						},
						"0.75": {
							"post": [2.49968, 16.16824, 2.50756],
							"lerp_mode": "catmullrom"
						},
						"1.5": {
							"post": [1.68102, 16.21906, 2.01571],
							"lerp_mode": "catmullrom"
						}
					}
				},
				"View": {
					"position": [
						"ysm.first_person_mod_hide ? 2.25*(-ysm.head_yaw/45)+(-ysm.head_yaw/45)",
						"ysm.first_person_mod_hide ? 1",
						"ysm.first_person_mod_hide ? -0.5+0.5*-math.abs(ysm.head_yaw/45)+-((ysm.head_pitch+90)/25)"
					]
				}
			}
		},
		"hold_mainhand:charged_crossbow": {
			"loop": true,
			"animation_length": 2,
			"bones": {
				"MAllBody": {
					"rotation": [0, 0, 0]
				},
				"AllBody": {
					"rotation": [0, "(ysm.head_yaw<0)?(-ysm.head_yaw):(0)", 0]
				},
				"UpperBody": {
					"rotation": {
						"0.0": {
							"post": ["5.8216-(!ysm.first_person_mod_hide ? 0.25*ysm.head_pitch)", "(ysm.head_yaw>0)?(-ysm.head_yaw+42):(42)", 5.93491],
							"lerp_mode": "catmullrom"
						}
					}
				},
				"MHead": {
					"rotation": [0, 0, 0]
				},
				"Head": {
					"rotation": {
						"0.0": {
							"post": ["5.8846+(!ysm.first_person_mod_hide ? 0.3*ysm.head_pitch)", "-37.1914+ysm.head_yaw-ysm.head_pitch/5", "-5.6557-ysm.head_pitch/9"],
							"lerp_mode": "catmullrom"
						},
						"2.0": {
							"post": ["5.8846+0.3*ysm.head_pitch", "-37.1914+ysm.head_yaw-ysm.head_pitch/5", "-5.6557-ysm.head_pitch/9"],
							"lerp_mode": "catmullrom"
						}
					}
				},
				"Arm": {
					"rotation": ["math.min((ysm.first_person_mod_hide ? -0.6 : -0.4)*ysm.head_pitch,30)", "-ysm.head_pitch/4", "-0.65*math.max(0, ysm.head_pitch)"],
					"position": [1, -0.4, 0.5]
				},
				"LeftArm": {
					"rotation": {
						"0.0": [-67.38897, 22.94668, -11.68886],
						"0.5417": [-67.42741, 22.67983, -11.78819],
						"1.0": [-67.45752, 22.47366, -11.86621],
						"1.5417": [-67.41908, 22.7405, -11.76688],
						"2.0": [-67.38897, 22.94668, -11.68886]
					}
				},
				"LeftForeArm": {
					"rotation": {
						"0.0": {
							"post": [-12.5, 0, 0],
							"lerp_mode": "catmullrom"
						},
						"1.0": {
							"post": [-12, 0, 0],
							"lerp_mode": "catmullrom"
						},
						"2.0": {
							"post": [-12.5, 0, 0],
							"lerp_mode": "catmullrom"
						}
					}
				},
				"RightArm": {
					"rotation": {
						"0.0": [-12.45084, -50.38918, 43.09853],
						"0.5417": [-12.95053, -49.73874, 42.82327],
						"1.0": [-13.34018, -49.2346, 42.59466],
						"1.5417": [-12.84049, -49.88504, 42.86991],
						"2.0": [-12.45084, -50.38918, 43.09853]
					}
				},
				"RightForeArm": {
					"rotation": {
						"0.0": [-124.66556, -0.59056, -43.77358],
						"0.5417": [-123.82888, -0.58311, -43.75416],
						"1.0": [-123.1664, -0.57693, -43.73804],
						"1.5417": [-124.00308, -0.58438, -43.75745],
						"2.0": [-124.66556, -0.59056, -43.77358]
					}
				},
				"RightHandLocator": {
					"rotation": [0, 0, -10],
					"position": [0, -4, 1]
				},
				"Hip": {
					"rotation": {
						"0.0": {
							"post": [1.68102, 16.21906, 2.01571],
							"lerp_mode": "catmullrom"
						}
					}
				},
				"MLeftFoot": {
					"rotation": [0, 0, 0]
				},
				"MRightFoot": {
					"rotation": [0, 0, 0]
				},
				"View": {
					"position": [
						"ysm.first_person_mod_hide ? 2.25*(-ysm.head_yaw/45)+(ysm.head_yaw<0 ? -ysm.head_yaw/22.5 : -ysm.head_yaw/45)",
						"ysm.first_person_mod_hide ? 1",
						"ysm.first_person_mod_hide ? -0.5+0.5*-math.abs(ysm.head_yaw/45)+(ysm.head_yaw<0 ? ysm.head_yaw/22.5)-((ysm.head_pitch+90)/25)"
					]
				},
				"MHead_": {
					"rotation": [0, 0, 0]
				}
			}
		},
		"hold_offhand:charged_crossbow": {
			"loop": true,
			"animation_length": 2,
			"bones": {
				"MAllBody": {
					"rotation": [0, 0, 0]
				},
				"AllBody": {
					"rotation": [0, "(ysm.head_yaw>0)?(-ysm.head_yaw):(0)", 0]
				},
				"UpperBody": {
					"rotation": {
						"0.0": {
							"post": ["5.8216-(!ysm.first_person_mod_hide ? 0.25*ysm.head_pitch)", "(ysm.head_yaw<0)?(-ysm.head_yaw-42):(-42)", -5.93491],
							"lerp_mode": "catmullrom"
						}
					}
				},
				"MHead": {
					"rotation": [0, 0, 0]
				},
				"Head": {
					"rotation": {
						"0.0": {
							"post": ["5.8846+(!ysm.first_person_mod_hide ? 0.3*ysm.head_pitch)", "37.1914+ysm.head_yaw-ysm.head_pitch/5", "5.6557-ysm.head_pitch/9"],
							"lerp_mode": "catmullrom"
						},
						"2.0": {
							"post": ["5.8846+0.3*ysm.head_pitch", "37.1914+ysm.head_yaw-ysm.head_pitch/5", "5.6557-ysm.head_pitch/9"],
							"lerp_mode": "catmullrom"
						}
					}
				},
				"Arm": {
					"rotation": ["math.min((ysm.first_person_mod_hide ? -0.6 : -0.4)*ysm.head_pitch,30)", "ysm.head_pitch/4", "0.65*math.max(0, ysm.head_pitch)"],
					"position": [-1, -0.4, 0.5]
				},
				"LeftArm": {
					"rotation": {
						"0.0": [-12.45084, 50.38918, -43.09853],
						"0.5417": [-12.95053, 49.73874, -42.82327],
						"1.0": [-13.34018, 49.2346, -42.59466],
						"1.5417": [-12.84049, 49.88504, -42.86991],
						"2.0": [-12.45084, 50.38918, -43.09853]
					}
				},
				"LeftForeArm": {
					"rotation": {
						"0.0": [-124.66556, 0.59056, 43.77358],
						"0.5417": [-123.82888, 0.58311, 43.75416],
						"1.0": [-123.1664, 0.57693, 43.73804],
						"1.5417": [-124.00308, 0.58438, 43.75745],
						"2.0": [-124.66556, 0.59056, 43.77358]
					}
				},
				"LeftHandLocator": {
					"rotation": [0, 0, 10],
					"position": [0, -4, 1]
				},
				"RightArm": {
					"rotation": {
						"0.0": [-67.38897, -22.94668, 11.68886],
						"0.5417": [-67.42741, -22.67983, 11.78819],
						"1.0": [-67.45752, -22.47366, 11.86621],
						"1.5417": [-67.41908, -22.7405, 11.76688],
						"2.0": [-67.38897, -22.94668, 11.68886]
					}
				},
				"RightForeArm": {
					"rotation": {
						"0.0": {
							"post": [-12.5, 0, 0],
							"lerp_mode": "catmullrom"
						},
						"1.0": {
							"post": [-12, 0, 0],
							"lerp_mode": "catmullrom"
						},
						"2.0": {
							"post": [-12.5, 0, 0],
							"lerp_mode": "catmullrom"
						}
					}
				},
				"Hip": {
					"rotation": {
						"0.0": {
							"post": [1.68102, -16.21906, -2.01571],
							"lerp_mode": "catmullrom"
						}
					}
				},
				"MLeftFoot": {
					"rotation": [0, 0, 0]
				},
				"MRightFoot": {
					"rotation": [0, 0, 0]
				},
				"View": {
					"position": [
						"ysm.first_person_mod_hide ? 2.25*(-ysm.head_yaw/45)+(ysm.head_yaw>0 ? -ysm.head_yaw/22.5 : -ysm.head_yaw/45)",
						"ysm.first_person_mod_hide ? 1",
						"ysm.first_person_mod_hide ? -0.5+0.5*-math.abs(ysm.head_yaw/45)+(ysm.head_yaw>0 ? -ysm.head_yaw/22.5)-((ysm.head_pitch+90)/25)"
					]
				},
				"MHead_": {
					"rotation": [0, 0, 0]
				}
			}
		}
	}
}