{
	"format_version": "1.10.0",
	"geometry.model": {
		"texturewidth": 128,
		"textureheight": 128,
		"visible_bounds_width": 3,
		"visible_bounds_height": 4,
		"visible_bounds_offset": [0, 1, 0],
		"bones": [
			{
				"name": "head",
				"pivot": [0, 18, 0],
				"cubes": [
					{"origin": [-4, 18, -4], "size": [8, 8, 8], "uv": [32, 32]},
					{"origin": [-4, 18, -4], "size": [8, 8, 8], "uv": [0, 32], "inflate": 0.1}
				]
			},
			{
				"name": "blink",
				"parent": "head",
				"pivot": [0, 18, 0],
				"cubes": [
					{"origin": [-4, 18, -4.001], "size": [8, 8, 0], "uv": [24, 32]}
				]
			},
			{
				"name": "hat",
				"parent": "head",
				"pivot": [0, 18, 0],
				"rotation": [-1.565, -2.5, 0],
				"cubes": [
					{"origin": [-11, 19, -11.403], "size": [17, 17, 15], "uv": [0, 0], "inflate": -7.5}
				]
			},
			{
				"name": "bone119",
				"parent": "hat",
				"pivot": [0, 18, 0],
				"cubes": [
					{"origin": [-4, 25.8, -4], "size": [8, 3, 8], "uv": [0, 48], "inflate": -0.2}
				]
			},
			{
				"name": "armRight",
				"pivot": [-3, 17.5, 0],
				"rotation": [0, 0, 25],
				"cubes": [
					{"origin": [-5, 8.5, -1], "size": [2, 8, 2], "uv": [30, 84]},
					{"origin": [-5.5, 9.5, -1.5], "size": [3, 8, 3], "uv": [29, 63], "inflate": -0.2}
				]
			},
			{
				"name": "armLeft",
				"pivot": [3, 17.5, 0],
				"rotation": [0, 0, -25],
				"cubes": [
					{"origin": [2.5, 9.5, -1.5], "size": [3, 8, 3], "uv": [0, 0], "inflate": -0.2},
					{"origin": [3, 8.5, -1], "size": [2, 8, 2], "uv": [22, 84]}
				]
			},
			{
				"name": "body",
				"pivot": [0, 10.5, 0],
				"cubes": [
					{"origin": [-3, 8.999, -3], "size": [6, 9, 6], "uv": [56, 48]},
					{"origin": [-3, 8.999, -3], "size": [6, 9, 6], "uv": [49, 0], "inflate": 0.1},
					{"origin": [-3, 8.999, -3], "size": [6, 9, 6], "uv": [32, 48], "inflate": 0.12},
					{"origin": [-3, 9.999, -3], "size": [6, 1, 6], "uv": [56, 32], "inflate": 0.15}
				]
			},
			{
				"name": "sittingRotationSkirt",
				"parent": "body",
				"pivot": [0, 10.5, 0]
			},
			{
				"name": "bone",
				"parent": "sittingRotationSkirt",
				"pivot": [0, 15.5, 0],
				"cubes": [
					{"origin": [1, 9, -4.5], "size": [1, 1, 1], "uv": [30, 52]}
				]
			},
			{
				"name": "bone2",
				"parent": "bone",
				"pivot": [0, 5, 0]
			},
			{
				"name": "bone3",
				"parent": "bone2",
				"pivot": [0, 5, 6.19607],
				"rotation": [35, 0, 0]
			},
			{
				"name": "bone4",
				"parent": "bone3",
				"pivot": [0, 5, 6.19607],
				"rotation": [0, -45, 0],
				"cubes": [
					{"origin": [-1, 5, 5.19607], "size": [2, 8, 2], "uv": [64, 83]}
				]
			},
			{
				"name": "bone5",
				"parent": "bone",
				"pivot": [0, 5, 0],
				"rotation": [0, -25.71429, 0]
			},
			{
				"name": "bone6",
				"parent": "bone5",
				"pivot": [0, 5, 6.19607],
				"rotation": [35, 0, 0]
			},
			{
				"name": "bone7",
				"parent": "bone6",
				"pivot": [0, 5, 6.19607],
				"rotation": [0, -45, 0],
				"cubes": [
					{"origin": [-1, 5, 5.19607], "size": [2, 8, 2], "uv": [56, 83]}
				]
			},
			{
				"name": "bone8",
				"parent": "bone",
				"pivot": [0, 5, 0],
				"rotation": [0, -51.42857, 0]
			},
			{
				"name": "bone9",
				"parent": "bone8",
				"pivot": [0, 5, 6.19607],
				"rotation": [35, 0, 0]
			},
			{
				"name": "bone10",
				"parent": "bone9",
				"pivot": [0, 5, 6.19607],
				"rotation": [0, -45, 0],
				"cubes": [
					{"origin": [-1, 5, 5.19607], "size": [2, 8, 2], "uv": [82, 18]}
				]
			},
			{
				"name": "bone11",
				"parent": "bone",
				"pivot": [0, 5, 0],
				"rotation": [0, -77.14286, 0]
			},
			{
				"name": "bone12",
				"parent": "bone11",
				"pivot": [0, 5, 6.19607],
				"rotation": [35, 0, 0]
			},
			{
				"name": "bone13",
				"parent": "bone12",
				"pivot": [0, 5, 6.19607],
				"rotation": [0, -45, 0],
				"cubes": [
					{"origin": [-1, 5, 5.19607], "size": [2, 8, 2], "uv": [81, 79]}
				]
			},
			{
				"name": "bone14",
				"parent": "bone",
				"pivot": [0, 5, 0],
				"rotation": [0, -102.85714, 0]
			},
			{
				"name": "bone15",
				"parent": "bone14",
				"pivot": [0, 5, 6.19607],
				"rotation": [35, 0, 0]
			},
			{
				"name": "bone16",
				"parent": "bone15",
				"pivot": [0, 5, 6.19607],
				"rotation": [0, -45, 0],
				"cubes": [
					{"origin": [-1, 5, 5.19607], "size": [2, 8, 2], "uv": [73, 81]}
				]
			},
			{
				"name": "bone17",
				"parent": "bone",
				"pivot": [0, 5, 0],
				"rotation": [0, -128.57143, 0]
			},
			{
				"name": "bone18",
				"parent": "bone17",
				"pivot": [0, 5, 6.19607],
				"rotation": [35, 0, 0]
			},
			{
				"name": "bone19",
				"parent": "bone18",
				"pivot": [0, 5, 6.19607],
				"rotation": [0, -45, 0],
				"cubes": [
					{"origin": [-1, 5, 5.19607], "size": [2, 8, 2], "uv": [80, 47]}
				]
			},
			{
				"name": "bone20",
				"parent": "bone",
				"pivot": [0, 5, 0],
				"rotation": [0, -154.28571, 0]
			},
			{
				"name": "bone21",
				"parent": "bone20",
				"pivot": [0, 5, 6.19607],
				"rotation": [35, 0, 0]
			},
			{
				"name": "bone22",
				"parent": "bone21",
				"pivot": [0, 5, 6.19607],
				"rotation": [0, -45, 0],
				"cubes": [
					{"origin": [-1, 5, 5.19607], "size": [2, 8, 2], "uv": [80, 31]}
				]
			},
			{
				"name": "bone23",
				"parent": "bone",
				"pivot": [0, 5, 0],
				"rotation": [0, -180, 0]
			},
			{
				"name": "bone24",
				"parent": "bone23",
				"pivot": [0, 5, 6.19607],
				"rotation": [35, 0, 0]
			},
			{
				"name": "bone25",
				"parent": "bone24",
				"pivot": [0, 5, 6.19607],
				"rotation": [0, -45, 0],
				"cubes": [
					{"origin": [-1, 5, 5.19607], "size": [2, 8, 2], "uv": [80, 8]}
				]
			},
			{
				"name": "bone26",
				"parent": "bone",
				"pivot": [0, 5, 0],
				"rotation": [0, -205.71429, 0]
			},
			{
				"name": "bone27",
				"parent": "bone26",
				"pivot": [0, 5, 6.19607],
				"rotation": [35, 0, 0]
			},
			{
				"name": "bone28",
				"parent": "bone27",
				"pivot": [0, 5, 6.19607],
				"rotation": [0, -45, 0],
				"cubes": [
					{"origin": [-1, 5, 5.19607], "size": [2, 8, 2], "uv": [0, 79]}
				]
			},
			{
				"name": "bone29",
				"parent": "bone",
				"pivot": [0, 5, 0],
				"rotation": [0, -231.42857, 0]
			},
			{
				"name": "bone30",
				"parent": "bone29",
				"pivot": [0, 5, 6.19607],
				"rotation": [35, 0, 0]
			},
			{
				"name": "bone31",
				"parent": "bone30",
				"pivot": [0, 5, 6.19607],
				"rotation": [0, -45, 0],
				"cubes": [
					{"origin": [-1, 5, 5.19607], "size": [2, 8, 2], "uv": [78, 61]}
				]
			},
			{
				"name": "bone32",
				"parent": "bone",
				"pivot": [0, 5, 0],
				"rotation": [0, -257.14286, 0]
			},
			{
				"name": "bone33",
				"parent": "bone32",
				"pivot": [0, 5, 6.19607],
				"rotation": [35, 0, 0]
			},
			{
				"name": "bone34",
				"parent": "bone33",
				"pivot": [0, 5, 6.19607],
				"rotation": [0, -45, 0],
				"cubes": [
					{"origin": [-1, 5, 5.19607], "size": [2, 8, 2], "uv": [14, 78]}
				]
			},
			{
				"name": "bone35",
				"parent": "bone",
				"pivot": [0, 5, 0],
				"rotation": [0, -282.85714, 0]
			},
			{
				"name": "bone36",
				"parent": "bone35",
				"pivot": [0, 5, 6.19607],
				"rotation": [35, 0, 0]
			},
			{
				"name": "bone37",
				"parent": "bone36",
				"pivot": [0, 5, 6.19607],
				"rotation": [0, -45, 0],
				"cubes": [
					{"origin": [-1, 5, 5.19607], "size": [2, 8, 2], "uv": [75, 71]}
				]
			},
			{
				"name": "bone38",
				"parent": "bone",
				"pivot": [0, 5, 0],
				"rotation": [0, -308.57143, 0]
			},
			{
				"name": "bone39",
				"parent": "bone38",
				"pivot": [0, 5, 6.19607],
				"rotation": [35, 0, 0]
			},
			{
				"name": "bone40",
				"parent": "bone39",
				"pivot": [0, 5, 6.19607],
				"rotation": [0, -45, 0],
				"cubes": [
					{"origin": [-1, 5, 5.19607], "size": [2, 8, 2], "uv": [50, 74]}
				]
			},
			{
				"name": "bone41",
				"parent": "bone",
				"pivot": [0, 5, 0],
				"rotation": [0, -334.28571, 0]
			},
			{
				"name": "bone42",
				"parent": "bone41",
				"pivot": [0, 5, 6.19607],
				"rotation": [35, 0, 0]
			},
			{
				"name": "bone43",
				"parent": "bone42",
				"pivot": [0, 5, 6.19607],
				"rotation": [0, -45, 0],
				"cubes": [
					{"origin": [-1, 5, 5.19607], "size": [2, 8, 2], "uv": [42, 74]}
				]
			},
			{
				"name": "bone44",
				"parent": "sittingRotationSkirt",
				"pivot": [0, 14.5, 0]
			},
			{
				"name": "bone45",
				"parent": "bone44",
				"pivot": [0, 4, 0]
			},
			{
				"name": "bone46",
				"parent": "bone45",
				"pivot": [0, 4, 6.19607],
				"rotation": [35, 0, 0]
			},
			{
				"name": "bone47",
				"parent": "bone46",
				"pivot": [0, 4, 6.19607],
				"rotation": [0, -45, 0],
				"cubes": [
					{"origin": [-1, 4, 5.19607], "size": [2, 8, 2], "uv": [74, 39]}
				]
			},
			{
				"name": "bone48",
				"parent": "bone44",
				"pivot": [0, 4, 0],
				"rotation": [0, -25.71429, 0]
			},
			{
				"name": "bone49",
				"parent": "bone48",
				"pivot": [0, 4, 6.19607],
				"rotation": [35, 0, 0]
			},
			{
				"name": "bone50",
				"parent": "bone49",
				"pivot": [0, 4, 6.19607],
				"rotation": [0, -45, 0],
				"cubes": [
					{"origin": [-1, 4, 5.19607], "size": [2, 8, 2], "uv": [34, 74]}
				]
			},
			{
				"name": "bone51",
				"parent": "bone44",
				"pivot": [0, 4, 0],
				"rotation": [0, -51.42857, 0]
			},
			{
				"name": "bone52",
				"parent": "bone51",
				"pivot": [0, 4, 6.19607],
				"rotation": [35, 0, 0]
			},
			{
				"name": "bone53",
				"parent": "bone52",
				"pivot": [0, 4, 6.19607],
				"rotation": [0, -45, 0],
				"cubes": [
					{"origin": [-1, 4, 5.19607], "size": [2, 8, 2], "uv": [26, 74]}
				]
			},
			{
				"name": "bone54",
				"parent": "bone44",
				"pivot": [0, 4, 0],
				"rotation": [0, -77.14286, 0]
			},
			{
				"name": "bone55",
				"parent": "bone54",
				"pivot": [0, 4, 6.19607],
				"rotation": [35, 0, 0]
			},
			{
				"name": "bone56",
				"parent": "bone55",
				"pivot": [0, 4, 6.19607],
				"rotation": [0, -45, 0],
				"cubes": [
					{"origin": [-1, 4, 5.19607], "size": [2, 8, 2], "uv": [74, 23]}
				]
			},
			{
				"name": "bone57",
				"parent": "bone44",
				"pivot": [0, 4, 0],
				"rotation": [0, -102.85714, 0]
			},
			{
				"name": "bone58",
				"parent": "bone57",
				"pivot": [0, 4, 6.19607],
				"rotation": [35, 0, 0]
			},
			{
				"name": "bone59",
				"parent": "bone58",
				"pivot": [0, 4, 6.19607],
				"rotation": [0, -45, 0],
				"cubes": [
					{"origin": [-1, 4, 5.19607], "size": [2, 8, 2], "uv": [67, 73]}
				]
			},
			{
				"name": "bone60",
				"parent": "bone44",
				"pivot": [0, 4, 0],
				"rotation": [0, -128.57143, 0]
			},
			{
				"name": "bone61",
				"parent": "bone60",
				"pivot": [0, 4, 6.19607],
				"rotation": [35, 0, 0]
			},
			{
				"name": "bone62",
				"parent": "bone61",
				"pivot": [0, 4, 6.19607],
				"rotation": [0, -45, 0],
				"cubes": [
					{"origin": [-1, 4, 5.19607], "size": [2, 8, 2], "uv": [59, 73]}
				]
			},
			{
				"name": "bone63",
				"parent": "bone44",
				"pivot": [0, 4, 0],
				"rotation": [0, -154.28571, 0]
			},
			{
				"name": "bone64",
				"parent": "bone63",
				"pivot": [0, 4, 6.19607],
				"rotation": [35, 0, 0]
			},
			{
				"name": "bone65",
				"parent": "bone64",
				"pivot": [0, 4, 6.19607],
				"rotation": [0, -45, 0],
				"cubes": [
					{"origin": [-1, 4, 5.19607], "size": [2, 8, 2], "uv": [73, 0]}
				]
			},
			{
				"name": "bone66",
				"parent": "bone44",
				"pivot": [0, 4, 0],
				"rotation": [0, -180, 0]
			},
			{
				"name": "bone67",
				"parent": "bone66",
				"pivot": [0, 4, 6.19607],
				"rotation": [35, 0, 0]
			},
			{
				"name": "bone68",
				"parent": "bone67",
				"pivot": [0, 4, 6.19607],
				"rotation": [0, -45, 0],
				"cubes": [
					{"origin": [-1, 4, 5.19607], "size": [2, 8, 2], "uv": [72, 13]}
				]
			},
			{
				"name": "bone69",
				"parent": "bone44",
				"pivot": [0, 4, 0],
				"rotation": [0, -205.71429, 0]
			},
			{
				"name": "bone70",
				"parent": "bone69",
				"pivot": [0, 4, 6.19607],
				"rotation": [35, 0, 0]
			},
			{
				"name": "bone71",
				"parent": "bone70",
				"pivot": [0, 4, 6.19607],
				"rotation": [0, -45, 0],
				"cubes": [
					{"origin": [-1, 4, 5.19607], "size": [2, 8, 2], "uv": [69, 63]}
				]
			},
			{
				"name": "bone72",
				"parent": "bone44",
				"pivot": [0, 4, 0],
				"rotation": [0, -231.42857, 0]
			},
			{
				"name": "bone73",
				"parent": "bone72",
				"pivot": [0, 4, 6.19607],
				"rotation": [35, 0, 0]
			},
			{
				"name": "bone74",
				"parent": "bone73",
				"pivot": [0, 4, 6.19607],
				"rotation": [0, -45, 0],
				"cubes": [
					{"origin": [-1, 4, 5.19607], "size": [2, 8, 2], "uv": [8, 69]}
				]
			},
			{
				"name": "bone75",
				"parent": "bone44",
				"pivot": [0, 4, 0],
				"rotation": [0, -257.14286, 0]
			},
			{
				"name": "bone76",
				"parent": "bone75",
				"pivot": [0, 4, 6.19607],
				"rotation": [35, 0, 0]
			},
			{
				"name": "bone77",
				"parent": "bone76",
				"pivot": [0, 4, 6.19607],
				"rotation": [0, -45, 0],
				"cubes": [
					{"origin": [-1, 4, 5.19607], "size": [2, 8, 2], "uv": [0, 69]}
				]
			},
			{
				"name": "bone78",
				"parent": "bone44",
				"pivot": [0, 4, 0],
				"rotation": [0, -282.85714, 0]
			},
			{
				"name": "bone79",
				"parent": "bone78",
				"pivot": [0, 4, 6.19607],
				"rotation": [35, 0, 0]
			},
			{
				"name": "bone80",
				"parent": "bone79",
				"pivot": [0, 4, 6.19607],
				"rotation": [0, -45, 0],
				"cubes": [
					{"origin": [-1, 4, 5.19607], "size": [2, 8, 2], "uv": [18, 68]}
				]
			},
			{
				"name": "bone81",
				"parent": "bone44",
				"pivot": [0, 4, 0],
				"rotation": [0, -308.57143, 0]
			},
			{
				"name": "bone82",
				"parent": "bone81",
				"pivot": [0, 4, 6.19607],
				"rotation": [35, 0, 0]
			},
			{
				"name": "bone83",
				"parent": "bone82",
				"pivot": [0, 4, 6.19607],
				"rotation": [0, -45, 0],
				"cubes": [
					{"origin": [-1, 4, 5.19607], "size": [2, 8, 2], "uv": [64, 15]}
				]
			},
			{
				"name": "bone84",
				"parent": "bone44",
				"pivot": [0, 4, 0],
				"rotation": [0, -334.28571, 0]
			},
			{
				"name": "bone85",
				"parent": "bone84",
				"pivot": [0, 4, 6.19607],
				"rotation": [35, 0, 0]
			},
			{
				"name": "bone86",
				"parent": "bone85",
				"pivot": [0, 4, 6.19607],
				"rotation": [0, -45, 0],
				"cubes": [
					{"origin": [-1, 4, 5.19607], "size": [2, 8, 2], "uv": [61, 63]}
				]
			},
			{
				"name": "sinFloat",
				"parent": "body",
				"pivot": [-8.5, 14, 0],
				"rotation": [15, 10, 0],
				"cubes": [
					{"origin": [-9, 12.75, -4.75], "size": [1, 1, 9], "uv": [0, 59], "inflate": -0.3},
					{"origin": [-9, 12.5, -4.25], "size": [1, 1, 8.5], "uv": [11, 59], "inflate": -0.3},
					{"origin": [-9, 12.25, 3.65], "size": [1, 1.75, 1.55], "uv": [64, 45], "inflate": -0.3},
					{"origin": [-9, 12.5, 4.6], "size": [1, 1, 1], "uv": [64, 43], "inflate": -0.3}
				]
			},
			{
				"name": "bone87",
				"parent": "sinFloat",
				"pivot": [-8.25, 13.75, 0.25],
				"rotation": [0, 0, -95]
			},
			{
				"name": "bone88",
				"parent": "sinFloat",
				"pivot": [-8.5, 13, -4],
				"rotation": [-25, 0, 0],
				"cubes": [
					{"origin": [-9, 12.6, -5], "size": [1, 1, 1.5], "uv": [64, 41], "inflate": -0.3}
				]
			},
			{
				"name": "bone328",
				"parent": "body",
				"pivot": [0, 17.6, -2.9],
				"rotation": [-9, 0, 0]
			},
			{
				"name": "bone329",
				"parent": "bone328",
				"pivot": [1.2, 17, 5.1]
			},
			{
				"name": "bone330",
				"parent": "bone329",
				"pivot": [-0.3, 17.8, -3.1],
				"rotation": [0, 0, 5],
				"cubes": [
					{"origin": [-0.8, 13.8, -3.1], "size": [1, 4, 0], "uv": [6, 36]}
				]
			},
			{
				"name": "bone331",
				"parent": "bone330",
				"pivot": [-0.3, 17.9, -3.4],
				"rotation": [0, 0, 35],
				"cubes": [
					{"origin": [-0.8, 16, -3.9], "size": [1, 2, 1], "uv": [56, 32]}
				]
			},
			{
				"name": "bone332",
				"parent": "bone328",
				"pivot": [-1.2, 17, 5.1]
			},
			{
				"name": "bone333",
				"parent": "bone332",
				"pivot": [0.3, 17.8, -3.1],
				"rotation": [0, 0, -5],
				"cubes": [
					{"origin": [-0.2, 13.8, -3.1], "size": [1, 4, 0], "uv": [6, 32]}
				]
			},
			{
				"name": "bone334",
				"parent": "bone333",
				"pivot": [0.3, 17.9, -3.4],
				"rotation": [0, 0, -35],
				"cubes": [
					{"origin": [-0.2, 16, -3.9], "size": [1, 2, 1], "uv": [10, 11]}
				]
			},
			{
				"name": "bone90",
				"parent": "body",
				"pivot": [0, 9.5, 0],
				"cubes": [
					{"origin": [-0.5, 14, -3.5], "size": [1, 1, 1], "uv": [58, 52]},
					{"origin": [-0.6, 13.9, -3.25], "size": [1.2, 1.2, 1], "uv": [58, 48]},
					{"origin": [-0.6, 11.9, -3.25], "size": [1.2, 1.2, 1], "uv": [57, 50]},
					{"origin": [-0.5, 12, -3.5], "size": [1, 1, 1], "uv": [56, 35]}
				]
			},
			{
				"name": "zipFront",
				"parent": "bone90",
				"pivot": [0, 13.5, -2.5],
				"rotation": [0, 45, 0],
				"cubes": [
					{"origin": [-0.5, 11, -3], "size": [1, 6, 1], "uv": [0, 59]}
				]
			},
			{
				"name": "bone136",
				"parent": "body",
				"pivot": [0, 10.5, 0]
			},
			{
				"name": "bone137",
				"parent": "bone136",
				"pivot": [-4.9, 16.6, 0],
				"rotation": [0, 0, 20],
				"cubes": [
					{"origin": [-6.65, 14.6, -3], "size": [3, 4, 6], "uv": [0, 108], "inflate": -0.11}
				]
			},
			{
				"name": "bone138",
				"parent": "bone136",
				"pivot": [-3.9, 15.7, 0],
				"rotation": [0, 0, -17.5],
				"cubes": [
					{"origin": [-5.20926, 13.63986, -3], "size": [3, 4, 6], "uv": [0, 118], "inflate": -0.1}
				]
			},
			{
				"name": "bone91",
				"parent": "body",
				"pivot": [0, 10.5, 0]
			},
			{
				"name": "bone92",
				"parent": "bone91",
				"pivot": [4.9, 16.6, 0],
				"rotation": [0, 0, -20],
				"cubes": [
					{"origin": [3.65, 14.6, -3], "size": [3, 4, 6], "uv": [0, 108], "inflate": -0.11, "mirror": true}
				]
			},
			{
				"name": "bone93",
				"parent": "bone91",
				"pivot": [3.9, 15.7, 0],
				"rotation": [0, 0, 17.5],
				"cubes": [
					{"origin": [2.20926, 13.63986, -3], "size": [3, 4, 6], "uv": [0, 118], "inflate": -0.1, "mirror": true}
				]
			},
			{
				"name": "decoration4",
				"parent": "body",
				"pivot": [0, 11, 3],
				"cubes": [
					{"origin": [-1, 9, 3.7], "size": [2, 3, 1], "uv": [0, 0]}
				]
			},
			{
				"name": "bone146",
				"parent": "decoration4",
				"pivot": [0, 11, 3],
				"rotation": [0, 20, 0]
			},
			{
				"name": "bone147",
				"parent": "bone146",
				"pivot": [0, 11, 3],
				"rotation": [0, 0, 20],
				"cubes": [
					{"origin": [-5, 10, 3], "size": [5, 2, 1], "uv": [116, 125]}
				]
			},
			{
				"name": "bone148",
				"parent": "bone146",
				"pivot": [0, 11, 3],
				"rotation": [0, 0, -3],
				"cubes": [
					{"origin": [-5, 10, 3], "size": [5, 2, 1], "uv": [116, 125]}
				]
			},
			{
				"name": "bone149",
				"parent": "decoration4",
				"pivot": [0, 11, 3],
				"rotation": [0, -20, 0]
			},
			{
				"name": "bone150",
				"parent": "bone149",
				"pivot": [0, 11, 3],
				"rotation": [0, 0, -20],
				"cubes": [
					{"origin": [0, 10, 3], "size": [5, 2, 1], "uv": [116, 125]}
				]
			},
			{
				"name": "bone151",
				"parent": "bone149",
				"pivot": [0, 11, 3],
				"rotation": [0, 0, 3],
				"cubes": [
					{"origin": [0, 10, 3], "size": [5, 2, 1], "uv": [116, 125]}
				]
			},
			{
				"name": "line",
				"parent": "decoration4",
				"pivot": [0, 11, 3],
				"rotation": [0, -45, -30]
			},
			{
				"name": "bone152",
				"parent": "line",
				"pivot": [0, 10, 4],
				"cubes": [
					{"origin": [0, 9, 4], "size": [0, 2, 1], "uv": [82, 125]}
				]
			},
			{
				"name": "bone153",
				"parent": "line",
				"pivot": [0, 10, 4],
				"rotation": [0, -15, 0],
				"cubes": [
					{"origin": [0.25882, 9, 4.96593], "size": [0, 2, 1], "uv": [126, 74]}
				]
			},
			{
				"name": "bone154",
				"parent": "line",
				"pivot": [0, 10, 4],
				"rotation": [0, -30, 0],
				"cubes": [
					{"origin": [0.75882, 9, 5.83195], "size": [0, 2, 1], "uv": [126, 72]}
				]
			},
			{
				"name": "bone155",
				"parent": "line",
				"pivot": [0, 10, 4],
				"rotation": [0, -45, 0],
				"cubes": [
					{"origin": [1.46593, 9, 6.53906], "size": [0, 2, 1], "uv": [118, 124]}
				]
			},
			{
				"name": "bone156",
				"parent": "line",
				"pivot": [0, 10, 4],
				"rotation": [0, -60, 0],
				"cubes": [
					{"origin": [2.33295, 9, 7.03906], "size": [0, 2, 1], "uv": [125, 96]}
				]
			},
			{
				"name": "bone157",
				"parent": "line",
				"pivot": [0, 10, 4],
				"rotation": [0, -75, 0],
				"cubes": [
					{"origin": [3.29984, 9, 7.29762], "size": [0, 2, 1], "uv": [125, 94]}
				]
			},
			{
				"name": "bone158",
				"parent": "line",
				"pivot": [0, 10, 4],
				"rotation": [0, -90, 0],
				"cubes": [
					{"origin": [4.30071, 9, 7.29712], "size": [0, 2, 1], "uv": [116, 122]}
				]
			},
			{
				"name": "bone159",
				"parent": "line",
				"pivot": [0, 10, 4],
				"rotation": [0, -105, 0],
				"cubes": [
					{"origin": [5.26634, 9, 7.03759], "size": [0, 2, 1], "uv": [123, 85]}
				]
			},
			{
				"name": "bone160",
				"parent": "line",
				"pivot": [0, 10, 4],
				"rotation": [0, -120, 0],
				"cubes": [
					{"origin": [6.1329, 9, 6.53698], "size": [0, 2, 1], "uv": [110, 121]}
				]
			},
			{
				"name": "line2",
				"parent": "decoration4",
				"pivot": [0, 11, 3],
				"rotation": [0, -45, -150]
			},
			{
				"name": "bone161",
				"parent": "line2",
				"pivot": [0, 12, 4],
				"cubes": [
					{"origin": [0, 11, 4], "size": [0, 2, 1], "uv": [126, 108]}
				]
			},
			{
				"name": "bone162",
				"parent": "line2",
				"pivot": [0, 12, 4],
				"rotation": [0, -15, 0],
				"cubes": [
					{"origin": [0.25882, 11, 4.96593], "size": [0, 2, 1], "uv": [96, 125]}
				]
			},
			{
				"name": "bone163",
				"parent": "line2",
				"pivot": [0, 12, 4],
				"rotation": [0, -30, 0],
				"cubes": [
					{"origin": [0.75882, 11, 5.83195], "size": [0, 2, 1], "uv": [97, 123]}
				]
			},
			{
				"name": "bone164",
				"parent": "line2",
				"pivot": [0, 12, 4],
				"rotation": [0, -45, 0],
				"cubes": [
					{"origin": [1.46593, 11, 6.53906], "size": [0, 2, 1], "uv": [87, 123]}
				]
			},
			{
				"name": "bone165",
				"parent": "line2",
				"pivot": [0, 12, 4],
				"rotation": [0, -60, 0],
				"cubes": [
					{"origin": [2.33295, 11, 7.03906], "size": [0, 2, 1], "uv": [76, 123]}
				]
			},
			{
				"name": "bone166",
				"parent": "line2",
				"pivot": [0, 12, 4],
				"rotation": [0, -75, 0],
				"cubes": [
					{"origin": [3.29984, 11, 7.29762], "size": [0, 2, 1], "uv": [120, 101]}
				]
			},
			{
				"name": "bone167",
				"parent": "line2",
				"pivot": [0, 12, 4],
				"rotation": [0, -90, 0],
				"cubes": [
					{"origin": [4.30071, 11, 7.29712], "size": [0, 2, 1], "uv": [118, 91]}
				]
			},
			{
				"name": "bone168",
				"parent": "line2",
				"pivot": [0, 12, 4],
				"rotation": [0, -105, 0],
				"cubes": [
					{"origin": [5.26634, 11, 7.03759], "size": [0, 2, 1], "uv": [116, 117]}
				]
			},
			{
				"name": "bone169",
				"parent": "line2",
				"pivot": [0, 12, 4],
				"rotation": [0, -120, 0],
				"cubes": [
					{"origin": [6.1329, 11, 6.53698], "size": [0, 2, 1], "uv": [80, 112]}
				]
			},
			{
				"name": "cosFloat",
				"parent": "body",
				"pivot": [0, 0, 0]
			},
			{
				"name": "bone89",
				"parent": "cosFloat",
				"pivot": [0, 0, 0]
			},
			{
				"name": "cosFloat3",
				"parent": "bone89",
				"pivot": [8, 17, 0],
				"rotation": [-10, 0, -10],
				"cubes": [
					{"origin": [8, 12, -0.1], "size": [2, 7, 1], "uv": [105, 100]},
					{"origin": [7, 12.5, 0], "size": [4, 3, 1], "uv": [111, 100]},
					{"origin": [7.5, 16, 0], "size": [3, 2, 1], "uv": [111, 105]},
					{"origin": [8.5, 18, 0], "size": [1, 5, 1], "uv": [105, 109]},
					{"origin": [8.5, 14, -0.25], "size": [1, 10, 0], "uv": [105, 115]}
				]
			},
			{
				"name": "violin17",
				"parent": "cosFloat3",
				"pivot": [8, 12, 0],
				"rotation": [0, 0, -60],
				"cubes": [
					{"origin": [8, 12, 0], "size": [1, 1, 1], "uv": [101, 118]}
				]
			},
			{
				"name": "violin18",
				"parent": "cosFloat3",
				"pivot": [10, 12, 0],
				"rotation": [0, 0, 60],
				"cubes": [
					{"origin": [9, 12, 0], "size": [1, 1, 1], "uv": [101, 112]}
				]
			},
			{
				"name": "violin19",
				"parent": "cosFloat3",
				"pivot": [7, 15.5, 0],
				"rotation": [0, 0, 45],
				"cubes": [
					{"origin": [7, 15.5, 0], "size": [1, 1, 1], "uv": [107, 120]}
				]
			},
			{
				"name": "violin20",
				"parent": "cosFloat3",
				"pivot": [11, 15.5, 0],
				"rotation": [0, 0, -45],
				"cubes": [
					{"origin": [10, 15.5, 0], "size": [1, 1, 1], "uv": [107, 123]}
				]
			},
			{
				"name": "violin21",
				"parent": "cosFloat3",
				"pivot": [7.5, 18, 0],
				"rotation": [0, 0, 30],
				"cubes": [
					{"origin": [7.5, 18, 0], "size": [1, 1, 1], "uv": [101, 116]}
				]
			},
			{
				"name": "violin22",
				"parent": "cosFloat3",
				"pivot": [10.5, 18, 0],
				"rotation": [0, 0, -30],
				"cubes": [
					{"origin": [9.5, 18, 0], "size": [1, 1, 1], "uv": [101, 114]}
				]
			},
			{
				"name": "violin23",
				"parent": "cosFloat3",
				"pivot": [9, 23, 1],
				"rotation": [25, 0, 0],
				"cubes": [
					{"origin": [8.25, 23, 0], "size": [1.5, 1.5, 1], "uv": [109, 109]}
				]
			},
			{
				"name": "violin24",
				"parent": "cosFloat3",
				"pivot": [9, 14, -0.5],
				"rotation": [30, 0, 0],
				"cubes": [
					{"origin": [8, 13, -0.5], "size": [2, 1, 1], "uv": [109, 112]}
				]
			},
			{
				"name": "cosFloat2",
				"parent": "bone89",
				"pivot": [8, 17, 0],
				"rotation": [-10, 0, -10],
				"cubes": [
					{"origin": [8, 12, -0.1], "size": [2, 7, 1], "uv": [105, 100]},
					{"origin": [7, 12.5, 0], "size": [4, 3, 1], "uv": [111, 100]},
					{"origin": [7.5, 16, 0], "size": [3, 2, 1], "uv": [111, 105]},
					{"origin": [8.5, 18, 0], "size": [1, 5, 1], "uv": [105, 109]},
					{"origin": [8.5, 14, -0.25], "size": [1, 10, 0], "uv": [105, 115]}
				]
			},
			{
				"name": "violin2",
				"parent": "cosFloat2",
				"pivot": [8, 12, 0],
				"rotation": [0, 0, -60],
				"cubes": [
					{"origin": [8, 12, 0], "size": [1, 1, 1], "uv": [101, 118]}
				]
			},
			{
				"name": "violin3",
				"parent": "cosFloat2",
				"pivot": [10, 12, 0],
				"rotation": [0, 0, 60],
				"cubes": [
					{"origin": [9, 12, 0], "size": [1, 1, 1], "uv": [101, 112]}
				]
			},
			{
				"name": "violin4",
				"parent": "cosFloat2",
				"pivot": [7, 15.5, 0],
				"rotation": [0, 0, 45],
				"cubes": [
					{"origin": [7, 15.5, 0], "size": [1, 1, 1], "uv": [107, 120]}
				]
			},
			{
				"name": "violin5",
				"parent": "cosFloat2",
				"pivot": [11, 15.5, 0],
				"rotation": [0, 0, -45],
				"cubes": [
					{"origin": [10, 15.5, 0], "size": [1, 1, 1], "uv": [107, 123]}
				]
			},
			{
				"name": "violin6",
				"parent": "cosFloat2",
				"pivot": [7.5, 18, 0],
				"rotation": [0, 0, 30],
				"cubes": [
					{"origin": [7.5, 18, 0], "size": [1, 1, 1], "uv": [101, 116]}
				]
			},
			{
				"name": "violin7",
				"parent": "cosFloat2",
				"pivot": [10.5, 18, 0],
				"rotation": [0, 0, -30],
				"cubes": [
					{"origin": [9.5, 18, 0], "size": [1, 1, 1], "uv": [101, 114]}
				]
			},
			{
				"name": "violin8",
				"parent": "cosFloat2",
				"pivot": [9, 23, 1],
				"rotation": [25, 0, 0],
				"cubes": [
					{"origin": [8.25, 23, 0], "size": [1.5, 1.5, 1], "uv": [109, 109]}
				]
			},
			{
				"name": "violin9",
				"parent": "cosFloat2",
				"pivot": [9, 14, -0.5],
				"rotation": [30, 0, 0],
				"cubes": [
					{"origin": [8, 13, -0.5], "size": [2, 1, 1], "uv": [109, 112]}
				]
			},
			{
				"name": "cosFloat4",
				"parent": "bone89",
				"pivot": [8, 17, 0],
				"rotation": [-10, 0, -10],
				"cubes": [
					{"origin": [8, 12, 0], "size": [2, 7, 1], "uv": [105, 100]},
					{"origin": [7, 12.5, 0], "size": [4, 3, 1], "uv": [111, 100]},
					{"origin": [7.5, 16, 0], "size": [3, 2, 1], "uv": [111, 105]},
					{"origin": [8.5, 18, 0], "size": [1, 5, 1], "uv": [105, 109]},
					{"origin": [8.5, 14, -0.25], "size": [1, 10, 0], "uv": [105, 115]}
				]
			},
			{
				"name": "violin25",
				"parent": "cosFloat4",
				"pivot": [8, 12, 0],
				"rotation": [0, 0, -60],
				"cubes": [
					{"origin": [8, 12, 0], "size": [1, 1, 1], "uv": [101, 118]}
				]
			},
			{
				"name": "violin26",
				"parent": "cosFloat4",
				"pivot": [10, 12, 0],
				"rotation": [0, 0, 60],
				"cubes": [
					{"origin": [9, 12, 0], "size": [1, 1, 1], "uv": [101, 112]}
				]
			},
			{
				"name": "violin27",
				"parent": "cosFloat4",
				"pivot": [7, 15.5, 0],
				"rotation": [0, 0, 45],
				"cubes": [
					{"origin": [7, 15.5, 0], "size": [1, 1, 1], "uv": [107, 120]}
				]
			},
			{
				"name": "violin28",
				"parent": "cosFloat4",
				"pivot": [11, 15.5, 0],
				"rotation": [0, 0, -45],
				"cubes": [
					{"origin": [10, 15.5, 0], "size": [1, 1, 1], "uv": [107, 123]}
				]
			},
			{
				"name": "violin29",
				"parent": "cosFloat4",
				"pivot": [7.5, 18, 0],
				"rotation": [0, 0, 30],
				"cubes": [
					{"origin": [7.5, 18, 0], "size": [1, 1, 1], "uv": [101, 116]}
				]
			},
			{
				"name": "violin30",
				"parent": "cosFloat4",
				"pivot": [10.5, 18, 0],
				"rotation": [0, 0, -30],
				"cubes": [
					{"origin": [9.5, 18, 0], "size": [1, 1, 1], "uv": [101, 114]}
				]
			},
			{
				"name": "violin31",
				"parent": "cosFloat4",
				"pivot": [9, 23, 1],
				"rotation": [25, 0, 0],
				"cubes": [
					{"origin": [8.25, 23, 0], "size": [1.5, 1.5, 1], "uv": [109, 109]}
				]
			},
			{
				"name": "violin32",
				"parent": "cosFloat4",
				"pivot": [9, 14, -0.5],
				"rotation": [30, 0, 0],
				"cubes": [
					{"origin": [8, 13, -0.5], "size": [2, 1, 1], "uv": [109, 112]}
				]
			},
			{
				"name": "legLeft",
				"pivot": [2, 9, 0],
				"cubes": [
					{"origin": [0.499, 0.2, -1.5], "size": [2.75, 8.9, 3], "uv": [51, 63]},
					{"origin": [0.499, 0.2, -1.5], "size": [2.75, 4, 3], "uv": [21, 59], "inflate": 0.1}
				]
			},
			{
				"name": "legRight",
				"pivot": [-2, 9, 0],
				"cubes": [
					{"origin": [-3.249, 0.2, -1.5], "size": [2.75, 8.8, 3], "uv": [41, 63]},
					{"origin": [-3.249, 0.2, -1.5], "size": [2.75, 4, 3], "uv": [64, 25], "inflate": 0.1}
				]
			}
		]
	}
}