{
	"format_version": "1.10.0",
	"geometry.model": {
		"texturewidth": 128,
		"textureheight": 128,
		"visible_bounds_width": 5,
		"visible_bounds_height": 5,
		"visible_bounds_offset": [0, 1.5, 0],
		"bones": [
			{
				"name": "head",
				"pivot": [0, 18, 0],
				"cubes": [
					{"origin": [-4, 18, -4], "size": [8, 8, 8], "uv": [32, 0]},
					{"origin": [-4, 18, -4], "size": [8, 8, 8], "uv": [0, 0], "inflate": 0.1}
				]
			},
			{
				"name": "blink",
				"parent": "head",
				"pivot": [0, 18, 0],
				"cubes": [
					{"origin": [-4, 18, -4.001], "size": [8, 8, 0], "uv": [24, 0]}
				]
			},
			{
				"name": "decoration3",
				"parent": "head",
				"pivot": [0, 18, 0],
				"cubes": [
					{"origin": [-4.5, 24.25, -2], "size": [9, 2, 3], "uv": [64, 48]},
					{"origin": [-2.5, 25.75, -2], "size": [1, 1, 1], "uv": [70, 18]},
					{"origin": [-4.5, 25.75, -2], "size": [1, 1, 1], "uv": [62, 29]},
					{"origin": [-5.5, 24.75, -2], "size": [1, 1, 1], "uv": [58, 33]},
					{"origin": [-5.5, 24.75, 0], "size": [1, 1, 1], "uv": [42, 57]},
					{"origin": [-2.5, 25.75, 0], "size": [1, 1, 1], "uv": [34, 69]},
					{"origin": [-4.5, 25.75, 0], "size": [1, 1, 1], "uv": [62, 16]},
					{"origin": [-0.5, 25.75, -2], "size": [1, 1, 1], "uv": [26, 69]},
					{"origin": [-0.5, 25.75, 0], "size": [1, 1, 1], "uv": [17, 69]},
					{"origin": [1.5, 25.75, -2], "size": [1, 1, 1], "uv": [7, 69]},
					{"origin": [3.5, 25.75, -2], "size": [1, 1, 1], "uv": [62, 18]},
					{"origin": [4.5, 24.75, -2], "size": [1, 1, 1], "uv": [0, 57]},
					{"origin": [4.5, 24.75, 0], "size": [1, 1, 1], "uv": [40, 20]},
					{"origin": [1.5, 25.75, 0], "size": [1, 1, 1], "uv": [54, 66]},
					{"origin": [3.5, 25.75, 0], "size": [1, 1, 1], "uv": [60, 20]}
				]
			},
			{
				"name": "bz",
				"parent": "head",
				"pivot": [2, 22, 0],
				"rotation": [0, 0, -25],
				"cubes": [
					{"origin": [3.5774, 17.0937, -1], "size": [2, 5, 2], "uv": [64, 88], "inflate": -0.3}
				]
			},
			{
				"name": "bz2",
				"parent": "head",
				"pivot": [-2, 22, 0],
				"rotation": [0, 0, 25],
				"cubes": [
					{"origin": [-5.5774, 17.0937, -1], "size": [2, 5, 2], "uv": [0, 0], "inflate": -0.3}
				]
			},
			{
				"name": "bone328",
				"parent": "head",
				"pivot": [-4, 23.6, 0.1],
				"rotation": [-9, 90, 45]
			},
			{
				"name": "bone329",
				"parent": "bone328",
				"pivot": [-2.8, 23, 8.1]
			},
			{
				"name": "bone330",
				"parent": "bone329",
				"pivot": [-4.3, 23.8, -0.1],
				"rotation": [0, 0, 5],
				"cubes": [
					{"origin": [-4.8, 19.8, -0.1], "size": [1, 4, 0], "uv": [60, 29]}
				]
			},
			{
				"name": "bone331",
				"parent": "bone330",
				"pivot": [-4.3, 23.9, -0.4],
				"rotation": [0, 0, 35],
				"cubes": [
					{"origin": [-4.8, 22, -0.9], "size": [1, 2, 1], "uv": [42, 54]}
				]
			},
			{
				"name": "bone332",
				"parent": "bone328",
				"pivot": [-5.2, 23, 8.1]
			},
			{
				"name": "bone333",
				"parent": "bone332",
				"pivot": [-3.7, 23.8, -0.1],
				"rotation": [0, 0, -5],
				"cubes": [
					{"origin": [-4.2, 19.8, -0.1], "size": [1, 4, 0], "uv": [60, 16]}
				]
			},
			{
				"name": "bone334",
				"parent": "bone333",
				"pivot": [-3.7, 23.9, -0.4],
				"rotation": [0, 0, -35],
				"cubes": [
					{"origin": [-4.2, 22, -0.9], "size": [1, 2, 1], "uv": [26, 54]}
				]
			},
			{
				"name": "bone87",
				"parent": "head",
				"pivot": [4, 23.6, 0.1],
				"rotation": [-9, -90, -45]
			},
			{
				"name": "bone88",
				"parent": "bone87",
				"pivot": [2.8, 23, 8.1]
			},
			{
				"name": "bone89",
				"parent": "bone88",
				"pivot": [4.3, 23.8, -0.1],
				"rotation": [0, 0, -5],
				"cubes": [
					{"origin": [3.8, 19.8, -0.1], "size": [1, 4, 0], "uv": [58, 29]}
				]
			},
			{
				"name": "bone90",
				"parent": "bone89",
				"pivot": [4.3, 23.9, -0.4],
				"rotation": [0, 0, -35],
				"cubes": [
					{"origin": [3.8, 22, -0.9], "size": [1, 2, 1], "uv": [18, 54]}
				]
			},
			{
				"name": "bone91",
				"parent": "bone87",
				"pivot": [5.2, 23, 8.1]
			},
			{
				"name": "bone92",
				"parent": "bone91",
				"pivot": [3.7, 23.8, -0.1],
				"rotation": [0, 0, 5],
				"cubes": [
					{"origin": [3.2, 19.8, -0.1], "size": [1, 4, 0], "uv": [46, 54]}
				]
			},
			{
				"name": "bone93",
				"parent": "bone92",
				"pivot": [3.7, 23.9, -0.4],
				"rotation": [0, 0, 35],
				"cubes": [
					{"origin": [3.2, 22, -0.9], "size": [1, 2, 1], "uv": [0, 54]}
				]
			},
			{
				"name": "armRight",
				"pivot": [-3, 17.5, 0],
				"rotation": [0, 0, 25],
				"cubes": [
					{"origin": [-5, 8.5, -1], "size": [2, 8, 2], "uv": [28, 69]},
					{"origin": [-5.5, 9.5, -1.5], "size": [3, 8, 3], "uv": [57, 66], "inflate": -0.2}
				]
			},
			{
				"name": "armLeft",
				"pivot": [3, 17.5, 0],
				"rotation": [0, 0, -25],
				"cubes": [
					{"origin": [2.5, 9.5, -1.5], "size": [3, 8, 3], "uv": [45, 66], "inflate": -0.2},
					{"origin": [3, 8.5, -1], "size": [2, 8, 2], "uv": [20, 69]}
				]
			},
			{
				"name": "body",
				"pivot": [0, 10.5, 0],
				"cubes": [
					{"origin": [-3, 8.999, -3], "size": [6, 9, 6], "uv": [24, 54]},
					{"origin": [-3, 8.999, -3], "size": [6, 9, 6], "uv": [0, 54], "inflate": 0.1},
					{"origin": [-3, 8.999, -3], "size": [6, 9, 6], "uv": [40, 29], "inflate": 0.12}
				]
			},
			{
				"name": "sittingRotationSkirt",
				"parent": "body",
				"pivot": [0, 10.5, 0]
			},
			{
				"name": "bone",
				"parent": "sittingRotationSkirt",
				"pivot": [0, 16.5, 0]
			},
			{
				"name": "bone2",
				"parent": "bone",
				"pivot": [0, 6, 0]
			},
			{
				"name": "bone3",
				"parent": "bone2",
				"pivot": [0, 6, 6.19607],
				"rotation": [41, 0, 0]
			},
			{
				"name": "bone4",
				"parent": "bone3",
				"pivot": [0, 6, 6.19607],
				"rotation": [0, -45, 0],
				"cubes": [
					{"origin": [-1, 6, 5.19607], "size": [2, 7, 2], "uv": [14, 88]}
				]
			},
			{
				"name": "bone5",
				"parent": "bone",
				"pivot": [0, 6, 0],
				"rotation": [0, -25.71429, 0]
			},
			{
				"name": "bone6",
				"parent": "bone5",
				"pivot": [0, 6, 6.19607],
				"rotation": [41, 0, 0]
			},
			{
				"name": "bone7",
				"parent": "bone6",
				"pivot": [0, 6, 6.19607],
				"rotation": [0, -45, 0],
				"cubes": [
					{"origin": [-1, 6, 5.19607], "size": [2, 7, 2], "uv": [32, 87]}
				]
			},
			{
				"name": "bone8",
				"parent": "bone",
				"pivot": [0, 6, 0],
				"rotation": [0, -51.42857, 0]
			},
			{
				"name": "bone9",
				"parent": "bone8",
				"pivot": [0, 6, 6.19607],
				"rotation": [41, 0, 0]
			},
			{
				"name": "bone10",
				"parent": "bone9",
				"pivot": [0, 6, 6.19607],
				"rotation": [0, -45, 0],
				"cubes": [
					{"origin": [-1, 6, 5.19607], "size": [2, 7, 2], "uv": [72, 86]}
				]
			},
			{
				"name": "bone11",
				"parent": "bone",
				"pivot": [0, 6, 0],
				"rotation": [0, -77.14286, 0]
			},
			{
				"name": "bone12",
				"parent": "bone11",
				"pivot": [0, 6, 6.19607],
				"rotation": [41, 0, 0]
			},
			{
				"name": "bone13",
				"parent": "bone12",
				"pivot": [0, 6, 6.19607],
				"rotation": [0, -45, 0],
				"cubes": [
					{"origin": [-1, 6, 5.19607], "size": [2, 7, 2], "uv": [56, 86]}
				]
			},
			{
				"name": "bone14",
				"parent": "bone",
				"pivot": [0, 6, 0],
				"rotation": [0, -102.85714, 0]
			},
			{
				"name": "bone15",
				"parent": "bone14",
				"pivot": [0, 6, 6.19607],
				"rotation": [41, 0, 0]
			},
			{
				"name": "bone16",
				"parent": "bone15",
				"pivot": [0, 6, 6.19607],
				"rotation": [0, -45, 0],
				"cubes": [
					{"origin": [-1, 6, 5.19607], "size": [2, 7, 2], "uv": [48, 86]}
				]
			},
			{
				"name": "bone17",
				"parent": "bone",
				"pivot": [0, 6, 0],
				"rotation": [0, -128.57143, 0]
			},
			{
				"name": "bone18",
				"parent": "bone17",
				"pivot": [0, 6, 6.19607],
				"rotation": [41, 0, 0]
			},
			{
				"name": "bone19",
				"parent": "bone18",
				"pivot": [0, 6, 6.19607],
				"rotation": [0, -45, 0],
				"cubes": [
					{"origin": [-1, 6, 5.19607], "size": [2, 7, 2], "uv": [86, 41]}
				]
			},
			{
				"name": "bone20",
				"parent": "bone",
				"pivot": [0, 6, 0],
				"rotation": [0, -154.28571, 0]
			},
			{
				"name": "bone21",
				"parent": "bone20",
				"pivot": [0, 6, 6.19607],
				"rotation": [41, 0, 0]
			},
			{
				"name": "bone22",
				"parent": "bone21",
				"pivot": [0, 6, 6.19607],
				"rotation": [0, -45, 0],
				"cubes": [
					{"origin": [-1, 6, 5.19607], "size": [2, 7, 2], "uv": [40, 86]}
				]
			},
			{
				"name": "bone23",
				"parent": "bone",
				"pivot": [0, 6, 0],
				"rotation": [0, -180, 0]
			},
			{
				"name": "bone24",
				"parent": "bone23",
				"pivot": [0, 6, 6.19607],
				"rotation": [41, 0, 0]
			},
			{
				"name": "bone25",
				"parent": "bone24",
				"pivot": [0, 6, 6.19607],
				"rotation": [0, -45, 0],
				"cubes": [
					{"origin": [-1, 6, 5.19607], "size": [2, 7, 2], "uv": [86, 32]}
				]
			},
			{
				"name": "bone26",
				"parent": "bone",
				"pivot": [0, 6, 0],
				"rotation": [0, -205.71429, 0]
			},
			{
				"name": "bone27",
				"parent": "bone26",
				"pivot": [0, 6, 6.19607],
				"rotation": [41, 0, 0]
			},
			{
				"name": "bone28",
				"parent": "bone27",
				"pivot": [0, 6, 6.19607],
				"rotation": [0, -45, 0],
				"cubes": [
					{"origin": [-1, 6, 5.19607], "size": [2, 7, 2], "uv": [86, 0]}
				]
			},
			{
				"name": "bone29",
				"parent": "bone",
				"pivot": [0, 6, 0],
				"rotation": [0, -231.42857, 0]
			},
			{
				"name": "bone30",
				"parent": "bone29",
				"pivot": [0, 6, 6.19607],
				"rotation": [41, 0, 0]
			},
			{
				"name": "bone31",
				"parent": "bone30",
				"pivot": [0, 6, 6.19607],
				"rotation": [0, -45, 0],
				"cubes": [
					{"origin": [-1, 6, 5.19607], "size": [2, 7, 2], "uv": [85, 62]}
				]
			},
			{
				"name": "bone32",
				"parent": "bone",
				"pivot": [0, 6, 0],
				"rotation": [0, -257.14286, 0]
			},
			{
				"name": "bone33",
				"parent": "bone32",
				"pivot": [0, 6, 6.19607],
				"rotation": [41, 0, 0]
			},
			{
				"name": "bone34",
				"parent": "bone33",
				"pivot": [0, 6, 6.19607],
				"rotation": [0, -45, 0],
				"cubes": [
					{"origin": [-1, 6, 5.19607], "size": [2, 7, 2], "uv": [81, 84]}
				]
			},
			{
				"name": "bone35",
				"parent": "bone",
				"pivot": [0, 6, 0],
				"rotation": [0, -282.85714, 0]
			},
			{
				"name": "bone36",
				"parent": "bone35",
				"pivot": [0, 6, 6.19607],
				"rotation": [41, 0, 0]
			},
			{
				"name": "bone37",
				"parent": "bone36",
				"pivot": [0, 6, 6.19607],
				"rotation": [0, -45, 0],
				"cubes": [
					{"origin": [-1, 6, 5.19607], "size": [2, 7, 2], "uv": [83, 75]}
				]
			},
			{
				"name": "bone38",
				"parent": "bone",
				"pivot": [0, 6, 0],
				"rotation": [0, -308.57143, 0]
			},
			{
				"name": "bone39",
				"parent": "bone38",
				"pivot": [0, 6, 6.19607],
				"rotation": [41, 0, 0]
			},
			{
				"name": "bone40",
				"parent": "bone39",
				"pivot": [0, 6, 6.19607],
				"rotation": [0, -45, 0],
				"cubes": [
					{"origin": [-1, 6, 5.19607], "size": [2, 7, 2], "uv": [82, 23]}
				]
			},
			{
				"name": "bone41",
				"parent": "bone",
				"pivot": [0, 6, 0],
				"rotation": [0, -334.28571, 0]
			},
			{
				"name": "bone42",
				"parent": "bone41",
				"pivot": [0, 6, 6.19607],
				"rotation": [41, 0, 0]
			},
			{
				"name": "bone43",
				"parent": "bone42",
				"pivot": [0, 6, 6.19607],
				"rotation": [0, -45, 0],
				"cubes": [
					{"origin": [-1, 6, 5.19607], "size": [2, 7, 2], "uv": [82, 9]}
				]
			},
			{
				"name": "bone101",
				"parent": "sittingRotationSkirt",
				"pivot": [0, 15.5, 0]
			},
			{
				"name": "bone102",
				"parent": "bone101",
				"pivot": [0, 5, 0]
			},
			{
				"name": "bone103",
				"parent": "bone102",
				"pivot": [0, 5, 6.19607],
				"rotation": [41, 0, 0]
			},
			{
				"name": "bone104",
				"parent": "bone103",
				"pivot": [0, 5, 6.19607],
				"rotation": [0, -45, 0],
				"cubes": [
					{"origin": [-1, 5, 5.19607], "size": [2, 7, 2], "uv": [18, 79]}
				]
			},
			{
				"name": "bone105",
				"parent": "bone101",
				"pivot": [0, 5, 0],
				"rotation": [0, -25.71429, 0]
			},
			{
				"name": "bone106",
				"parent": "bone105",
				"pivot": [0, 5, 6.19607],
				"rotation": [41, 0, 0]
			},
			{
				"name": "bone107",
				"parent": "bone106",
				"pivot": [0, 5, 6.19607],
				"rotation": [0, -45, 0],
				"cubes": [
					{"origin": [-1, 5, 5.19607], "size": [2, 7, 2], "uv": [34, 78]}
				]
			},
			{
				"name": "bone108",
				"parent": "bone101",
				"pivot": [0, 5, 0],
				"rotation": [0, -51.42857, 0]
			},
			{
				"name": "bone109",
				"parent": "bone108",
				"pivot": [0, 5, 6.19607],
				"rotation": [41, 0, 0]
			},
			{
				"name": "bone110",
				"parent": "bone109",
				"pivot": [0, 5, 6.19607],
				"rotation": [0, -45, 0],
				"cubes": [
					{"origin": [-1, 5, 5.19607], "size": [2, 7, 2], "uv": [78, 0]}
				]
			},
			{
				"name": "bone111",
				"parent": "bone101",
				"pivot": [0, 5, 0],
				"rotation": [0, -77.14286, 0]
			},
			{
				"name": "bone112",
				"parent": "bone111",
				"pivot": [0, 5, 6.19607],
				"rotation": [41, 0, 0]
			},
			{
				"name": "bone113",
				"parent": "bone112",
				"pivot": [0, 5, 6.19607],
				"rotation": [0, -45, 0],
				"cubes": [
					{"origin": [-1, 5, 5.19607], "size": [2, 7, 2], "uv": [75, 77]}
				]
			},
			{
				"name": "bone114",
				"parent": "bone101",
				"pivot": [0, 5, 0],
				"rotation": [0, -102.85714, 0]
			},
			{
				"name": "bone115",
				"parent": "bone114",
				"pivot": [0, 5, 6.19607],
				"rotation": [41, 0, 0]
			},
			{
				"name": "bone116",
				"parent": "bone115",
				"pivot": [0, 5, 6.19607],
				"rotation": [0, -45, 0],
				"cubes": [
					{"origin": [-1, 5, 5.19607], "size": [2, 7, 2], "uv": [77, 68]}
				]
			},
			{
				"name": "bone117",
				"parent": "bone101",
				"pivot": [0, 5, 0],
				"rotation": [0, -128.57143, 0]
			},
			{
				"name": "bone118",
				"parent": "bone117",
				"pivot": [0, 5, 6.19607],
				"rotation": [41, 0, 0]
			},
			{
				"name": "bone119",
				"parent": "bone118",
				"pivot": [0, 5, 6.19607],
				"rotation": [0, -45, 0],
				"cubes": [
					{"origin": [-1, 5, 5.19607], "size": [2, 7, 2], "uv": [58, 77]}
				]
			},
			{
				"name": "bone120",
				"parent": "bone101",
				"pivot": [0, 5, 0],
				"rotation": [0, -154.28571, 0]
			},
			{
				"name": "bone121",
				"parent": "bone120",
				"pivot": [0, 5, 6.19607],
				"rotation": [41, 0, 0]
			},
			{
				"name": "bone122",
				"parent": "bone121",
				"pivot": [0, 5, 6.19607],
				"rotation": [0, -45, 0],
				"cubes": [
					{"origin": [-1, 5, 5.19607], "size": [2, 7, 2], "uv": [50, 77]}
				]
			},
			{
				"name": "bone123",
				"parent": "bone101",
				"pivot": [0, 5, 0],
				"rotation": [0, -180, 0]
			},
			{
				"name": "bone124",
				"parent": "bone123",
				"pivot": [0, 5, 6.19607],
				"rotation": [41, 0, 0]
			},
			{
				"name": "bone125",
				"parent": "bone124",
				"pivot": [0, 5, 6.19607],
				"rotation": [0, -45, 0],
				"cubes": [
					{"origin": [-1, 5, 5.19607], "size": [2, 7, 2], "uv": [42, 77]}
				]
			},
			{
				"name": "bone126",
				"parent": "bone101",
				"pivot": [0, 5, 0],
				"rotation": [0, -205.71429, 0]
			},
			{
				"name": "bone127",
				"parent": "bone126",
				"pivot": [0, 5, 6.19607],
				"rotation": [41, 0, 0]
			},
			{
				"name": "bone128",
				"parent": "bone127",
				"pivot": [0, 5, 6.19607],
				"rotation": [0, -45, 0],
				"cubes": [
					{"origin": [-1, 5, 5.19607], "size": [2, 7, 2], "uv": [76, 16]}
				]
			},
			{
				"name": "bone129",
				"parent": "bone101",
				"pivot": [0, 5, 0],
				"rotation": [0, -231.42857, 0]
			},
			{
				"name": "bone130",
				"parent": "bone129",
				"pivot": [0, 5, 6.19607],
				"rotation": [41, 0, 0]
			},
			{
				"name": "bone131",
				"parent": "bone130",
				"pivot": [0, 5, 6.19607],
				"rotation": [0, -45, 0],
				"cubes": [
					{"origin": [-1, 5, 5.19607], "size": [2, 7, 2], "uv": [72, 53]}
				]
			},
			{
				"name": "bone132",
				"parent": "bone101",
				"pivot": [0, 5, 0],
				"rotation": [0, -257.14286, 0]
			},
			{
				"name": "bone133",
				"parent": "bone132",
				"pivot": [0, 5, 6.19607],
				"rotation": [41, 0, 0]
			},
			{
				"name": "bone134",
				"parent": "bone133",
				"pivot": [0, 5, 6.19607],
				"rotation": [0, -45, 0],
				"cubes": [
					{"origin": [-1, 5, 5.19607], "size": [2, 7, 2], "uv": [69, 70]}
				]
			},
			{
				"name": "bone135",
				"parent": "bone101",
				"pivot": [0, 5, 0],
				"rotation": [0, -282.85714, 0]
			},
			{
				"name": "bone136",
				"parent": "bone135",
				"pivot": [0, 5, 6.19607],
				"rotation": [41, 0, 0]
			},
			{
				"name": "bone137",
				"parent": "bone136",
				"pivot": [0, 5, 6.19607],
				"rotation": [0, -45, 0],
				"cubes": [
					{"origin": [-1, 5, 5.19607], "size": [2, 7, 2], "uv": [70, 9]}
				]
			},
			{
				"name": "bone138",
				"parent": "bone101",
				"pivot": [0, 5, 0],
				"rotation": [0, -308.57143, 0]
			},
			{
				"name": "bone139",
				"parent": "bone138",
				"pivot": [0, 5, 6.19607],
				"rotation": [41, 0, 0]
			},
			{
				"name": "bone140",
				"parent": "bone139",
				"pivot": [0, 5, 6.19607],
				"rotation": [0, -45, 0],
				"cubes": [
					{"origin": [-1, 5, 5.19607], "size": [2, 7, 2], "uv": [70, 0]}
				]
			},
			{
				"name": "bone141",
				"parent": "bone101",
				"pivot": [0, 5, 0],
				"rotation": [0, -334.28571, 0]
			},
			{
				"name": "bone142",
				"parent": "bone141",
				"pivot": [0, 5, 6.19607],
				"rotation": [41, 0, 0]
			},
			{
				"name": "bone143",
				"parent": "bone142",
				"pivot": [0, 5, 6.19607],
				"rotation": [0, -45, 0],
				"cubes": [
					{"origin": [-1, 5, 5.19607], "size": [2, 7, 2], "uv": [36, 69]}
				]
			},
			{
				"name": "bone44",
				"parent": "sittingRotationSkirt",
				"pivot": [0, 17.5, 0]
			},
			{
				"name": "bone45",
				"parent": "bone44",
				"pivot": [0, 7, 0]
			},
			{
				"name": "bone46",
				"parent": "bone45",
				"pivot": [0, 7, 6.19607],
				"rotation": [41, 0, 0]
			},
			{
				"name": "bone47",
				"parent": "bone46",
				"pivot": [0, 7, 6.19607],
				"rotation": [0, -45, 0]
			},
			{
				"name": "bone48",
				"parent": "bone44",
				"pivot": [0, 7, 0],
				"rotation": [0, -25.71429, 0]
			},
			{
				"name": "bone49",
				"parent": "bone48",
				"pivot": [0, 7, 6.19607],
				"rotation": [41, 0, 0]
			},
			{
				"name": "bone50",
				"parent": "bone49",
				"pivot": [0, 7, 6.19607],
				"rotation": [0, -45, 0]
			},
			{
				"name": "bone51",
				"parent": "bone44",
				"pivot": [0, 7, 0],
				"rotation": [0, -51.42857, 0]
			},
			{
				"name": "bone52",
				"parent": "bone51",
				"pivot": [0, 7, 6.19607],
				"rotation": [41, 0, 0]
			},
			{
				"name": "bone53",
				"parent": "bone52",
				"pivot": [0, 7, 6.19607],
				"rotation": [0, -45, 0]
			},
			{
				"name": "bone54",
				"parent": "bone44",
				"pivot": [0, 7, 0],
				"rotation": [0, -77.14286, 0]
			},
			{
				"name": "bone55",
				"parent": "bone54",
				"pivot": [0, 7, 6.19607],
				"rotation": [41, 0, 0]
			},
			{
				"name": "bone56",
				"parent": "bone55",
				"pivot": [0, 7, 6.19607],
				"rotation": [0, -45, 0]
			},
			{
				"name": "bone57",
				"parent": "bone44",
				"pivot": [0, 7, 0],
				"rotation": [0, -102.85714, 0]
			},
			{
				"name": "bone58",
				"parent": "bone57",
				"pivot": [0, 7, 6.19607],
				"rotation": [41, 0, 0]
			},
			{
				"name": "bone59",
				"parent": "bone58",
				"pivot": [0, 7, 6.19607],
				"rotation": [0, -45, 0]
			},
			{
				"name": "bone60",
				"parent": "bone44",
				"pivot": [0, 7, 0],
				"rotation": [0, -128.57143, 0]
			},
			{
				"name": "bone61",
				"parent": "bone60",
				"pivot": [0, 7, 6.19607],
				"rotation": [41, 0, 0]
			},
			{
				"name": "bone62",
				"parent": "bone61",
				"pivot": [0, 7, 6.19607],
				"rotation": [0, -45, 0],
				"cubes": [
					{"origin": [-1, 7, 5.19607], "size": [2, 7, 2], "uv": [80, 53]}
				]
			},
			{
				"name": "bone63",
				"parent": "bone44",
				"pivot": [0, 7, 0],
				"rotation": [0, -154.28571, 0]
			},
			{
				"name": "bone64",
				"parent": "bone63",
				"pivot": [0, 7, 6.19607],
				"rotation": [41, 0, 0]
			},
			{
				"name": "bone65",
				"parent": "bone64",
				"pivot": [0, 7, 6.19607],
				"rotation": [0, -45, 0],
				"cubes": [
					{"origin": [-1, 7, 5.19607], "size": [2, 7, 2], "uv": [8, 80]}
				]
			},
			{
				"name": "bone66",
				"parent": "bone44",
				"pivot": [0, 7, 0],
				"rotation": [0, -180, 0]
			},
			{
				"name": "bone67",
				"parent": "bone66",
				"pivot": [0, 7, 6.19607],
				"rotation": [41, 0, 0]
			},
			{
				"name": "bone68",
				"parent": "bone67",
				"pivot": [0, 7, 6.19607],
				"rotation": [0, -45, 0],
				"cubes": [
					{"origin": [-1, 7, 5.19607], "size": [2, 7, 2], "uv": [0, 80]}
				]
			},
			{
				"name": "bone69",
				"parent": "bone44",
				"pivot": [0, 7, 0],
				"rotation": [0, -205.71429, 0]
			},
			{
				"name": "bone70",
				"parent": "bone69",
				"pivot": [0, 7, 6.19607],
				"rotation": [41, 0, 0]
			},
			{
				"name": "bone71",
				"parent": "bone70",
				"pivot": [0, 7, 6.19607],
				"rotation": [0, -45, 0],
				"cubes": [
					{"origin": [-1, 7, 5.19607], "size": [2, 7, 2], "uv": [66, 79]}
				]
			},
			{
				"name": "bone72",
				"parent": "bone44",
				"pivot": [0, 7, 0],
				"rotation": [0, -231.42857, 0]
			},
			{
				"name": "bone73",
				"parent": "bone72",
				"pivot": [0, 7, 6.19607],
				"rotation": [41, 0, 0]
			},
			{
				"name": "bone74",
				"parent": "bone73",
				"pivot": [0, 7, 6.19607],
				"rotation": [0, -45, 0],
				"cubes": [
					{"origin": [-1, 7, 5.19607], "size": [2, 7, 2], "uv": [26, 79]}
				]
			},
			{
				"name": "bone75",
				"parent": "bone44",
				"pivot": [0, 7, 0],
				"rotation": [0, -257.14286, 0]
			},
			{
				"name": "bone76",
				"parent": "bone75",
				"pivot": [0, 7, 6.19607],
				"rotation": [41, 0, 0]
			},
			{
				"name": "bone77",
				"parent": "bone76",
				"pivot": [0, 7, 6.19607],
				"rotation": [0, -45, 0]
			},
			{
				"name": "bone78",
				"parent": "bone44",
				"pivot": [0, 7, 0],
				"rotation": [0, -282.85714, 0]
			},
			{
				"name": "bone79",
				"parent": "bone78",
				"pivot": [0, 7, 6.19607],
				"rotation": [41, 0, 0]
			},
			{
				"name": "bone80",
				"parent": "bone79",
				"pivot": [0, 7, 6.19607],
				"rotation": [0, -45, 0]
			},
			{
				"name": "bone81",
				"parent": "bone44",
				"pivot": [0, 7, 0],
				"rotation": [0, -308.57143, 0]
			},
			{
				"name": "bone82",
				"parent": "bone81",
				"pivot": [0, 7, 6.19607],
				"rotation": [41, 0, 0]
			},
			{
				"name": "bone83",
				"parent": "bone82",
				"pivot": [0, 7, 6.19607],
				"rotation": [0, -45, 0]
			},
			{
				"name": "bone84",
				"parent": "bone44",
				"pivot": [0, 7, 0],
				"rotation": [0, -334.28571, 0]
			},
			{
				"name": "bone85",
				"parent": "bone84",
				"pivot": [0, 7, 6.19607],
				"rotation": [41, 0, 0]
			},
			{
				"name": "bone86",
				"parent": "bone85",
				"pivot": [0, 7, 6.19607],
				"rotation": [0, -45, 0]
			},
			{
				"name": "bone94",
				"parent": "body",
				"pivot": [0, 17.6, -2.9],
				"rotation": [-9, 0, 0]
			},
			{
				"name": "bone95",
				"parent": "bone94",
				"pivot": [1.2, 17, 5.1]
			},
			{
				"name": "bone96",
				"parent": "bone95",
				"pivot": [-0.3, 17.8, -3.1],
				"rotation": [0, 0, 5],
				"cubes": [
					{"origin": [-0.8, 13.8, -3.1], "size": [1, 4, 0], "uv": [4, 54]}
				]
			},
			{
				"name": "bone97",
				"parent": "bone96",
				"pivot": [-0.3, 17.9, -3.4],
				"rotation": [0, 0, 35],
				"cubes": [
					{"origin": [-0.8, 16, -3.9], "size": [1, 2, 1], "uv": [40, 32]}
				]
			},
			{
				"name": "bone98",
				"parent": "bone94",
				"pivot": [-1.2, 17, 5.1]
			},
			{
				"name": "bone99",
				"parent": "bone98",
				"pivot": [0.3, 17.8, -3.1],
				"rotation": [0, 0, -5],
				"cubes": [
					{"origin": [-0.2, 13.8, -3.1], "size": [1, 4, 0], "uv": [44, 29]}
				]
			},
			{
				"name": "bone100",
				"parent": "bone99",
				"pivot": [0.3, 17.9, -3.4],
				"rotation": [0, 0, -35],
				"cubes": [
					{"origin": [-0.2, 16, -3.9], "size": [1, 2, 1], "uv": [40, 29]}
				]
			},
			{
				"name": "decoration4",
				"parent": "body",
				"pivot": [0, 11, 3],
				"cubes": [
					{"origin": [-1, 9, 3.7], "size": [2, 3, 1], "uv": [40, 16]}
				]
			},
			{
				"name": "bone146",
				"parent": "decoration4",
				"pivot": [0, 11, 3],
				"rotation": [0, 20, 0]
			},
			{
				"name": "bone147",
				"parent": "bone146",
				"pivot": [0, 11, 3],
				"rotation": [0, 0, 20],
				"cubes": [
					{"origin": [-5, 10, 3], "size": [5, 2, 1], "uv": [89, 74]}
				]
			},
			{
				"name": "bone148",
				"parent": "bone146",
				"pivot": [0, 11, 3],
				"rotation": [0, 0, -3],
				"cubes": [
					{"origin": [-5, 10, 3], "size": [5, 2, 1], "uv": [0, 89]}
				]
			},
			{
				"name": "bone149",
				"parent": "decoration4",
				"pivot": [0, 11, 3],
				"rotation": [0, -20, 0]
			},
			{
				"name": "bone150",
				"parent": "bone149",
				"pivot": [0, 11, 3],
				"rotation": [0, 0, -20],
				"cubes": [
					{"origin": [0, 10, 3], "size": [5, 2, 1], "uv": [85, 71]}
				]
			},
			{
				"name": "bone151",
				"parent": "bone149",
				"pivot": [0, 11, 3],
				"rotation": [0, 0, 3],
				"cubes": [
					{"origin": [0, 10, 3], "size": [5, 2, 1], "uv": [28, 16]}
				]
			},
			{
				"name": "line",
				"parent": "decoration4",
				"pivot": [0, 11, 3],
				"rotation": [0, -45, -30]
			},
			{
				"name": "bone152",
				"parent": "line",
				"pivot": [0, 10, 4],
				"cubes": [
					{"origin": [0, 9, 4], "size": [0, 2, 1], "uv": [0, 68]}
				]
			},
			{
				"name": "bone153",
				"parent": "line",
				"pivot": [0, 10, 4],
				"rotation": [0, -15, 0],
				"cubes": [
					{"origin": [0.25882, 9, 4.96593], "size": [0, 2, 1], "uv": [66, 65]}
				]
			},
			{
				"name": "bone154",
				"parent": "line",
				"pivot": [0, 10, 4],
				"rotation": [0, -30, 0],
				"cubes": [
					{"origin": [0.75882, 9, 5.83195], "size": [0, 2, 1], "uv": [58, 65]}
				]
			},
			{
				"name": "bone155",
				"parent": "line",
				"pivot": [0, 10, 4],
				"rotation": [0, -45, 0],
				"cubes": [
					{"origin": [1.46593, 9, 6.53906], "size": [0, 2, 1], "uv": [64, 47]}
				]
			},
			{
				"name": "bone156",
				"parent": "line",
				"pivot": [0, 10, 4],
				"rotation": [0, -60, 0],
				"cubes": [
					{"origin": [2.33295, 9, 7.03906], "size": [0, 2, 1], "uv": [64, 36]}
				]
			},
			{
				"name": "bone157",
				"parent": "line",
				"pivot": [0, 10, 4],
				"rotation": [0, -75, 0],
				"cubes": [
					{"origin": [3.29984, 9, 7.29762], "size": [0, 2, 1], "uv": [64, 19]}
				]
			},
			{
				"name": "bone158",
				"parent": "line",
				"pivot": [0, 10, 4],
				"rotation": [0, -90, 0],
				"cubes": [
					{"origin": [4.30071, 9, 7.29712], "size": [0, 2, 1], "uv": [64, 12]}
				]
			},
			{
				"name": "bone159",
				"parent": "line",
				"pivot": [0, 10, 4],
				"rotation": [0, -105, 0],
				"cubes": [
					{"origin": [5.26634, 9, 7.03759], "size": [0, 2, 1], "uv": [64, 10]}
				]
			},
			{
				"name": "bone160",
				"parent": "line",
				"pivot": [0, 10, 4],
				"rotation": [0, -120, 0],
				"cubes": [
					{"origin": [6.1329, 9, 6.53698], "size": [0, 2, 1], "uv": [64, 8]}
				]
			},
			{
				"name": "line2",
				"parent": "decoration4",
				"pivot": [0, 11, 3],
				"rotation": [0, -45, -150]
			},
			{
				"name": "bone161",
				"parent": "line2",
				"pivot": [0, 12, 4],
				"cubes": [
					{"origin": [0, 11, 4], "size": [0, 2, 1], "uv": [64, 6]}
				]
			},
			{
				"name": "bone162",
				"parent": "line2",
				"pivot": [0, 12, 4],
				"rotation": [0, -15, 0],
				"cubes": [
					{"origin": [0.25882, 11, 4.96593], "size": [0, 2, 1], "uv": [63, 0]}
				]
			},
			{
				"name": "bone163",
				"parent": "line2",
				"pivot": [0, 12, 4],
				"rotation": [0, -30, 0],
				"cubes": [
					{"origin": [0.75882, 11, 5.83195], "size": [0, 2, 1], "uv": [62, 32]}
				]
			},
			{
				"name": "bone164",
				"parent": "line2",
				"pivot": [0, 12, 4],
				"rotation": [0, -45, 0],
				"cubes": [
					{"origin": [1.46593, 11, 6.53906], "size": [0, 2, 1], "uv": [62, 30]}
				]
			},
			{
				"name": "bone165",
				"parent": "line2",
				"pivot": [0, 12, 4],
				"rotation": [0, -60, 0],
				"cubes": [
					{"origin": [2.33295, 11, 7.03906], "size": [0, 2, 1], "uv": [46, 57]}
				]
			},
			{
				"name": "bone166",
				"parent": "line2",
				"pivot": [0, 12, 4],
				"rotation": [0, -75, 0],
				"cubes": [
					{"origin": [3.29984, 11, 7.29762], "size": [0, 2, 1], "uv": [4, 57]}
				]
			},
			{
				"name": "bone167",
				"parent": "line2",
				"pivot": [0, 12, 4],
				"rotation": [0, -90, 0],
				"cubes": [
					{"origin": [4.30071, 11, 7.29712], "size": [0, 2, 1], "uv": [56, 0]}
				]
			},
			{
				"name": "bone168",
				"parent": "line2",
				"pivot": [0, 12, 4],
				"rotation": [0, -105, 0],
				"cubes": [
					{"origin": [5.26634, 11, 7.03759], "size": [0, 2, 1], "uv": [44, 32]}
				]
			},
			{
				"name": "bone169",
				"parent": "line2",
				"pivot": [0, 12, 4],
				"rotation": [0, -120, 0],
				"cubes": [
					{"origin": [6.1329, 11, 6.53698], "size": [0, 2, 1], "uv": [44, 19]}
				]
			},
			{
				"name": "chestPlate",
				"parent": "body",
				"pivot": [0, 10.5, 0]
			},
			{
				"name": "attackShow",
				"parent": "chestPlate",
				"pivot": [0, 10.5, 0]
			},
			{
				"name": "sinFloat",
				"parent": "attackShow",
				"pivot": [0, 10.5, 0]
			},
			{
				"name": "bone144",
				"parent": "sinFloat",
				"pivot": [4, 10.5, -6],
				"rotation": [-37.5, 0, 0],
				"cubes": [
					{"origin": [15, 3.5, -7], "size": [1, 31, 1], "uv": [66, 0]},
					{"origin": [9, 34.5, -7], "size": [13, 1, 1], "uv": [0, 18]},
					{"origin": [21, 35.5, -7], "size": [1, 11, 1], "uv": [26, 88]},
					{"origin": [9, 35.5, -7], "size": [1, 11, 1], "uv": [22, 88]},
					{"origin": [10, 35.5, -6], "size": [11, 11, 1], "uv": [48, 54]},
					{"origin": [11, 36.5, -5], "size": [9, 9, 2], "uv": [64, 37]},
					{"origin": [12, 37.5, -3], "size": [7, 7, 6], "uv": [40, 16]},
					{"origin": [13, 38.5, 3], "size": [5, 5, 6], "uv": [64, 26]},
					{"origin": [14, 39.5, 9], "size": [3, 3, 2], "uv": [88, 55]},
					{"origin": [9, 46.5, -7], "size": [13, 1, 1], "uv": [0, 16]}
				]
			},
			{
				"name": "bcl",
				"parent": "attackShow",
				"pivot": [0, 10.5, 0],
				"cubes": [
					{"origin": [-5, 10.5, -2], "size": [2, 2, 4], "uv": [18, 54]}
				]
			},
			{
				"name": "bone145",
				"parent": "body",
				"pivot": [0, 10.5, 0]
			},
			{
				"name": "bone170",
				"parent": "bone145",
				"pivot": [-4.9, 16.6, 0],
				"rotation": [0, 0, 20],
				"cubes": [
					{"origin": [-6.65, 14.6, -3], "size": [3, 4, 6], "uv": [110, 98], "inflate": -0.11}
				]
			},
			{
				"name": "bone171",
				"parent": "bone145",
				"pivot": [-3.9, 15.7, 0],
				"rotation": [0, 0, -17.5],
				"cubes": [
					{"origin": [-5.20926, 13.63986, -3], "size": [3, 4, 6], "uv": [60, 118], "inflate": -0.1}
				]
			},
			{
				"name": "bone172",
				"parent": "body",
				"pivot": [0, 10.5, 0]
			},
			{
				"name": "bone173",
				"parent": "bone172",
				"pivot": [4.9, 16.6, 0],
				"rotation": [0, 0, -20],
				"cubes": [
					{"origin": [3.65, 14.6, -3], "size": [3, 4, 6], "uv": [110, 98], "inflate": -0.11, "mirror": true}
				]
			},
			{
				"name": "bone174",
				"parent": "bone172",
				"pivot": [3.9, 15.7, 0],
				"rotation": [0, 0, 17.5],
				"cubes": [
					{"origin": [2.20926, 13.63986, -3], "size": [3, 4, 6], "uv": [60, 118], "inflate": -0.1, "mirror": true}
				]
			},
			{
				"name": "legLeft",
				"pivot": [2, 9, 0],
				"cubes": [
					{"origin": [0.499, 0.1, -1.5], "size": [2.75, 8.9, 3], "uv": [10, 69]},
					{"origin": [0.499, 0.1, -1.5], "size": [2.75, 4.5, 3], "uv": [56, 0], "inflate": 0.1},
					{"origin": [0.499, 0.1, -1.5], "size": [2.75, 2, 3], "uv": [84, 18], "inflate": 0.2}
				]
			},
			{
				"name": "legRight",
				"pivot": [-2, 9, 0],
				"cubes": [
					{"origin": [-3.249, 0.2, -1.5], "size": [2.75, 8.9, 3], "uv": [0, 69]},
					{"origin": [-3.249, 0.2, -1.5], "size": [2.75, 4.5, 3], "uv": [69, 63], "inflate": 0.1},
					{"origin": [-3.249, 0.2, -1.5], "size": [2.75, 2, 3], "uv": [86, 50], "inflate": 0.2}
				]
			},
			{
				"name": "wingLeft",
				"pivot": [0.5, 15, 3.25],
				"rotation": [0, 60, 0],
				"cubes": [
					{"origin": [0.26795, 13.5, 4], "size": [0, 12, 20], "uv": [0, 0]},
					{"origin": [-0.73205, 3.5, 4], "size": [0, 10, 16], "uv": [0, 28]}
				]
			},
			{
				"name": "wingRight",
				"pivot": [-0.5, 15, 3.75],
				"rotation": [0, -60, 0],
				"cubes": [
					{"origin": [-0.26795, 13.5, 4], "size": [0, 12, 20], "uv": [0, 12]},
					{"origin": [0.73205, 3.5, 4], "size": [0, 10, 16], "uv": [32, 28]}
				]
			}
		]
	}
}