{
	"format_version": "1.10.0",
	"geometry.model": {
		"texturewidth": 128,
		"textureheight": 128,
		"visible_bounds_width": 4,
		"visible_bounds_height": 4,
		"visible_bounds_offset": [0, 1, 0],
		"bones": [
			{
				"name": "head",
				"pivot": [0, 18, 0],
				"cubes": [
					{"origin": [-4, 18, -4], "size": [8, 8, 8], "uv": [24, 8]},
					{"origin": [-4, 18, -4], "size": [8, 8, 8], "uv": [0, 16], "inflate": 0.1}
				]
			},
			{
				"name": "blink",
				"parent": "head",
				"pivot": [0, 18, 0],
				"cubes": [
					{"origin": [-4, 18, -4.001], "size": [8, 8, 0], "uv": [58, 67]}
				]
			},
			{
				"name": "attackHidden",
				"parent": "head",
				"pivot": [0, 18, 0],
				"cubes": [
					{"origin": [-4, 24, -2], "size": [8, 2, 1.5], "uv": [34, 0], "inflate": 0.15}
				]
			},
			{
				"name": "bone130",
				"parent": "attackHidden",
				"pivot": [0, 0, 0],
				"rotation": [0, 0, 15],
				"cubes": [
					{"origin": [-13.33444, 23.11384, -2], "size": [3, 1, 2], "uv": [39, 36]}
				]
			},
			{
				"name": "bone131",
				"parent": "attackHidden",
				"pivot": [0, 0, 0],
				"rotation": [0, 0, -15],
				"cubes": [
					{"origin": [2.83152, 25.89053, -2], "size": [1, 3, 2], "uv": [24, 0]}
				]
			},
			{
				"name": "attackShow",
				"parent": "head",
				"pivot": [0, 18, 0],
				"cubes": [
					{"origin": [-4, 18, -4], "size": [8, 8, 8], "uv": [0, 0], "inflate": 0.15}
				]
			},
			{
				"name": "armRight",
				"pivot": [-3, 17.5, 0],
				"rotation": [0, 0, 25],
				"cubes": [
					{"origin": [-5, 8.5, -1], "size": [2, 8, 2], "uv": [79, 38]},
					{"origin": [-5.5, 9.5, -1.5], "size": [3, 8, 3], "uv": [74, 27], "inflate": -0.2},
					{"origin": [-5.5, 9.5, -1.5], "size": [3, 8, 3], "uv": [40, 72], "inflate": -0.1}
				]
			},
			{
				"name": "bone132",
				"parent": "armRight",
				"pivot": [-3, 17.5, 0],
				"rotation": [-20, 0, 0],
				"cubes": [
					{"origin": [-5.5, 9.5, -1.5], "size": [3, 8, 3], "uv": [72, 0], "inflate": -0.1}
				]
			},
			{
				"name": "bone133",
				"parent": "armRight",
				"pivot": [-3, 17.5, 0],
				"rotation": [20, 0, 0],
				"cubes": [
					{"origin": [-5.5, 9.5, -1.5], "size": [3, 8, 3], "uv": [70, 45], "inflate": -0.1}
				]
			},
			{
				"name": "armLeft",
				"pivot": [3, 17.5, 0],
				"rotation": [0, 0, -25],
				"cubes": [
					{"origin": [2.5, 9.5, -1.5], "size": [3, 8, 3], "uv": [71, 72], "inflate": -0.2},
					{"origin": [2.5, 9.5, -1.5], "size": [3, 8, 3], "uv": [28, 70], "inflate": -0.1},
					{"origin": [3, 8.5, -1], "size": [2, 8, 2], "uv": [10, 79]}
				]
			},
			{
				"name": "bone134",
				"parent": "armLeft",
				"pivot": [3, 17.5, 0],
				"rotation": [20, 0, 0],
				"cubes": [
					{"origin": [2.5, 9.5, -1.5], "size": [3, 8, 3], "uv": [16, 70], "inflate": -0.1}
				]
			},
			{
				"name": "bone135",
				"parent": "armLeft",
				"pivot": [3, 17.5, 0],
				"rotation": [-20, 0, 0],
				"cubes": [
					{"origin": [2.5, 9.5, -1.5], "size": [3, 8, 3], "uv": [30, 36], "inflate": -0.1}
				]
			},
			{
				"name": "body",
				"pivot": [0, 10.5, 0],
				"cubes": [
					{"origin": [-3, 8.999, -3], "size": [6, 9, 6], "uv": [52, 52]},
					{"origin": [-3, 8.999, -3], "size": [6, 9, 6], "uv": [50, 30], "inflate": 0.1},
					{"origin": [-3, 8.999, -3], "size": [6, 9, 6], "uv": [0, 50], "inflate": 0.12},
					{"origin": [-3, 8.999, -3], "size": [6, 9, 6], "uv": [48, 0], "inflate": 0.15}
				]
			},
			{
				"name": "sittingRotationSkirt",
				"parent": "body",
				"pivot": [0, 10.5, 0]
			},
			{
				"name": "bone",
				"parent": "sittingRotationSkirt",
				"pivot": [0, 16.5, 0]
			},
			{
				"name": "bone2",
				"parent": "bone",
				"pivot": [0, 6, 0]
			},
			{
				"name": "bone3",
				"parent": "bone2",
				"pivot": [0, 6, 6.19607],
				"rotation": [35, 0, 0]
			},
			{
				"name": "bone4",
				"parent": "bone3",
				"pivot": [0, 6, 6.19607],
				"rotation": [0, -45, 0],
				"cubes": [
					{"origin": [-1, 6, 5.19607], "size": [2, 7, 2], "uv": [30, 99]}
				]
			},
			{
				"name": "bone5",
				"parent": "bone",
				"pivot": [0, 6, 0],
				"rotation": [0, -25.71429, 0]
			},
			{
				"name": "bone6",
				"parent": "bone5",
				"pivot": [0, 6, 6.19607],
				"rotation": [35, 0, 0]
			},
			{
				"name": "bone7",
				"parent": "bone6",
				"pivot": [0, 6, 6.19607],
				"rotation": [0, -45, 0],
				"cubes": [
					{"origin": [-1, 6, 5.19607], "size": [2, 7, 2], "uv": [22, 99]}
				]
			},
			{
				"name": "bone8",
				"parent": "bone",
				"pivot": [0, 6, 0],
				"rotation": [0, -51.42857, 0]
			},
			{
				"name": "bone9",
				"parent": "bone8",
				"pivot": [0, 6, 6.19607],
				"rotation": [35, 0, 0]
			},
			{
				"name": "bone10",
				"parent": "bone9",
				"pivot": [0, 6, 6.19607],
				"rotation": [0, -45, 0],
				"cubes": [
					{"origin": [-1, 6, 5.19607], "size": [2, 7, 2], "uv": [14, 99]}
				]
			},
			{
				"name": "bone11",
				"parent": "bone",
				"pivot": [0, 6, 0],
				"rotation": [0, -77.14286, 0]
			},
			{
				"name": "bone12",
				"parent": "bone11",
				"pivot": [0, 6, 6.19607],
				"rotation": [35, 0, 0]
			},
			{
				"name": "bone13",
				"parent": "bone12",
				"pivot": [0, 6, 6.19607],
				"rotation": [0, -45, 0],
				"cubes": [
					{"origin": [-1, 6, 5.19607], "size": [2, 7, 2], "uv": [6, 98]}
				]
			},
			{
				"name": "bone14",
				"parent": "bone",
				"pivot": [0, 6, 0],
				"rotation": [0, -102.85714, 0]
			},
			{
				"name": "bone15",
				"parent": "bone14",
				"pivot": [0, 6, 6.19607],
				"rotation": [35, 0, 0]
			},
			{
				"name": "bone16",
				"parent": "bone15",
				"pivot": [0, 6, 6.19607],
				"rotation": [0, -45, 0],
				"cubes": [
					{"origin": [-1, 6, 5.19607], "size": [2, 7, 2], "uv": [86, 97]}
				]
			},
			{
				"name": "bone17",
				"parent": "bone",
				"pivot": [0, 6, 0],
				"rotation": [0, -128.57143, 0]
			},
			{
				"name": "bone18",
				"parent": "bone17",
				"pivot": [0, 6, 6.19607],
				"rotation": [35, 0, 0]
			},
			{
				"name": "bone19",
				"parent": "bone18",
				"pivot": [0, 6, 6.19607],
				"rotation": [0, -45, 0],
				"cubes": [
					{"origin": [-1, 6, 5.19607], "size": [2, 7, 2], "uv": [97, 74]}
				]
			},
			{
				"name": "bone20",
				"parent": "bone",
				"pivot": [0, 6, 0],
				"rotation": [0, -154.28571, 0]
			},
			{
				"name": "bone21",
				"parent": "bone20",
				"pivot": [0, 6, 6.19607],
				"rotation": [35, 0, 0]
			},
			{
				"name": "bone22",
				"parent": "bone21",
				"pivot": [0, 6, 6.19607],
				"rotation": [0, -45, 0],
				"cubes": [
					{"origin": [-1, 6, 5.19607], "size": [2, 7, 2], "uv": [96, 56]}
				]
			},
			{
				"name": "bone23",
				"parent": "bone",
				"pivot": [0, 6, 0],
				"rotation": [0, -180, 0]
			},
			{
				"name": "bone24",
				"parent": "bone23",
				"pivot": [0, 6, 6.19607],
				"rotation": [35, 0, 0]
			},
			{
				"name": "bone25",
				"parent": "bone24",
				"pivot": [0, 6, 6.19607],
				"rotation": [0, -45, 0],
				"cubes": [
					{"origin": [-1, 6, 5.19607], "size": [2, 7, 2], "uv": [96, 0]}
				]
			},
			{
				"name": "bone26",
				"parent": "bone",
				"pivot": [0, 6, 0],
				"rotation": [0, -205.71429, 0]
			},
			{
				"name": "bone27",
				"parent": "bone26",
				"pivot": [0, 6, 6.19607],
				"rotation": [35, 0, 0]
			},
			{
				"name": "bone28",
				"parent": "bone27",
				"pivot": [0, 6, 6.19607],
				"rotation": [0, -45, 0],
				"cubes": [
					{"origin": [-1, 6, 5.19607], "size": [2, 7, 2], "uv": [95, 92]}
				]
			},
			{
				"name": "bone29",
				"parent": "bone",
				"pivot": [0, 6, 0],
				"rotation": [0, -231.42857, 0]
			},
			{
				"name": "bone30",
				"parent": "bone29",
				"pivot": [0, 6, 6.19607],
				"rotation": [35, 0, 0]
			},
			{
				"name": "bone31",
				"parent": "bone30",
				"pivot": [0, 6, 6.19607],
				"rotation": [0, -45, 0],
				"cubes": [
					{"origin": [-1, 6, 5.19607], "size": [2, 7, 2], "uv": [95, 83]}
				]
			},
			{
				"name": "bone32",
				"parent": "bone",
				"pivot": [0, 6, 0],
				"rotation": [0, -257.14286, 0]
			},
			{
				"name": "bone33",
				"parent": "bone32",
				"pivot": [0, 6, 6.19607],
				"rotation": [35, 0, 0]
			},
			{
				"name": "bone34",
				"parent": "bone33",
				"pivot": [0, 6, 6.19607],
				"rotation": [0, -45, 0],
				"cubes": [
					{"origin": [-1, 6, 5.19607], "size": [2, 7, 2], "uv": [56, 94]}
				]
			},
			{
				"name": "bone35",
				"parent": "bone",
				"pivot": [0, 6, 0],
				"rotation": [0, -282.85714, 0]
			},
			{
				"name": "bone36",
				"parent": "bone35",
				"pivot": [0, 6, 6.19607],
				"rotation": [35, 0, 0]
			},
			{
				"name": "bone37",
				"parent": "bone36",
				"pivot": [0, 6, 6.19607],
				"rotation": [0, -45, 0],
				"cubes": [
					{"origin": [-1, 6, 5.19607], "size": [2, 7, 2], "uv": [94, 47]}
				]
			},
			{
				"name": "bone38",
				"parent": "bone",
				"pivot": [0, 6, 0],
				"rotation": [0, -308.57143, 0]
			},
			{
				"name": "bone39",
				"parent": "bone38",
				"pivot": [0, 6, 6.19607],
				"rotation": [35, 0, 0]
			},
			{
				"name": "bone40",
				"parent": "bone39",
				"pivot": [0, 6, 6.19607],
				"rotation": [0, -45, 0],
				"cubes": [
					{"origin": [-1, 6, 5.19607], "size": [2, 7, 2], "uv": [94, 25]}
				]
			},
			{
				"name": "bone41",
				"parent": "bone",
				"pivot": [0, 6, 0],
				"rotation": [0, -334.28571, 0]
			},
			{
				"name": "bone42",
				"parent": "bone41",
				"pivot": [0, 6, 6.19607],
				"rotation": [35, 0, 0]
			},
			{
				"name": "bone43",
				"parent": "bone42",
				"pivot": [0, 6, 6.19607],
				"rotation": [0, -45, 0],
				"cubes": [
					{"origin": [-1, 6, 5.19607], "size": [2, 7, 2], "uv": [94, 16]}
				]
			},
			{
				"name": "bone87",
				"parent": "sittingRotationSkirt",
				"pivot": [0, 15.5, 0]
			},
			{
				"name": "bone88",
				"parent": "bone87",
				"pivot": [0, 5, 0]
			},
			{
				"name": "bone89",
				"parent": "bone88",
				"pivot": [0, 5, 6.19607],
				"rotation": [35, 0, 0]
			},
			{
				"name": "bone90",
				"parent": "bone89",
				"pivot": [0, 5, 6.19607],
				"rotation": [0, -45, 0],
				"cubes": [
					{"origin": [-1, 5, 5.19607], "size": [2, 7, 2], "uv": [88, 58]}
				]
			},
			{
				"name": "bone91",
				"parent": "bone87",
				"pivot": [0, 5, 0],
				"rotation": [0, -25.71429, 0]
			},
			{
				"name": "bone92",
				"parent": "bone91",
				"pivot": [0, 5, 6.19607],
				"rotation": [35, 0, 0]
			},
			{
				"name": "bone93",
				"parent": "bone92",
				"pivot": [0, 5, 6.19607],
				"rotation": [0, -45, 0],
				"cubes": [
					{"origin": [-1, 5, 5.19607], "size": [2, 7, 2], "uv": [86, 46]}
				]
			},
			{
				"name": "bone94",
				"parent": "bone87",
				"pivot": [0, 5, 0],
				"rotation": [0, -51.42857, 0]
			},
			{
				"name": "bone95",
				"parent": "bone94",
				"pivot": [0, 5, 6.19607],
				"rotation": [35, 0, 0]
			},
			{
				"name": "bone96",
				"parent": "bone95",
				"pivot": [0, 5, 6.19607],
				"rotation": [0, -45, 0],
				"cubes": [
					{"origin": [-1, 5, 5.19607], "size": [2, 7, 2], "uv": [86, 31]}
				]
			},
			{
				"name": "bone97",
				"parent": "bone87",
				"pivot": [0, 5, 0],
				"rotation": [0, -77.14286, 0]
			},
			{
				"name": "bone98",
				"parent": "bone97",
				"pivot": [0, 5, 6.19607],
				"rotation": [35, 0, 0]
			},
			{
				"name": "bone99",
				"parent": "bone98",
				"pivot": [0, 5, 6.19607],
				"rotation": [0, -45, 0],
				"cubes": [
					{"origin": [-1, 5, 5.19607], "size": [2, 7, 2], "uv": [86, 22]}
				]
			},
			{
				"name": "bone100",
				"parent": "bone87",
				"pivot": [0, 5, 0],
				"rotation": [0, -102.85714, 0]
			},
			{
				"name": "bone101",
				"parent": "bone100",
				"pivot": [0, 5, 6.19607],
				"rotation": [35, 0, 0]
			},
			{
				"name": "bone102",
				"parent": "bone101",
				"pivot": [0, 5, 6.19607],
				"rotation": [0, -45, 0],
				"cubes": [
					{"origin": [-1, 5, 5.19607], "size": [2, 7, 2], "uv": [72, 85]}
				]
			},
			{
				"name": "bone103",
				"parent": "bone87",
				"pivot": [0, 5, 0],
				"rotation": [0, -128.57143, 0]
			},
			{
				"name": "bone104",
				"parent": "bone103",
				"pivot": [0, 5, 6.19607],
				"rotation": [35, 0, 0]
			},
			{
				"name": "bone105",
				"parent": "bone104",
				"pivot": [0, 5, 6.19607],
				"rotation": [0, -45, 0],
				"cubes": [
					{"origin": [-1, 5, 5.19607], "size": [2, 7, 2], "uv": [58, 85]}
				]
			},
			{
				"name": "bone106",
				"parent": "bone87",
				"pivot": [0, 5, 0],
				"rotation": [0, -154.28571, 0]
			},
			{
				"name": "bone107",
				"parent": "bone106",
				"pivot": [0, 5, 6.19607],
				"rotation": [35, 0, 0]
			},
			{
				"name": "bone108",
				"parent": "bone107",
				"pivot": [0, 5, 6.19607],
				"rotation": [0, -45, 0],
				"cubes": [
					{"origin": [-1, 5, 5.19607], "size": [2, 7, 2], "uv": [50, 84]}
				]
			},
			{
				"name": "bone109",
				"parent": "bone87",
				"pivot": [0, 5, 0],
				"rotation": [0, -180, 0]
			},
			{
				"name": "bone110",
				"parent": "bone109",
				"pivot": [0, 5, 6.19607],
				"rotation": [35, 0, 0]
			},
			{
				"name": "bone111",
				"parent": "bone110",
				"pivot": [0, 5, 6.19607],
				"rotation": [0, -45, 0],
				"cubes": [
					{"origin": [-1, 5, 5.19607], "size": [2, 7, 2], "uv": [84, 0]}
				]
			},
			{
				"name": "bone112",
				"parent": "bone87",
				"pivot": [0, 5, 0],
				"rotation": [0, -205.71429, 0]
			},
			{
				"name": "bone113",
				"parent": "bone112",
				"pivot": [0, 5, 6.19607],
				"rotation": [35, 0, 0]
			},
			{
				"name": "bone114",
				"parent": "bone113",
				"pivot": [0, 5, 6.19607],
				"rotation": [0, -45, 0],
				"cubes": [
					{"origin": [-1, 5, 5.19607], "size": [2, 7, 2], "uv": [83, 69]}
				]
			},
			{
				"name": "bone115",
				"parent": "bone87",
				"pivot": [0, 5, 0],
				"rotation": [0, -231.42857, 0]
			},
			{
				"name": "bone116",
				"parent": "bone115",
				"pivot": [0, 5, 6.19607],
				"rotation": [35, 0, 0]
			},
			{
				"name": "bone117",
				"parent": "bone116",
				"pivot": [0, 5, 6.19607],
				"rotation": [0, -45, 0],
				"cubes": [
					{"origin": [-1, 5, 5.19607], "size": [2, 7, 2], "uv": [42, 83]}
				]
			},
			{
				"name": "bone118",
				"parent": "bone87",
				"pivot": [0, 5, 0],
				"rotation": [0, -257.14286, 0]
			},
			{
				"name": "bone119",
				"parent": "bone118",
				"pivot": [0, 5, 6.19607],
				"rotation": [35, 0, 0]
			},
			{
				"name": "bone120",
				"parent": "bone119",
				"pivot": [0, 5, 6.19607],
				"rotation": [0, -45, 0],
				"cubes": [
					{"origin": [-1, 5, 5.19607], "size": [2, 7, 2], "uv": [81, 81]}
				]
			},
			{
				"name": "bone121",
				"parent": "bone87",
				"pivot": [0, 5, 0],
				"rotation": [0, -282.85714, 0]
			},
			{
				"name": "bone122",
				"parent": "bone121",
				"pivot": [0, 5, 6.19607],
				"rotation": [35, 0, 0]
			},
			{
				"name": "bone123",
				"parent": "bone122",
				"pivot": [0, 5, 6.19607],
				"rotation": [0, -45, 0],
				"cubes": [
					{"origin": [-1, 5, 5.19607], "size": [2, 7, 2], "uv": [34, 81]}
				]
			},
			{
				"name": "bone124",
				"parent": "bone87",
				"pivot": [0, 5, 0],
				"rotation": [0, -308.57143, 0]
			},
			{
				"name": "bone125",
				"parent": "bone124",
				"pivot": [0, 5, 6.19607],
				"rotation": [35, 0, 0]
			},
			{
				"name": "bone126",
				"parent": "bone125",
				"pivot": [0, 5, 6.19607],
				"rotation": [0, -45, 0],
				"cubes": [
					{"origin": [-1, 5, 5.19607], "size": [2, 7, 2], "uv": [26, 81]}
				]
			},
			{
				"name": "bone127",
				"parent": "bone87",
				"pivot": [0, 5, 0],
				"rotation": [0, -334.28571, 0]
			},
			{
				"name": "bone128",
				"parent": "bone127",
				"pivot": [0, 5, 6.19607],
				"rotation": [35, 0, 0]
			},
			{
				"name": "bone129",
				"parent": "bone128",
				"pivot": [0, 5, 6.19607],
				"rotation": [0, -45, 0],
				"cubes": [
					{"origin": [-1, 5, 5.19607], "size": [2, 7, 2], "uv": [18, 81]}
				]
			},
			{
				"name": "bone44",
				"parent": "sittingRotationSkirt",
				"pivot": [0, 14.5, 0]
			},
			{
				"name": "bone45",
				"parent": "bone44",
				"pivot": [0, 4, 0]
			},
			{
				"name": "bone46",
				"parent": "bone45",
				"pivot": [0, 4, 6.19607],
				"rotation": [35, 0, 0]
			},
			{
				"name": "bone47",
				"parent": "bone46",
				"pivot": [0, 4, 6.19607],
				"rotation": [0, -45, 0],
				"cubes": [
					{"origin": [-1, 4, 5.19607], "size": [2, 7, 2], "uv": [48, 93]}
				]
			},
			{
				"name": "bone48",
				"parent": "bone44",
				"pivot": [0, 4, 0],
				"rotation": [0, -25.71429, 0]
			},
			{
				"name": "bone49",
				"parent": "bone48",
				"pivot": [0, 4, 6.19607],
				"rotation": [35, 0, 0]
			},
			{
				"name": "bone50",
				"parent": "bone49",
				"pivot": [0, 4, 6.19607],
				"rotation": [0, -45, 0],
				"cubes": [
					{"origin": [-1, 4, 5.19607], "size": [2, 7, 2], "uv": [78, 92]}
				]
			},
			{
				"name": "bone51",
				"parent": "bone44",
				"pivot": [0, 4, 0],
				"rotation": [0, -51.42857, 0]
			},
			{
				"name": "bone52",
				"parent": "bone51",
				"pivot": [0, 4, 6.19607],
				"rotation": [35, 0, 0]
			},
			{
				"name": "bone53",
				"parent": "bone52",
				"pivot": [0, 4, 6.19607],
				"rotation": [0, -45, 0],
				"cubes": [
					{"origin": [-1, 4, 5.19607], "size": [2, 7, 2], "uv": [64, 92]}
				]
			},
			{
				"name": "bone54",
				"parent": "bone44",
				"pivot": [0, 4, 0],
				"rotation": [0, -77.14286, 0]
			},
			{
				"name": "bone55",
				"parent": "bone54",
				"pivot": [0, 4, 6.19607],
				"rotation": [35, 0, 0]
			},
			{
				"name": "bone56",
				"parent": "bone55",
				"pivot": [0, 4, 6.19607],
				"rotation": [0, -45, 0],
				"cubes": [
					{"origin": [-1, 4, 5.19607], "size": [2, 7, 2], "uv": [40, 92]}
				]
			},
			{
				"name": "bone57",
				"parent": "bone44",
				"pivot": [0, 4, 0],
				"rotation": [0, -102.85714, 0]
			},
			{
				"name": "bone58",
				"parent": "bone57",
				"pivot": [0, 4, 6.19607],
				"rotation": [35, 0, 0]
			},
			{
				"name": "bone59",
				"parent": "bone58",
				"pivot": [0, 4, 6.19607],
				"rotation": [0, -45, 0],
				"cubes": [
					{"origin": [-1, 4, 5.19607], "size": [2, 7, 2], "uv": [92, 38]}
				]
			},
			{
				"name": "bone60",
				"parent": "bone44",
				"pivot": [0, 4, 0],
				"rotation": [0, -128.57143, 0]
			},
			{
				"name": "bone61",
				"parent": "bone60",
				"pivot": [0, 4, 6.19607],
				"rotation": [35, 0, 0]
			},
			{
				"name": "bone62",
				"parent": "bone61",
				"pivot": [0, 4, 6.19607],
				"rotation": [0, -45, 0],
				"cubes": [
					{"origin": [-1, 4, 5.19607], "size": [2, 7, 2], "uv": [91, 67]}
				]
			},
			{
				"name": "bone63",
				"parent": "bone44",
				"pivot": [0, 4, 0],
				"rotation": [0, -154.28571, 0]
			},
			{
				"name": "bone64",
				"parent": "bone63",
				"pivot": [0, 4, 6.19607],
				"rotation": [35, 0, 0]
			},
			{
				"name": "bone65",
				"parent": "bone64",
				"pivot": [0, 4, 6.19607],
				"rotation": [0, -45, 0],
				"cubes": [
					{"origin": [-1, 4, 5.19607], "size": [2, 7, 2], "uv": [32, 90]}
				]
			},
			{
				"name": "bone66",
				"parent": "bone44",
				"pivot": [0, 4, 0],
				"rotation": [0, -180, 0]
			},
			{
				"name": "bone67",
				"parent": "bone66",
				"pivot": [0, 4, 6.19607],
				"rotation": [35, 0, 0]
			},
			{
				"name": "bone68",
				"parent": "bone67",
				"pivot": [0, 4, 6.19607],
				"rotation": [0, -45, 0],
				"cubes": [
					{"origin": [-1, 4, 5.19607], "size": [2, 7, 2], "uv": [24, 90]}
				]
			},
			{
				"name": "bone69",
				"parent": "bone44",
				"pivot": [0, 4, 0],
				"rotation": [0, -205.71429, 0]
			},
			{
				"name": "bone70",
				"parent": "bone69",
				"pivot": [0, 4, 6.19607],
				"rotation": [35, 0, 0]
			},
			{
				"name": "bone71",
				"parent": "bone70",
				"pivot": [0, 4, 6.19607],
				"rotation": [0, -45, 0],
				"cubes": [
					{"origin": [-1, 4, 5.19607], "size": [2, 7, 2], "uv": [16, 90]}
				]
			},
			{
				"name": "bone72",
				"parent": "bone44",
				"pivot": [0, 4, 0],
				"rotation": [0, -231.42857, 0]
			},
			{
				"name": "bone73",
				"parent": "bone72",
				"pivot": [0, 4, 6.19607],
				"rotation": [35, 0, 0]
			},
			{
				"name": "bone74",
				"parent": "bone73",
				"pivot": [0, 4, 6.19607],
				"rotation": [0, -45, 0],
				"cubes": [
					{"origin": [-1, 4, 5.19607], "size": [2, 7, 2], "uv": [90, 7]}
				]
			},
			{
				"name": "bone75",
				"parent": "bone44",
				"pivot": [0, 4, 0],
				"rotation": [0, -257.14286, 0]
			},
			{
				"name": "bone76",
				"parent": "bone75",
				"pivot": [0, 4, 6.19607],
				"rotation": [35, 0, 0]
			},
			{
				"name": "bone77",
				"parent": "bone76",
				"pivot": [0, 4, 6.19607],
				"rotation": [0, -45, 0],
				"cubes": [
					{"origin": [-1, 4, 5.19607], "size": [2, 7, 2], "uv": [0, 90]}
				]
			},
			{
				"name": "bone78",
				"parent": "bone44",
				"pivot": [0, 4, 0],
				"rotation": [0, -282.85714, 0]
			},
			{
				"name": "bone79",
				"parent": "bone78",
				"pivot": [0, 4, 6.19607],
				"rotation": [35, 0, 0]
			},
			{
				"name": "bone80",
				"parent": "bone79",
				"pivot": [0, 4, 6.19607],
				"rotation": [0, -45, 0],
				"cubes": [
					{"origin": [-1, 4, 5.19607], "size": [2, 7, 2], "uv": [89, 76]}
				]
			},
			{
				"name": "bone81",
				"parent": "bone44",
				"pivot": [0, 4, 0],
				"rotation": [0, -308.57143, 0]
			},
			{
				"name": "bone82",
				"parent": "bone81",
				"pivot": [0, 4, 6.19607],
				"rotation": [35, 0, 0]
			},
			{
				"name": "bone83",
				"parent": "bone82",
				"pivot": [0, 4, 6.19607],
				"rotation": [0, -45, 0],
				"cubes": [
					{"origin": [-1, 4, 5.19607], "size": [2, 7, 2], "uv": [8, 89]}
				]
			},
			{
				"name": "bone84",
				"parent": "bone44",
				"pivot": [0, 4, 0],
				"rotation": [0, -334.28571, 0]
			},
			{
				"name": "bone85",
				"parent": "bone84",
				"pivot": [0, 4, 6.19607],
				"rotation": [35, 0, 0]
			},
			{
				"name": "bone86",
				"parent": "bone85",
				"pivot": [0, 4, 6.19607],
				"rotation": [0, -45, 0],
				"cubes": [
					{"origin": [-1, 4, 5.19607], "size": [2, 7, 2], "uv": [87, 88]}
				]
			},
			{
				"name": "sinFloat",
				"parent": "body",
				"pivot": [1, 19, 11],
				"rotation": [20, 77.5, 0],
				"cubes": [
					{"origin": [-2, 16, 13], "size": [6, 6, 6], "uv": [24, 58]},
					{"origin": [-3, 15, 14], "size": [8, 8, 4], "uv": [56, 15]},
					{"origin": [-1, 15, 12], "size": [4, 8, 8], "uv": [34, 42]},
					{"origin": [-3, 17, 12], "size": [8, 4, 8], "uv": [24, 24]},
					{"origin": [-1, 14, 14], "size": [4, 10, 4], "uv": [0, 65]},
					{"origin": [-1, 17, 11], "size": [4, 4, 10], "uv": [0, 32]},
					{"origin": [5, 17, 14], "size": [1, 4, 4], "uv": [24, 50]},
					{"origin": [-9, 18, 9], "size": [1, 2, 4], "uv": [48, 24]},
					{"origin": [-6, 18, 4], "size": [1, 1, 3], "uv": [0, 46]},
					{"origin": [-5, 18, 3], "size": [2, 1, 1], "uv": [20, 46]},
					{"origin": [-5, 18, 4], "size": [1, 1, 1], "uv": [48, 24]},
					{"origin": [-3, 18, 2], "size": [2, 1, 1], "uv": [14, 46]},
					{"origin": [-1, 18, 1], "size": [4, 1, 1], "uv": [0, 40]}
				]
			},
			{
				"name": "group1",
				"parent": "sinFloat",
				"pivot": [0, -6, -18],
				"cubes": [
					{"origin": [-5, 17, 14], "size": [2, 4, 4], "uv": [78, 52]},
					{"origin": [-5, 18, 13], "size": [2, 2, 6], "uv": [24, 0]},
					{"origin": [-5, 16, 15], "size": [2, 6, 2], "uv": [0, 0]}
				]
			},
			{
				"name": "group3",
				"parent": "sinFloat",
				"pivot": [0, -6, -18],
				"cubes": [
					{"origin": [-6, 17, 13], "size": [1, 4, 4], "uv": [18, 32]},
					{"origin": [-6, 18, 12], "size": [1, 2, 6], "uv": [74, 61]},
					{"origin": [-6, 16, 14], "size": [1, 6, 2], "uv": [0, 16]}
				]
			},
			{
				"name": "group2",
				"parent": "sinFloat",
				"pivot": [0, -6, -18],
				"cubes": [
					{"origin": [-7, 18, 5], "size": [1, 2, 12], "uv": [16, 36]},
					{"origin": [-7, 17, 12], "size": [1, 4, 4], "uv": [0, 32]}
				]
			},
			{
				"name": "group4",
				"parent": "sinFloat",
				"pivot": [0, -6, -18],
				"cubes": [
					{"origin": [-8, 18, 7], "size": [1, 2, 8], "uv": [40, 62]},
					{"origin": [-8, 17, 9], "size": [1, 4, 5], "uv": [52, 75]}
				]
			},
			{
				"name": "deco",
				"parent": "body",
				"pivot": [0, 25.25, -3.05],
				"rotation": [-11, 0, 0]
			},
			{
				"name": "bone136",
				"parent": "deco",
				"pivot": [0, 12.75, 2.95]
			},
			{
				"name": "bone137",
				"parent": "bone136",
				"pivot": [0, 25.25, -3.55],
				"rotation": [0, 0, 5],
				"cubes": [
					{"origin": [-2.2191, 15.88128, -2.11472], "size": [3, 1, 1], "uv": [42, 39]}
				]
			},
			{
				"name": "bone138",
				"parent": "bone136",
				"pivot": [0, 25.25, -3.55],
				"rotation": [0, 0, -15],
				"cubes": [
					{"origin": [-5.28956, 16.20526, -2.11472], "size": [3, 1, 1], "uv": [42, 3]}
				]
			},
			{
				"name": "bone139",
				"parent": "deco",
				"pivot": [0, 12.75, 2.95]
			},
			{
				"name": "bone140",
				"parent": "bone139",
				"pivot": [0, 25.25, -3.55],
				"rotation": [0, 0, -5],
				"cubes": [
					{"origin": [-0.7809, 15.88128, -2.11472], "size": [3, 1, 1], "uv": [18, 40]}
				]
			},
			{
				"name": "bone141",
				"parent": "bone139",
				"pivot": [0, 25.25, -3.55],
				"rotation": [0, 0, 15],
				"cubes": [
					{"origin": [2.28956, 16.20526, -2.11472], "size": [3, 1, 1], "uv": [40, 6]}
				]
			},
			{
				"name": "bone142",
				"parent": "deco",
				"pivot": [0, 12.75, 2.95],
				"cubes": [
					{"origin": [-0.5, 15.90383, -2.11472], "size": [1, 1, 1], "uv": [18, 33], "inflate": 0.1}
				]
			},
			{
				"name": "bone143",
				"parent": "deco",
				"pivot": [-0.5, 25.21527, -3.24696],
				"rotation": [0, 0, 20],
				"cubes": [
					{"origin": [2.02557, 13.90259, -1.31168], "size": [1, 3, 0], "uv": [0, 46]}
				]
			},
			{
				"name": "bone144",
				"parent": "deco",
				"pivot": [0.5, 25.21527, -3.24696],
				"rotation": [0, 0, -20],
				"cubes": [
					{"origin": [-3.02557, 13.90259, -1.31168], "size": [1, 3, 0], "uv": [30, 36]}
				]
			},
			{
				"name": "dachi",
				"parent": "body",
				"pivot": [-11, 10, 5],
				"rotation": [0, 0, 77.5],
				"cubes": [
					{"origin": [-12.13397, 7.76795, 4], "size": [1, 3, 1], "uv": [6, 32]}
				]
			},
			{
				"name": "bone145",
				"parent": "dachi",
				"pivot": [-11, 10, 5],
				"rotation": [0, 0, 7],
				"cubes": [
					{"origin": [-11.85775, 7.80221, 4], "size": [1, 6, 1], "uv": [68, 27]}
				]
			},
			{
				"name": "bone146",
				"parent": "dachi",
				"pivot": [-11, 10, 5],
				"rotation": [0, 0, -5],
				"cubes": [
					{"origin": [-12.07034, 10.68955, 4], "size": [1, 3, 1], "uv": [0, 32]}
				]
			},
			{
				"name": "bone147",
				"parent": "dachi",
				"pivot": [-11, 10, 5],
				"rotation": [0, 0, -10],
				"cubes": [
					{"origin": [-11.75231, 13.59448, 4], "size": [2, 3, 1], "uv": [18, 65]}
				]
			},
			{
				"name": "bone148",
				"parent": "dachi",
				"pivot": [-11, 10, 5],
				"rotation": [0, 0, -15],
				"cubes": [
					{"origin": [-11.18231, 16.46065, 4], "size": [2, 3, 1], "uv": [12, 65]}
				]
			},
			{
				"name": "bone149",
				"parent": "dachi",
				"pivot": [-11, 10, 5],
				"rotation": [0, 0, -20],
				"cubes": [
					{"origin": [-10.36468, 19.26622, 4], "size": [2, 3, 1], "uv": [42, 58]}
				]
			},
			{
				"name": "bone150",
				"parent": "dachi",
				"pivot": [-11, 10, 5],
				"rotation": [0, 0, -25],
				"cubes": [
					{"origin": [-9.30564, 21.98986, 4], "size": [2, 3, 1], "uv": [24, 58]}
				]
			},
			{
				"name": "bone151",
				"parent": "dachi",
				"pivot": [-11, 10, 5],
				"rotation": [0, 0, -30],
				"cubes": [
					{"origin": [-8.01324, 24.61084, 4], "size": [2, 3, 1], "uv": [50, 45]}
				]
			},
			{
				"name": "bone152",
				"parent": "dachi",
				"pivot": [-11, 10, 5],
				"rotation": [0, 0, -35],
				"cubes": [
					{"origin": [-6.49733, 27.1092, 4], "size": [2, 3, 1], "uv": [18, 50]}
				]
			},
			{
				"name": "bone153",
				"parent": "dachi",
				"pivot": [-11, 10, 5],
				"rotation": [0, 0, -40],
				"cubes": [
					{"origin": [-4.76944, 29.46593, 4], "size": [2, 3, 1], "uv": [8, 46]},
					{"origin": [-5.26947, 32.46593, 3.5], "size": [3, 1, 2], "uv": [34, 3]},
					{"origin": [-4.26947, 33.46593, 4], "size": [1, 5, 1], "uv": [0, 50]}
				]
			},
			{
				"name": "bone154",
				"parent": "dachi",
				"pivot": [-11, 10, 5],
				"rotation": [0, 0, -97.5],
				"cubes": [
					{"origin": [16.31621, 11.22584, 4], "size": [0, 8, 1], "uv": [6, 15]}
				]
			},
			{
				"name": "bone155",
				"parent": "dachi",
				"pivot": [-17, 37, 5],
				"rotation": [0, 0, -20],
				"cubes": [
					{"origin": [-18, 37, 4], "size": [2, 0, 1], "uv": [17, 32]}
				]
			},
			{
				"name": "bone156",
				"parent": "dachi",
				"pivot": [-17, 36, 4],
				"rotation": [0, 0, 17.5],
				"cubes": [
					{"origin": [-18, 36.5, 4], "size": [2, 0, 1], "uv": [23, 5]}
				]
			},
			{
				"name": "legLeft",
				"pivot": [2, 9, 0],
				"cubes": [
					{"origin": [0.499, 0.1, -1.5], "size": [2.75, 8.9, 3], "uv": [80, 11]},
					{"origin": [0.499, 0.1, -1.5], "size": [2.75, 4, 3], "uv": [58, 45], "inflate": 0.1},
					{"origin": [0.499, 0.1, -1.5], "size": [2.75, 2, 3], "uv": [98, 9], "inflate": 0.2}
				]
			},
			{
				"name": "legRight",
				"pivot": [-2, 9, 0],
				"cubes": [
					{"origin": [-3.249, 0.2, -1.5], "size": [2.75, 8.8, 3], "uv": [0, 79]},
					{"origin": [-3.249, 0.2, -1.5], "size": [2.75, 4, 3], "uv": [64, 80], "inflate": 0.1},
					{"origin": [-3.249, 0.2, -1.5], "size": [2.75, 2, 3], "uv": [59, 75], "inflate": 0.2}
				]
			}
		]
	}
}