{
	"format_version": "1.10.0",
	"geometry.model": {
		"texturewidth": 128,
		"textureheight": 128,
		"visible_bounds_width": 3,
		"visible_bounds_height": 4,
		"visible_bounds_offset": [0, 1, 0],
		"bones": [
			{
				"name": "head",
				"pivot": [0, 18, 0],
				"cubes": [
					{"origin": [-4, 18, -4], "size": [8, 8, 8], "uv": [27, 3]},
					{"origin": [-4, 18, -4], "size": [8, 8, 8], "uv": [0, 23], "inflate": 0.1}
				]
			},
			{
				"name": "blink",
				"parent": "head",
				"pivot": [0, 18, 0],
				"cubes": [
					{"origin": [-4, 18, -4.001], "size": [8, 8, 0], "uv": [26, 60]}
				]
			},
			{
				"name": "hat",
				"parent": "head",
				"pivot": [0, 24.52825, 0],
				"cubes": [
					{"origin": [-4.5, 23.701, -4.5], "size": [9, 3, 9], "uv": [0, 11]},
					{"origin": [-4, 24.701, -4], "size": [8, 3, 8], "uv": [28, 19]},
					{"origin": [-3, 25.451, -3], "size": [6, 3, 6], "uv": [48, 45]},
					{"origin": [-5.5, 23.699, -5.5], "size": [11, 0, 11], "uv": [0, 0]},
					{"origin": [-2.5, 23.7, -5.5], "size": [2, 1, 1], "uv": [47, 0]},
					{"origin": [3.5, 23.7, -5.5], "size": [2, 1, 2], "uv": [0, 23]},
					{"origin": [4.5, 23.7, 0.5], "size": [1, 1, 2], "uv": [32, 33]},
					{"origin": [4.5, 23.7, -2.5], "size": [1, 1, 2], "uv": [33, 0]},
					{"origin": [0.5, 23.7, 4.5], "size": [2, 1, 1], "uv": [24, 45]},
					{"origin": [3.5, 23.7, 3.5], "size": [2, 1, 2], "uv": [0, 17]},
					{"origin": [-2.5, 23.7, 4.5], "size": [2, 1, 1], "uv": [0, 43]},
					{"origin": [-5.5, 23.7, 0.5], "size": [1, 1, 2], "uv": [32, 30]},
					{"origin": [-5.5, 23.7, -2.5], "size": [1, 1, 2], "uv": [24, 28]},
					{"origin": [-5.5, 23.7, -5.5], "size": [2, 1, 2], "uv": [0, 14]},
					{"origin": [-5.5, 23.7, 3.5], "size": [2, 1, 2], "uv": [0, 11]},
					{"origin": [0.5, 23.7, -5.5], "size": [2, 1, 1], "uv": [42, 1]}
				]
			},
			{
				"name": "hat2",
				"parent": "hat",
				"pivot": [0, 18, 0]
			},
			{
				"name": "bone45",
				"parent": "hat2",
				"pivot": [0, 24, 2],
				"rotation": [5, 0, 0],
				"cubes": [
					{"origin": [-4.5, 23.13073, 0.50571], "size": [9, 1, 4], "uv": [56, 40]}
				]
			},
			{
				"name": "bone46",
				"parent": "hat2",
				"pivot": [0, 24, 2],
				"rotation": [10, 0, 0],
				"cubes": [
					{"origin": [-4.5, 22.26428, 0.43563], "size": [9, 1, 4], "uv": [56, 35]}
				]
			},
			{
				"name": "bone47",
				"parent": "hat2",
				"pivot": [0, 24, 2],
				"rotation": [15, 0, 0],
				"cubes": [
					{"origin": [-4.5, 21.40723, 0.29031], "size": [9, 1, 4], "uv": [0, 56]}
				]
			},
			{
				"name": "bone48",
				"parent": "hat2",
				"pivot": [0, 24, 2],
				"rotation": [20, 0, 0],
				"cubes": [
					{"origin": [-4.5, 20.5661, 0.07084], "size": [9, 1, 4], "uv": [48, 54]}
				]
			},
			{
				"name": "bone49",
				"parent": "hat2",
				"pivot": [0, 24, 2],
				"rotation": [25, 0, 0],
				"cubes": [
					{"origin": [-4.5, 19.74731, -0.2211], "size": [9, 1, 4], "uv": [52, 19]}
				]
			},
			{
				"name": "bone50",
				"parent": "hat2",
				"pivot": [0, 24, 2],
				"rotation": [30, 0, 0],
				"cubes": [
					{"origin": [-4.5, 18.95707, -0.5833], "size": [9, 1, 4], "uv": [51, 5]}
				]
			},
			{
				"name": "bone51",
				"parent": "hat2",
				"pivot": [0, 24, 2],
				"rotation": [35, 0, 0],
				"cubes": [
					{"origin": [-4.5, 18.20141, -1.01299], "size": [9, 1, 4], "uv": [51, 0]}
				]
			},
			{
				"name": "bone52",
				"parent": "hat2",
				"pivot": [0, 24, 2],
				"rotation": [40, 0, 0],
				"cubes": [
					{"origin": [-4.5, 17.48608, -1.5069], "size": [9, 1, 4], "uv": [50, 30]}
				]
			},
			{
				"name": "ghost",
				"parent": "hat",
				"pivot": [0, 0, 0],
				"cubes": [
					{"origin": [-2.5, 25, -4.501], "size": [5, 4, 0], "uv": [72, 60]},
					{"origin": [-0.5, 28.4641, -4.501], "size": [1, 1, 0], "uv": [0, 11]}
				]
			},
			{
				"name": "bone38",
				"parent": "ghost",
				"pivot": [-2.5, 26, -4],
				"rotation": [0, 0, 30],
				"cubes": [
					{"origin": [-2.5, 26, -4.501], "size": [1, 4, 0], "uv": [33, 3]}
				]
			},
			{
				"name": "bone41",
				"parent": "ghost",
				"pivot": [2.5, 26, -4],
				"rotation": [0, 0, -30],
				"cubes": [
					{"origin": [0.5, 26, -4.501], "size": [2, 4, 0], "uv": [28, 41]}
				]
			},
			{
				"name": "ghostSymbol",
				"parent": "ghost",
				"pivot": [0, 0, 0],
				"cubes": [
					{"origin": [-0.25, 26.25, -4.6], "size": [0.5, 0.5, 0], "uv": [124, 123]},
					{"origin": [0.70711, 26, -4.6], "size": [0.5, 0.5, 0], "uv": [123, 127]},
					{"origin": [-1.20711, 26, -4.6], "size": [0.5, 1, 0], "uv": [123, 127]},
					{"origin": [-0.14645, 27.56066, -4.6], "size": [0.5, 1, 0], "uv": [123, 127]},
					{"origin": [-0.5, 27.20711, -4.6], "size": [0.5, 0.5, 0], "uv": [123, 127]},
					{"origin": [0.10355, 26.60355, -4.6], "size": [0.5, 0.5, 0], "uv": [123, 127]},
					{"origin": [-0.5, 25.29289, -4.6], "size": [1, 0.5, 0], "uv": [123, 127]}
				]
			},
			{
				"name": "bone53",
				"parent": "ghostSymbol",
				"pivot": [0.25, 27, 0],
				"rotation": [0, 0, 45],
				"cubes": [
					{"origin": [0.07322, 26.46967, -4.6], "size": [0.5, 0.5, 0], "uv": [123, 127]},
					{"origin": [-0.57322, 26.96967, -4.6], "size": [0.5, 0.5, 0], "uv": [123, 127]},
					{"origin": [0.78033, 26.82322, -4.6], "size": [0.5, 0.5, 0], "uv": [123, 127]},
					{"origin": [0.42678, 26.82322, -4.6], "size": [0.5, 0.5, 0], "uv": [123, 127]},
					{"origin": [1.13388, 25.96967, -4.6], "size": [0.5, 1, 0], "uv": [123, 127]},
					{"origin": [-0.78033, 25.96967, -4.6], "size": [0.5, 1, 0], "uv": [123, 127]},
					{"origin": [-0.07322, 25.26256, -4.6], "size": [1, 0.5, 0], "uv": [123, 127]}
				]
			},
			{
				"name": "armRight",
				"pivot": [-3, 17.5, 0],
				"rotation": [0, 0, 25],
				"cubes": [
					{"origin": [-5, 8.5, -1], "size": [2, 8, 2], "uv": [8, 72]},
					{"origin": [-5.5, 9.5, -1.5], "size": [3, 8, 3], "uv": [48, 68], "inflate": -0.2}
				]
			},
			{
				"name": "bone26",
				"parent": "armRight",
				"pivot": [-3, 17.5, 0],
				"rotation": [-19, 0, 0],
				"cubes": [
					{"origin": [-5.5, 9.5, -1.5], "size": [3, 8, 3], "uv": [24, 68], "inflate": -0.2}
				]
			},
			{
				"name": "bone27",
				"parent": "armRight",
				"pivot": [-3, 17.5, 0],
				"rotation": [19, 0, 0],
				"cubes": [
					{"origin": [-5.5, 9.5, -1.5], "size": [3, 8, 3], "uv": [12, 61], "inflate": -0.2}
				]
			},
			{
				"name": "armLeft",
				"pivot": [3, 17.5, 0],
				"rotation": [0, 0, -25],
				"cubes": [
					{"origin": [2.5, 9.5, -1.5], "size": [3, 8, 3], "uv": [36, 68], "inflate": -0.2},
					{"origin": [3, 8.5, -1], "size": [2, 8, 2], "uv": [0, 72]}
				]
			},
			{
				"name": "bone28",
				"parent": "armLeft",
				"pivot": [3, 17.5, 0],
				"rotation": [-19, 0, 0],
				"cubes": [
					{"origin": [2.5, 9.5, -1.5], "size": [3, 8, 3], "uv": [0, 61], "inflate": -0.2}
				]
			},
			{
				"name": "bone29",
				"parent": "armLeft",
				"pivot": [3, 17.5, 0],
				"rotation": [19, 0, 0],
				"cubes": [
					{"origin": [2.5, 9.5, -1.5], "size": [3, 8, 3], "uv": [60, 59], "inflate": -0.2}
				]
			},
			{
				"name": "body",
				"pivot": [0, 10.5, 0],
				"cubes": [
					{"origin": [-3, 8.999, -3], "size": [6, 9, 6], "uv": [24, 45]},
					{"origin": [-3, 8.999, -3], "size": [6, 9, 6], "uv": [0, 39], "inflate": 0.1},
					{"origin": [-3, 8.999, -3], "size": [6, 9, 6], "uv": [32, 30], "inflate": 0.12}
				]
			},
			{
				"name": "sittingRotationSkirt",
				"parent": "body",
				"pivot": [0, 10.5, 0]
			},
			{
				"name": "bone",
				"parent": "sittingRotationSkirt",
				"pivot": [0, 12.5, 0]
			},
			{
				"name": "bone2",
				"parent": "bone",
				"pivot": [0, 2, 0]
			},
			{
				"name": "bone3",
				"parent": "bone2",
				"pivot": [0, 2, 2.98561],
				"rotation": [12, 0, 0],
				"cubes": [
					{"origin": [-1, 1.76049, 5.17122], "size": [2, 11, 0], "uv": [64, 81]}
				]
			},
			{
				"name": "bone4",
				"parent": "bone3",
				"pivot": [-1, 1.76049, 2.98561],
				"rotation": [0, 0, 6.8781],
				"cubes": [
					{"origin": [-3, 1.76049, 5.17022], "size": [2, 11, 0], "uv": [60, 81]}
				]
			},
			{
				"name": "bone5",
				"parent": "bone3",
				"pivot": [1, 1.76049, 2.98561],
				"rotation": [0, 0, -6.8781],
				"cubes": [
					{"origin": [1, 1.76049, 5.17222], "size": [2, 11, 0], "uv": [74, 80]}
				]
			},
			{
				"name": "bone6",
				"parent": "bone",
				"pivot": [0, 2, 0],
				"rotation": [0, -60, 0]
			},
			{
				"name": "bone7",
				"parent": "bone6",
				"pivot": [0, 2, 2.98561],
				"rotation": [12, 0, 0],
				"cubes": [
					{"origin": [-1, 1.76049, 5.17122], "size": [2, 11, 0], "uv": [80, 71]}
				]
			},
			{
				"name": "bone8",
				"parent": "bone7",
				"pivot": [-1, 1.76049, 2.98561],
				"rotation": [0, 0, 6.8781],
				"cubes": [
					{"origin": [-3, 1.76049, 5.17022], "size": [2, 11, 0], "uv": [70, 80]}
				]
			},
			{
				"name": "bone9",
				"parent": "bone7",
				"pivot": [1, 1.76049, 2.98561],
				"rotation": [0, 0, -6.8781],
				"cubes": [
					{"origin": [1, 1.76049, 5.17222], "size": [2, 11, 0], "uv": [56, 79]}
				]
			},
			{
				"name": "bone10",
				"parent": "bone",
				"pivot": [0, 2, 0],
				"rotation": [0, -120, 0]
			},
			{
				"name": "bone11",
				"parent": "bone10",
				"pivot": [0, 2, 2.98561],
				"rotation": [12, 0, 0],
				"cubes": [
					{"origin": [-1, 1.76049, 5.17122], "size": [2, 11, 0], "uv": [52, 79]}
				]
			},
			{
				"name": "bone12",
				"parent": "bone11",
				"pivot": [-1, 1.76049, 2.98561],
				"rotation": [0, 0, 6.8781],
				"cubes": [
					{"origin": [-3, 1.76049, 5.17022], "size": [2, 11, 0], "uv": [48, 79]}
				]
			},
			{
				"name": "bone13",
				"parent": "bone11",
				"pivot": [1, 1.76049, 2.98561],
				"rotation": [0, 0, -6.8781],
				"cubes": [
					{"origin": [1, 1.76049, 5.17222], "size": [2, 11, 0], "uv": [44, 79]}
				]
			},
			{
				"name": "bone14",
				"parent": "bone",
				"pivot": [0, 2, 0],
				"rotation": [0, -180, 0]
			},
			{
				"name": "bone15",
				"parent": "bone14",
				"pivot": [0, 2, 2.98561],
				"rotation": [12, 0, 0],
				"cubes": [
					{"origin": [-1, 1.76049, 5.17122], "size": [2, 11, 0], "uv": [40, 79]}
				]
			},
			{
				"name": "bone16",
				"parent": "bone15",
				"pivot": [-1, 1.76049, 2.98561],
				"rotation": [0, 0, 6.8781],
				"cubes": [
					{"origin": [-3, 1.76049, 5.17022], "size": [2, 11, 0], "uv": [36, 79]}
				]
			},
			{
				"name": "bone17",
				"parent": "bone15",
				"pivot": [1, 1.76049, 2.98561],
				"rotation": [0, 0, -6.8781],
				"cubes": [
					{"origin": [1, 1.76049, 5.17222], "size": [2, 11, 0], "uv": [32, 79]}
				]
			},
			{
				"name": "bone18",
				"parent": "bone",
				"pivot": [0, 2, 0],
				"rotation": [0, -240, 0]
			},
			{
				"name": "bone19",
				"parent": "bone18",
				"pivot": [0, 2, 2.98561],
				"rotation": [12, 0, 0],
				"cubes": [
					{"origin": [-1, 1.76049, 5.17122], "size": [2, 11, 0], "uv": [28, 79]}
				]
			},
			{
				"name": "bone20",
				"parent": "bone19",
				"pivot": [-1, 1.76049, 2.98561],
				"rotation": [0, 0, 6.8781],
				"cubes": [
					{"origin": [-3, 1.76049, 5.17022], "size": [2, 11, 0], "uv": [24, 79]}
				]
			},
			{
				"name": "bone21",
				"parent": "bone19",
				"pivot": [1, 1.76049, 2.98561],
				"rotation": [0, 0, -6.8781],
				"cubes": [
					{"origin": [1, 1.76049, 5.17222], "size": [2, 11, 0], "uv": [79, 9]}
				]
			},
			{
				"name": "bone22",
				"parent": "bone",
				"pivot": [0, 2, 0],
				"rotation": [0, -300, 0]
			},
			{
				"name": "bone23",
				"parent": "bone22",
				"pivot": [0, 2, 2.98561],
				"rotation": [12, 0, 0],
				"cubes": [
					{"origin": [-1, 1.76049, 5.17122], "size": [2, 11, 0], "uv": [75, 10]}
				]
			},
			{
				"name": "bone24",
				"parent": "bone23",
				"pivot": [-1, 1.76049, 2.98561],
				"rotation": [0, 0, 6.8781],
				"cubes": [
					{"origin": [-3, 1.76049, 5.17022], "size": [2, 11, 0], "uv": [20, 72]}
				]
			},
			{
				"name": "bone25",
				"parent": "bone23",
				"pivot": [1, 1.76049, 2.98561],
				"rotation": [0, 0, -6.8781],
				"cubes": [
					{"origin": [1, 1.76049, 5.17222], "size": [2, 11, 0], "uv": [16, 72]}
				]
			},
			{
				"name": "hu",
				"parent": "body",
				"pivot": [0, 10.5, 0]
			},
			{
				"name": "bone58",
				"parent": "hu",
				"pivot": [0, 10.5, 0]
			},
			{
				"name": "bone62",
				"parent": "hu",
				"pivot": [-4, 9.5, 0],
				"rotation": [0, 0, 25],
				"cubes": [
					{"origin": [-4, 15, -3.5], "size": [1, 3, 0], "uv": [33, 7]}
				]
			},
			{
				"name": "bone61",
				"parent": "hu",
				"pivot": [-2, 10.5, 0],
				"cubes": [
					{"origin": [-2.5, 15.85, -4], "size": [1, 2.5, 1], "uv": [24, 47], "inflate": -0.2}
				]
			},
			{
				"name": "bone59",
				"parent": "hu",
				"pivot": [0, 10.5, 0],
				"rotation": [0, 0, 20],
				"cubes": [
					{"origin": [-4.35, 16.1, -4], "size": [2.35, 1, 1], "uv": [0, 41], "inflate": -0.2}
				]
			},
			{
				"name": "bone60",
				"parent": "hu",
				"pivot": [0, 10.5, 0],
				"rotation": [0, 0, -20],
				"cubes": [
					{"origin": [0.15, 16.1, -4], "size": [2.35, 1, 1], "uv": [25, 39], "inflate": -0.2}
				]
			},
			{
				"name": "hu2",
				"parent": "body",
				"pivot": [0, 10.5, 0]
			},
			{
				"name": "bone30",
				"parent": "hu2",
				"pivot": [0, 10.5, 0]
			},
			{
				"name": "bone31",
				"parent": "hu2",
				"pivot": [4, 9.5, 0],
				"rotation": [0, 0, -25],
				"cubes": [
					{"origin": [3, 15, -3.5], "size": [1, 3, 0], "uv": [0, 0]}
				]
			},
			{
				"name": "bone32",
				"parent": "hu2",
				"pivot": [2, 10.5, 0],
				"cubes": [
					{"origin": [1.5, 15.85, -4], "size": [1, 2.5, 1], "uv": [7, 0], "inflate": -0.2}
				]
			},
			{
				"name": "bone33",
				"parent": "hu2",
				"pivot": [0, 10.5, 0],
				"rotation": [0, 0, -20],
				"cubes": [
					{"origin": [2, 16.1, -4], "size": [2.35, 1, 1], "uv": [0, 39], "inflate": -0.2}
				]
			},
			{
				"name": "bone34",
				"parent": "hu2",
				"pivot": [0, 10.5, 0],
				"rotation": [0, 0, 20],
				"cubes": [
					{"origin": [-2.5, 16.1, -4], "size": [2.35, 1, 1], "uv": [37, 0], "inflate": -0.2}
				]
			},
			{
				"name": "back",
				"parent": "body",
				"pivot": [0, 10.5, 0],
				"rotation": [45, 0, 0],
				"cubes": [
					{"origin": [-3, 10.68198, 7.42362], "size": [6, 3, 0], "uv": [24, 23]}
				]
			},
			{
				"name": "chestPlate",
				"parent": "body",
				"pivot": [0, 10.5, 0]
			},
			{
				"name": "sinFloat",
				"parent": "chestPlate",
				"pivot": [0, 10.5, 0]
			},
			{
				"name": "dxrhd",
				"parent": "sinFloat",
				"pivot": [0, 15, 10],
				"rotation": [0, 90, 0],
				"cubes": [
					{"origin": [11.5, 12, -2.5], "size": [1, 1, 1], "uv": [24, 26]}
				]
			},
			{
				"name": "bone83",
				"parent": "dxrhd",
				"pivot": [0, 15, 10],
				"cubes": [
					{"origin": [10, 14, -4], "size": [4, 5, 4], "uv": [44, 59]},
					{"origin": [10, 14, -4], "size": [4, 5, 4], "uv": [59, 10], "inflate": -0.2},
					{"origin": [10, 13, -4], "size": [4, 1, 4], "uv": [70, 55], "inflate": 0.1},
					{"origin": [10, 19, -4], "size": [4, 1, 4], "uv": [70, 50], "inflate": 0.1},
					{"origin": [11.5, 20, -4], "size": [1, 5, 4], "uv": [70, 71]},
					{"origin": [10, 20, -4], "size": [4, 1, 4], "uv": [68, 66]},
					{"origin": [10, 20.8, -4], "size": [4, 1, 4], "uv": [66, 45], "inflate": -0.1},
					{"origin": [10, 21.3, -4], "size": [4, 1, 4], "uv": [60, 24], "inflate": -0.2},
					{"origin": [11.5, 22, -2.5], "size": [1, 1, 1], "uv": [50, 30], "inflate": -0.12},
					{"origin": [11.5, 22.5, -2.5], "size": [1, 1, 1], "uv": [49, 45]}
				]
			},
			{
				"name": "bone35",
				"parent": "dxrhd",
				"pivot": [12, 12, -2],
				"rotation": [0, 0, 17.5],
				"cubes": [
					{"origin": [11.5, 8, -2.5], "size": [1, 4, 1], "uv": [4, 26], "inflate": 0.1},
					{"origin": [11.5, 5, -2.5], "size": [1, 4, 1], "uv": [0, 26], "inflate": 0.2}
				]
			},
			{
				"name": "legLeft",
				"pivot": [2, 9, 0],
				"cubes": [
					{"origin": [0.499, 0.1, -1.5], "size": [2.75, 8.9, 3], "uv": [60, 70]},
					{"origin": [0.499, 0.1, -1.5], "size": [2.75, 4.5, 3], "uv": [73, 26], "inflate": 0.1},
					{"origin": [0.499, 0.1, -1.5], "size": [2.75, 2, 3], "uv": [42, 45], "inflate": 0.2}
				]
			},
			{
				"name": "legRight",
				"pivot": [-2, 9, 0],
				"cubes": [
					{"origin": [-3.249, 0.2, -1.5], "size": [2.75, 8.8, 3], "uv": [0, 0]},
					{"origin": [-3.249, 0.2, -1.5], "size": [2.75, 4.5, 3], "uv": [74, 2], "inflate": 0.1},
					{"origin": [-3.249, 0.2, -1.5], "size": [2.75, 2, 3], "uv": [18, 39], "inflate": 0.2}
				]
			}
		]
	}
}