{
	"format_version": "1.10.0",
	"geometry.model": {
		"texturewidth": 128,
		"textureheight": 128,
		"visible_bounds_width": 3,
		"visible_bounds_height": 4,
		"visible_bounds_offset": [0, 1, 0],
		"bones": [
			{
				"name": "head",
				"pivot": [0, 18, 0],
				"cubes": [
					{"origin": [-4, 18, -4], "size": [8, 8, 8], "uv": [24, 8]},
					{"origin": [-4, 18, -4], "size": [8, 8, 8], "uv": [0, 16], "inflate": 0.1}
				]
			},
			{
				"name": "blink",
				"parent": "head",
				"pivot": [0, 18, 0],
				"cubes": [
					{"origin": [-4, 18, -4.001], "size": [8, 8, 0], "uv": [0, 47]}
				]
			},
			{
				"name": "xsp",
				"parent": "head",
				"pivot": [0, 18, 0]
			},
			{
				"name": "mask",
				"parent": "xsp",
				"pivot": [-13, 2, -17],
				"rotation": [-30, 0, 30]
			},
			{
				"name": "bone25",
				"parent": "mask",
				"pivot": [-13, 2, -17],
				"rotation": [0, 30, 0],
				"cubes": [
					{"origin": [-14, 33, -19.8576], "size": [3, 1, 0], "uv": [0, 7]}
				]
			},
			{
				"name": "bone30",
				"parent": "mask",
				"pivot": [-13, 2, -17],
				"rotation": [0, -30, 0],
				"cubes": [
					{"origin": [-9.80385, 33, -22.8576], "size": [3, 1, 0], "uv": [0, 6]}
				]
			},
			{
				"name": "face",
				"parent": "mask",
				"pivot": [-13, 2, -17],
				"cubes": [
					{"origin": [-13, 31, -21.4982], "size": [6, 4, 1], "uv": [56, 17]}
				]
			},
			{
				"name": "helmet",
				"parent": "head",
				"pivot": [0, 18, 0]
			},
			{
				"name": "bone18",
				"parent": "helmet",
				"pivot": [0, 18, 0],
				"cubes": [
					{"origin": [-4, 18, -4], "size": [8, 8, 8], "uv": [0, 0], "inflate": 0.13}
				]
			},
			{
				"name": "tyy",
				"parent": "bone18",
				"pivot": [0, 18, 0]
			},
			{
				"name": "bone19",
				"parent": "tyy",
				"pivot": [0, 18, 0],
				"cubes": [
					{"origin": [-5, 22, -2], "size": [1, 2.5, 2.5], "uv": [24, 0]},
					{"origin": [-6, 21.7, -2.3], "size": [0, 3, 3], "uv": [0, 13]}
				]
			},
			{
				"name": "tyy2",
				"parent": "bone18",
				"pivot": [0, 18, 0]
			},
			{
				"name": "bone20",
				"parent": "tyy2",
				"pivot": [0, 18, 0],
				"cubes": [
					{"origin": [4, 22, -2], "size": [1, 2.5, 2.5], "uv": [0, 19]},
					{"origin": [6, 21.7, -2.3], "size": [0, 3, 3], "uv": [0, 0]}
				]
			},
			{
				"name": "cf",
				"parent": "head",
				"pivot": [0, 18, 0]
			},
			{
				"name": "bone32",
				"parent": "cf",
				"pivot": [0, 18, 0],
				"rotation": [0, 0, 12.5],
				"cubes": [
					{"origin": [-4, 15, -4], "size": [1, 3, 0], "uv": [0, 55]}
				]
			},
			{
				"name": "bone33",
				"parent": "bone32",
				"pivot": [-4, 15, -4],
				"rotation": [0, 0, -12.5],
				"cubes": [
					{"origin": [-4, 13, -4], "size": [1, 2, 0], "uv": [4, 19]}
				]
			},
			{
				"name": "bone34",
				"parent": "bone33",
				"pivot": [-3, 13, -4],
				"rotation": [0, 0, 15],
				"cubes": [
					{"origin": [-4, 10, -4], "size": [1, 3, 0], "uv": [50, 32]}
				]
			},
			{
				"name": "bone35",
				"parent": "bone34",
				"pivot": [-4, 10, -4],
				"rotation": [0, 0, -32.5],
				"cubes": [
					{"origin": [-4, 7, -4], "size": [1, 3, 0], "uv": [16, 50]}
				]
			},
			{
				"name": "bone36",
				"parent": "cf",
				"pivot": [0, 18, 0],
				"rotation": [0, 0, -12.5],
				"cubes": [
					{"origin": [3, 15, -4], "size": [1, 3, 0], "uv": [42, 48]}
				]
			},
			{
				"name": "bone37",
				"parent": "bone36",
				"pivot": [4, 15, -4],
				"rotation": [0, 0, 12.5],
				"cubes": [
					{"origin": [3, 13, -4], "size": [1, 2, 0], "uv": [0, 19]}
				]
			},
			{
				"name": "bone38",
				"parent": "bone37",
				"pivot": [3, 13, -4],
				"rotation": [0, 0, -15],
				"cubes": [
					{"origin": [3, 10, -4], "size": [1, 3, 0], "uv": [16, 47]}
				]
			},
			{
				"name": "bone39",
				"parent": "bone38",
				"pivot": [4, 10, -4],
				"rotation": [0, 0, 32.5],
				"cubes": [
					{"origin": [3, 7, -4], "size": [1, 3, 0], "uv": [4, 0]}
				]
			},
			{
				"name": "armRight",
				"pivot": [-3, 17.5, 0],
				"rotation": [0, 0, 25],
				"cubes": [
					{"origin": [-5, 8.5, -1], "size": [2, 8, 2], "uv": [28, 56]},
					{"origin": [-5.5, 9.5, -1.5], "size": [3, 8, 3], "uv": [54, 48]}
				]
			},
			{
				"name": "bone24",
				"parent": "armRight",
				"pivot": [-3, 17.5, 0],
				"cubes": [
					{"origin": [-6, 15.5, -0.5], "size": [1, 2, 1], "uv": [40, 41]},
					{"origin": [-6, 9.5, -0.5], "size": [1, 1, 1], "uv": [32, 24]},
					{"origin": [-5.7, 10.5, -0.5], "size": [0, 5, 1], "uv": [22, 31]}
				]
			},
			{
				"name": "bone26",
				"parent": "bone24",
				"pivot": [-3, 17.5, 0],
				"rotation": [62.5, 0, 0],
				"cubes": [
					{"origin": [-5.75, 14.5, -3.5], "size": [0, 3, 1], "uv": [46, 0]}
				]
			},
			{
				"name": "bone27",
				"parent": "bone24",
				"pivot": [-3, 17.5, 0],
				"rotation": [-62.5, 0, 0],
				"cubes": [
					{"origin": [-5.75, 14.5, 2.5], "size": [0, 3, 1], "uv": [44, 40]}
				]
			},
			{
				"name": "armLeft",
				"pivot": [3, 17.5, 0],
				"rotation": [0, 0, -25],
				"cubes": [
					{"origin": [2.5, 9.5, -1.5], "size": [3, 8, 3], "uv": [42, 48]},
					{"origin": [3, 8.5, -1], "size": [2, 8, 2], "uv": [20, 56]}
				]
			},
			{
				"name": "bone28",
				"parent": "armLeft",
				"pivot": [3, 17.5, 0],
				"cubes": [
					{"origin": [5, 15.5, -0.5], "size": [1, 2, 1], "uv": [0, 0]},
					{"origin": [5, 9.5, -0.5], "size": [1, 1, 1], "uv": [24, 4]},
					{"origin": [5.7, 10.5, -0.5], "size": [0, 5, 1], "uv": [4, 31]}
				]
			},
			{
				"name": "bone29",
				"parent": "bone28",
				"pivot": [3, 17.5, 0],
				"rotation": [62.5, 0, 0],
				"cubes": [
					{"origin": [5.75, 14.5, -3.5], "size": [0, 3, 1], "uv": [44, 23]}
				]
			},
			{
				"name": "bone31",
				"parent": "bone28",
				"pivot": [3, 17.5, 0],
				"rotation": [-62.5, 0, 0],
				"cubes": [
					{"origin": [5.75, 14.5, 2.5], "size": [0, 3, 1], "uv": [40, 43]}
				]
			},
			{
				"name": "body",
				"pivot": [0, 10.5, 0],
				"cubes": [
					{"origin": [-3, 8.999, -3], "size": [6, 9, 6], "uv": [18, 41]},
					{"origin": [-3, 8.999, -3], "size": [6, 9, 6], "uv": [0, 32], "inflate": 0.1},
					{"origin": [-3, 8.999, -3], "size": [6, 9, 6], "uv": [26, 26], "inflate": 0.2},
					{"origin": [-3, 10.999, -3], "size": [6, 1, 6], "uv": [42, 1], "inflate": 0.22},
					{"origin": [-3, 15.999, -3], "size": [6, 1, 6], "uv": [24, 0], "inflate": 0.12}
				]
			},
			{
				"name": "sittingRotationSkirt",
				"parent": "body",
				"pivot": [0, 10.5, 0]
			},
			{
				"name": "bone",
				"parent": "sittingRotationSkirt",
				"pivot": [0, 15.5, 0]
			},
			{
				"name": "bone2",
				"parent": "bone",
				"pivot": [0, 5, 0]
			},
			{
				"name": "bone3",
				"parent": "bone2",
				"pivot": [0, 5, 4.45124],
				"rotation": [13, 0, 0],
				"cubes": [
					{"origin": [-2.5, 4.56107, 4.45124], "size": [5, 6, 0], "uv": [60, 0]}
				]
			},
			{
				"name": "bone4",
				"parent": "bone3",
				"pivot": [-2.5, 4.56107, 4.45124],
				"rotation": [0, 0, 12.67771],
				"cubes": [
					{"origin": [-4.5, 4.56107, 4.45024], "size": [2, 6, 0], "uv": [65, 35]}
				]
			},
			{
				"name": "bone5",
				"parent": "bone3",
				"pivot": [2.5, 4.56107, 4.45124],
				"rotation": [0, 0, -12.67771],
				"cubes": [
					{"origin": [2.5, 4.56107, 4.45224], "size": [2, 6, 0], "uv": [63, 43]}
				]
			},
			{
				"name": "bone6",
				"parent": "bone",
				"pivot": [0, 5, 0],
				"rotation": [0, -90, 0]
			},
			{
				"name": "bone7",
				"parent": "bone6",
				"pivot": [0, 5, 4.45124],
				"rotation": [13, 0, 0],
				"cubes": [
					{"origin": [-2.5, 4.56107, 4.45124], "size": [5, 6, 0], "uv": [56, 59]}
				]
			},
			{
				"name": "bone8",
				"parent": "bone7",
				"pivot": [-2.5, 4.56107, 4.45124],
				"rotation": [0, 0, 12.67771],
				"cubes": [
					{"origin": [-4.5, 4.56107, 4.45024], "size": [2, 6, 0], "uv": [52, 8]}
				]
			},
			{
				"name": "bone9",
				"parent": "bone7",
				"pivot": [2.5, 4.56107, 4.45124],
				"rotation": [0, 0, -12.67771],
				"cubes": [
					{"origin": [2.5, 4.56107, 4.45224], "size": [2, 6, 0], "uv": [48, 8]}
				]
			},
			{
				"name": "bone10",
				"parent": "bone",
				"pivot": [0, 5, 0],
				"rotation": [0, -180, 0]
			},
			{
				"name": "bone11",
				"parent": "bone10",
				"pivot": [0, 5, 4.45124],
				"rotation": [13, 0, 0],
				"cubes": [
					{"origin": [-2.5, 4.56107, 4.45124], "size": [5, 6, 0], "uv": [46, 59]}
				]
			},
			{
				"name": "bone12",
				"parent": "bone11",
				"pivot": [-2.5, 4.56107, 4.45124],
				"rotation": [0, 0, 12.67771],
				"cubes": [
					{"origin": [-4.5, 4.56107, 4.45024], "size": [2, 6, 0], "uv": [42, 0]}
				]
			},
			{
				"name": "bone13",
				"parent": "bone11",
				"pivot": [2.5, 4.56107, 4.45124],
				"rotation": [0, 0, -12.67771],
				"cubes": [
					{"origin": [2.5, 4.56107, 4.45224], "size": [2, 6, 0], "uv": [36, 41]}
				]
			},
			{
				"name": "pd3",
				"parent": "bone13",
				"pivot": [2.5, 4.56107, 4.45124]
			},
			{
				"name": "bone23",
				"parent": "pd3",
				"pivot": [2.5, 4.56107, 5.45124],
				"rotation": [10, 0, 0],
				"cubes": [
					{"origin": [2.5, 1.56107, 5.45124], "size": [1, 9, 0], "uv": [24, 32]}
				]
			},
			{
				"name": "bone14",
				"parent": "bone",
				"pivot": [0, 5, 0],
				"rotation": [0, -270, 0]
			},
			{
				"name": "bone15",
				"parent": "bone14",
				"pivot": [0, 5, 4.45124],
				"rotation": [13, 0, 0],
				"cubes": [
					{"origin": [-2.5, 4.56107, 4.45124], "size": [5, 6, 0], "uv": [36, 59]}
				]
			},
			{
				"name": "bone16",
				"parent": "bone15",
				"pivot": [-2.5, 4.56107, 4.45124],
				"rotation": [0, 0, 12.67771],
				"cubes": [
					{"origin": [-4.5, 4.56107, 4.45024], "size": [2, 6, 0], "uv": [18, 32]}
				]
			},
			{
				"name": "bone17",
				"parent": "bone15",
				"pivot": [2.5, 4.56107, 4.45124],
				"rotation": [0, 0, -12.67771],
				"cubes": [
					{"origin": [2.5, 4.56107, 4.45224], "size": [2, 6, 0], "uv": [0, 32]}
				]
			},
			{
				"name": "bone21",
				"parent": "body",
				"pivot": [0, 10.5, 0],
				"cubes": [
					{"origin": [-2.2, 10.5, -4], "size": [1.2, 2, 1], "uv": [51, 48]}
				]
			},
			{
				"name": "bb",
				"parent": "body",
				"pivot": [0, 10.5, 0]
			},
			{
				"name": "bone22",
				"parent": "bb",
				"pivot": [0, 10.5, 0],
				"cubes": [
					{"origin": [-3, 10.5, 3], "size": [6, 5, 3], "uv": [44, 24]},
					{"origin": [-3, 15.3, 2], "size": [6, 3, 4], "uv": [42, 41], "inflate": -0.2},
					{"origin": [-3, 17.3, 4], "size": [6, 2, 1], "uv": [57, 32], "inflate": -0.3}
				]
			},
			{
				"name": "bd",
				"parent": "bone22",
				"pivot": [0, 8.5, 0],
				"rotation": [12.5, 0, 0],
				"cubes": [
					{"origin": [-3, 3.5, 4], "size": [0, 7, 1], "uv": [6, 15]},
					{"origin": [-3, 3.5, 4], "size": [0, 1, 1], "uv": [2, 22], "inflate": 0.1}
				]
			},
			{
				"name": "bd2",
				"parent": "bone22",
				"pivot": [0, 8.5, 0],
				"rotation": [12.5, 0, 0],
				"cubes": [
					{"origin": [3, 3.5, 4], "size": [0, 7, 1], "uv": [6, 0]},
					{"origin": [3, 3.5, 4], "size": [0, 1, 1], "uv": [0, 22], "inflate": 0.1}
				]
			},
			{
				"name": "legLeft",
				"pivot": [2, 9, 0],
				"cubes": [
					{"origin": [0.499, 0.1, -1.5], "size": [2.75, 8.9, 3], "uv": [10, 55]},
					{"origin": [0.499, 0.1, -1.5], "size": [2.75, 6, 3], "uv": [56, 8], "inflate": 0.1},
					{"origin": [0.499, 0.1, -1.5], "size": [2.75, 2, 3], "uv": [59, 22], "inflate": 0.2}
				]
			},
			{
				"name": "legRight",
				"pivot": [-2, 9, 0],
				"cubes": [
					{"origin": [-3.249, 0.2, -1.5], "size": [2.75, 8.8, 3], "uv": [0, 55]},
					{"origin": [-3.249, 0.2, -1.5], "size": [2.75, 6, 3], "uv": [50, 32], "inflate": 0.1},
					{"origin": [-3.249, 0.2, -1.5], "size": [2.75, 2, 3], "uv": [58, 38], "inflate": 0.2}
				]
			}
		]
	}
}