{
	"format_version": "1.10.0",
	"geometry.model": {
		"texturewidth": 128,
		"textureheight": 128,
		"visible_bounds_width": 4,
		"visible_bounds_height": 4,
		"visible_bounds_offset": [0, 1, 0],
		"bones": [
			{
				"name": "head",
				"pivot": [0, 18, 0],
				"cubes": [
					{"origin": [-4, 18, -4], "size": [8, 8, 8], "uv": [0, 16]},
					{"origin": [-4, 18, -4], "size": [8, 8, 8], "uv": [0, 0], "inflate": 0.1}
				]
			},
			{
				"name": "blink",
				"parent": "head",
				"pivot": [0, 18, 0],
				"cubes": [
					{"origin": [-4, 18, -4.001], "size": [8, 8, 0], "uv": [24, 41]}
				]
			},
			{
				"name": "decoration3",
				"parent": "head",
				"pivot": [0, 0, 0]
			},
			{
				"name": "bone41",
				"parent": "decoration3",
				"pivot": [0, 26, 0]
			},
			{
				"name": "bone42",
				"parent": "bone41",
				"pivot": [0, 26, 0],
				"rotation": [0, 0, 15],
				"cubes": [
					{"origin": [-4, 26.001, -0.5], "size": [4, 0, 1], "uv": [17, 32]},
					{"origin": [-4, 26.001, -0.5], "size": [0, 1, 1], "uv": [4, 16]}
				]
			},
			{
				"name": "bone43",
				"parent": "bone42",
				"pivot": [-4, 27, 0],
				"rotation": [0, 0, 28],
				"cubes": [
					{"origin": [-4, 28.001, -0.5], "size": [4, 0, 1], "uv": [31, 25]},
					{"origin": [-4, 27.001, -0.5], "size": [0, 1, 1], "uv": [0, 16]}
				]
			},
			{
				"name": "bone44",
				"parent": "decoration3",
				"pivot": [0, 26, 0]
			},
			{
				"name": "bone45",
				"parent": "bone44",
				"pivot": [0, 26, 0],
				"rotation": [0, 0, -15],
				"cubes": [
					{"origin": [0, 26.001, -0.5], "size": [4, 0, 1], "uv": [23, 7]},
					{"origin": [4, 26.001, -0.5], "size": [0, 1, 1], "uv": [4, 15]}
				]
			},
			{
				"name": "bone46",
				"parent": "bone45",
				"pivot": [4, 27, 0],
				"rotation": [0, 0, -28],
				"cubes": [
					{"origin": [0, 28.001, -0.5], "size": [4, 0, 1], "uv": [23, 6]},
					{"origin": [4, 27.001, -0.5], "size": [0, 1, 1], "uv": [0, 15]}
				]
			},
			{
				"name": "bone47",
				"parent": "decoration3",
				"pivot": [0, 0, 0],
				"cubes": [
					{"origin": [-5, 26.2, -0.5], "size": [10, 0, 1], "uv": [31, 24]}
				]
			},
			{
				"name": "bone48",
				"parent": "bone47",
				"pivot": [-5, 26, 0],
				"rotation": [0, 0, 17.5],
				"cubes": [
					{"origin": [-5, 22.2, -0.5], "size": [0, 4, 1], "uv": [6, 19]}
				]
			},
			{
				"name": "bone49",
				"parent": "bone47",
				"pivot": [5, 26, 0],
				"rotation": [0, 0, -17.5],
				"cubes": [
					{"origin": [5, 22.2, -0.5], "size": [0, 4, 1], "uv": [6, 15]}
				]
			},
			{
				"name": "armRight",
				"pivot": [-3, 17.5, 0],
				"rotation": [0, 0, 25],
				"cubes": [
					{"origin": [-5, 8.5, -1], "size": [2, 8, 2], "uv": [18, 54]},
					{"origin": [-5.5, 13.5, -1.5], "size": [3, 4, 3], "uv": [46, 15]}
				]
			},
			{
				"name": "armLeft",
				"pivot": [3, 17.5, 0],
				"rotation": [0, 0, -25],
				"cubes": [
					{"origin": [2.5, 13.5, -1.5], "size": [3, 4, 3], "uv": [44, 25]},
					{"origin": [3, 8.5, -1], "size": [2, 8, 2], "uv": [10, 53]}
				]
			},
			{
				"name": "body",
				"pivot": [0, 10.5, 0],
				"cubes": [
					{"origin": [-3, 8.999, -3], "size": [6, 9, 6], "uv": [0, 32]},
					{"origin": [-3, 8.999, -3], "size": [6, 9, 6], "uv": [26, 26], "inflate": 0.1}
				]
			},
			{
				"name": "sittingRotationSkirt",
				"parent": "body",
				"pivot": [0, 10.5, 0]
			},
			{
				"name": "bone",
				"parent": "sittingRotationSkirt",
				"pivot": [0, 14.5, 0]
			},
			{
				"name": "bone2",
				"parent": "bone",
				"pivot": [0, 4, 0]
			},
			{
				"name": "bone3",
				"parent": "bone2",
				"pivot": [0, 4, 5.73769],
				"rotation": [29, 0, 0]
			},
			{
				"name": "bone4",
				"parent": "bone3",
				"pivot": [0, 4, 5.73769],
				"rotation": [0, -45, 0],
				"cubes": [
					{"origin": [-1, 4, 4.73769], "size": [2, 7, 2], "uv": [16, 64]}
				]
			},
			{
				"name": "bone5",
				"parent": "bone",
				"pivot": [0, 4, 0],
				"rotation": [0, -27.69231, 0]
			},
			{
				"name": "bone6",
				"parent": "bone5",
				"pivot": [0, 4, 5.73769],
				"rotation": [29, 0, 0]
			},
			{
				"name": "bone7",
				"parent": "bone6",
				"pivot": [0, 4, 5.73769],
				"rotation": [0, -45, 0],
				"cubes": [
					{"origin": [-1, 4, 4.73769], "size": [2, 7, 2], "uv": [63, 14]}
				]
			},
			{
				"name": "bone8",
				"parent": "bone",
				"pivot": [0, 4, 0],
				"rotation": [0, -55.38462, 0]
			},
			{
				"name": "bone9",
				"parent": "bone8",
				"pivot": [0, 4, 5.73769],
				"rotation": [29, 0, 0]
			},
			{
				"name": "bone10",
				"parent": "bone9",
				"pivot": [0, 4, 5.73769],
				"rotation": [0, -45, 0],
				"cubes": [
					{"origin": [-1, 4, 4.73769], "size": [2, 7, 2], "uv": [8, 63]}
				]
			},
			{
				"name": "bone11",
				"parent": "bone",
				"pivot": [0, 4, 0],
				"rotation": [0, -83.07692, 0]
			},
			{
				"name": "bone12",
				"parent": "bone11",
				"pivot": [0, 4, 5.73769],
				"rotation": [29, 0, 0]
			},
			{
				"name": "bone13",
				"parent": "bone12",
				"pivot": [0, 4, 5.73769],
				"rotation": [0, -45, 0],
				"cubes": [
					{"origin": [-1, 4, 4.73769], "size": [2, 7, 2], "uv": [62, 47]}
				]
			},
			{
				"name": "bone14",
				"parent": "bone",
				"pivot": [0, 4, 0],
				"rotation": [0, -110.76923, 0]
			},
			{
				"name": "bone15",
				"parent": "bone14",
				"pivot": [0, 4, 5.73769],
				"rotation": [29, 0, 0]
			},
			{
				"name": "bone16",
				"parent": "bone15",
				"pivot": [0, 4, 5.73769],
				"rotation": [0, -45, 0],
				"cubes": [
					{"origin": [-1, 4, 4.73769], "size": [2, 7, 2], "uv": [60, 0]}
				]
			},
			{
				"name": "bone17",
				"parent": "bone",
				"pivot": [0, 4, 0],
				"rotation": [0, -138.46154, 0]
			},
			{
				"name": "bone18",
				"parent": "bone17",
				"pivot": [0, 4, 5.73769],
				"rotation": [29, 0, 0]
			},
			{
				"name": "bone19",
				"parent": "bone18",
				"pivot": [0, 4, 5.73769],
				"rotation": [0, -45, 0],
				"cubes": [
					{"origin": [-1, 4, 4.73769], "size": [2, 7, 2], "uv": [58, 57]}
				]
			},
			{
				"name": "bone20",
				"parent": "bone",
				"pivot": [0, 4, 0],
				"rotation": [0, -166.15385, 0]
			},
			{
				"name": "bone21",
				"parent": "bone20",
				"pivot": [0, 4, 5.73769],
				"rotation": [29, 0, 0]
			},
			{
				"name": "bone22",
				"parent": "bone21",
				"pivot": [0, 4, 5.73769],
				"rotation": [0, -45, 0],
				"cubes": [
					{"origin": [-1, 4, 4.73769], "size": [2, 7, 2], "uv": [58, 38]}
				]
			},
			{
				"name": "bone23",
				"parent": "bone",
				"pivot": [0, 4, 0],
				"rotation": [0, -193.84615, 0]
			},
			{
				"name": "bone24",
				"parent": "bone23",
				"pivot": [0, 4, 5.73769],
				"rotation": [29, 0, 0]
			},
			{
				"name": "bone25",
				"parent": "bone24",
				"pivot": [0, 4, 5.73769],
				"rotation": [0, -45, 0],
				"cubes": [
					{"origin": [-1, 4, 4.73769], "size": [2, 7, 2], "uv": [0, 58]}
				]
			},
			{
				"name": "bone26",
				"parent": "bone",
				"pivot": [0, 4, 0],
				"rotation": [0, -221.53846, 0]
			},
			{
				"name": "bone27",
				"parent": "bone26",
				"pivot": [0, 4, 5.73769],
				"rotation": [29, 0, 0]
			},
			{
				"name": "bone28",
				"parent": "bone27",
				"pivot": [0, 4, 5.73769],
				"rotation": [0, -45, 0],
				"cubes": [
					{"origin": [-1, 4, 4.73769], "size": [2, 7, 2], "uv": [50, 57]}
				]
			},
			{
				"name": "bone29",
				"parent": "bone",
				"pivot": [0, 4, 0],
				"rotation": [0, -249.23077, 0]
			},
			{
				"name": "bone30",
				"parent": "bone29",
				"pivot": [0, 4, 5.73769],
				"rotation": [29, 0, 0]
			},
			{
				"name": "bone31",
				"parent": "bone30",
				"pivot": [0, 4, 5.73769],
				"rotation": [0, -45, 0],
				"cubes": [
					{"origin": [-1, 4, 4.73769], "size": [2, 7, 2], "uv": [57, 28]}
				]
			},
			{
				"name": "bone32",
				"parent": "bone",
				"pivot": [0, 4, 0],
				"rotation": [0, -276.92308, 0]
			},
			{
				"name": "bone33",
				"parent": "bone32",
				"pivot": [0, 4, 5.73769],
				"rotation": [29, 0, 0]
			},
			{
				"name": "bone34",
				"parent": "bone33",
				"pivot": [0, 4, 5.73769],
				"rotation": [0, -45, 0],
				"cubes": [
					{"origin": [-1, 4, 4.73769], "size": [2, 7, 2], "uv": [42, 56]}
				]
			},
			{
				"name": "bone35",
				"parent": "bone",
				"pivot": [0, 4, 0],
				"rotation": [0, -304.61538, 0]
			},
			{
				"name": "bone36",
				"parent": "bone35",
				"pivot": [0, 4, 5.73769],
				"rotation": [29, 0, 0]
			},
			{
				"name": "bone37",
				"parent": "bone36",
				"pivot": [0, 4, 5.73769],
				"rotation": [0, -45, 0],
				"cubes": [
					{"origin": [-1, 4, 4.73769], "size": [2, 7, 2], "uv": [34, 56]}
				]
			},
			{
				"name": "bone38",
				"parent": "bone",
				"pivot": [0, 4, 0],
				"rotation": [0, -332.30769, 0]
			},
			{
				"name": "bone39",
				"parent": "bone38",
				"pivot": [0, 4, 5.73769],
				"rotation": [29, 0, 0]
			},
			{
				"name": "bone40",
				"parent": "bone39",
				"pivot": [0, 4, 5.73769],
				"rotation": [0, -45, 0],
				"cubes": [
					{"origin": [-1, 4, 4.73769], "size": [2, 7, 2], "uv": [26, 56]}
				]
			},
			{
				"name": "bb",
				"parent": "body",
				"pivot": [0, 10.5, 0]
			},
			{
				"name": "bone50",
				"parent": "bb",
				"pivot": [0, 10.5, 6],
				"cubes": [
					{"origin": [3, 8.999, 3], "size": [0, 9, 5.4], "uv": [36, 10]},
					{"origin": [-3, 8.999, 3], "size": [6, 0, 3.4], "uv": [39, 12]}
				]
			},
			{
				"name": "bone51",
				"parent": "bb",
				"pivot": [0, 10.5, 6],
				"cubes": [
					{"origin": [-3, 8.999, 3], "size": [6, 9, 0], "uv": [0, 76]},
					{"origin": [-3, 8.999, 3], "size": [0, 9, 5.4], "uv": [32, 1]},
					{"origin": [-3, 12.999, 5], "size": [6, 1, 1], "uv": [62, 9]}
				]
			},
			{
				"name": "bone52",
				"parent": "bb",
				"pivot": [0, 17.5, 4],
				"rotation": [32.5, 0, 0],
				"cubes": [
					{"origin": [-3, 17.85, 4], "size": [6, 0, 4], "uv": [20, 20]}
				]
			},
			{
				"name": "bone53",
				"parent": "bone52",
				"pivot": [0, 17.85, 8],
				"rotation": [-22.5, 0, 0],
				"cubes": [
					{"origin": [-3, 17.85, 8], "size": [6, 0, 4], "uv": [20, 16]}
				]
			},
			{
				"name": "bone54",
				"parent": "bb",
				"pivot": [0, 9, 6.4],
				"rotation": [-27.5, 0, 0],
				"cubes": [
					{"origin": [-3, 8.999, 6.4], "size": [6, 0, 3.4], "uv": [39, 9]}
				]
			},
			{
				"name": "bone55",
				"parent": "bone54",
				"pivot": [0, 9, 9.8],
				"rotation": [-27.5, 0, 0],
				"cubes": [
					{"origin": [-3, 8.999, 9.8], "size": [6, 0, 2.4], "uv": [44, 22]}
				]
			},
			{
				"name": "xReciprocate",
				"parent": "bb",
				"pivot": [0, 13.5, 5]
			},
			{
				"name": "yReciprocate",
				"parent": "xReciprocate",
				"pivot": [0, 13.5, 5]
			},
			{
				"name": "bone56",
				"parent": "yReciprocate",
				"pivot": [0, 13.5, 5],
				"rotation": [12.5, 0, 0],
				"cubes": [
					{"origin": [-2, 13, 5], "size": [1, 1, 2], "uv": [22, 72], "inflate": 0.1}
				]
			},
			{
				"name": "bone57",
				"parent": "bone56",
				"pivot": [-2, 13.5, 6],
				"rotation": [22.5, -15, 0],
				"cubes": [
					{"origin": [-2, 13, 6], "size": [1, 1, 5], "uv": [52, 51], "inflate": -0.1}
				]
			},
			{
				"name": "bone58",
				"parent": "bone57",
				"pivot": [-2, 13.5, 10.9469],
				"cubes": [
					{"origin": [-2, 13, 9.9469], "size": [1, 1, 2], "uv": [8, 72]}
				]
			},
			{
				"name": "bone59",
				"parent": "bone58",
				"pivot": [-2, 14, 10.9469],
				"rotation": [10, -15, 0],
				"cubes": [
					{"origin": [-2, 13, 10.7], "size": [1, 1, 4], "uv": [69, 11], "inflate": -0.1},
					{"origin": [-2, 13, 13.7], "size": [1, 1, 1], "uv": [0, 67]}
				]
			},
			{
				"name": "bone60",
				"parent": "bone59",
				"pivot": [-2, 14, 13.9469],
				"rotation": [0, -45, 0],
				"cubes": [
					{"origin": [-2, 13, 13.9469], "size": [1, 1, 4], "uv": [62, 68], "inflate": -0.1},
					{"origin": [-2, 13, 16.9469], "size": [1, 1, 1], "uv": [66, 59]}
				]
			},
			{
				"name": "bone61",
				"parent": "bone60",
				"pivot": [-2, 14, 16.9469],
				"rotation": [0, 17.5, 42.5],
				"cubes": [
					{"origin": [-5, 13.5, 16.9469], "size": [4, 1, 1], "uv": [43, 71], "inflate": -0.1},
					{"origin": [-5, 13.5, 16.9469], "size": [1, 1, 1], "uv": [50, 66]}
				]
			},
			{
				"name": "bone62",
				"parent": "bone61",
				"pivot": [-5, 14, 16.9469],
				"rotation": [0, 0, -20],
				"cubes": [
					{"origin": [-8, 13.5, 16.9469], "size": [4, 1, 1], "uv": [71, 16], "inflate": -0.1}
				]
			},
			{
				"name": "bone63",
				"parent": "bone62",
				"pivot": [-8, 14, 16.9469],
				"cubes": [
					{"origin": [-8, 13.5, 16.9469], "size": [1, 1, 1], "uv": [66, 40]}
				]
			},
			{
				"name": "bone64",
				"parent": "bone63",
				"pivot": [-8, 14, 16.9469],
				"rotation": [0, 0, 47.5],
				"cubes": [
					{"origin": [-9.5, 13.5, 16.9469], "size": [2, 1, 1], "uv": [57, 72], "inflate": -0.3}
				]
			},
			{
				"name": "bone65",
				"parent": "bone63",
				"pivot": [-8, 14, 16.9469],
				"rotation": [0, 0, -47.5],
				"cubes": [
					{"origin": [-9.5, 13.5, 16.9469], "size": [2, 1, 1], "uv": [72, 54], "inflate": -0.3}
				]
			},
			{
				"name": "bone105",
				"parent": "yReciprocate",
				"pivot": [0, 13.5, 5],
				"rotation": [12.5, 0, 0],
				"cubes": [
					{"origin": [1, 13, 5], "size": [1, 1, 2], "uv": [53, 1], "inflate": 0.1}
				]
			},
			{
				"name": "bone106",
				"parent": "bone105",
				"pivot": [2, 13.5, 6],
				"rotation": [22.5, 15, 0],
				"cubes": [
					{"origin": [1, 13, 6], "size": [1, 1, 5], "uv": [31, 50], "inflate": -0.1}
				]
			},
			{
				"name": "bone107",
				"parent": "bone106",
				"pivot": [2, 13.5, 10.9469],
				"cubes": [
					{"origin": [1, 13, 9.9469], "size": [1, 1, 2], "uv": [47, 44]}
				]
			},
			{
				"name": "bone108",
				"parent": "bone107",
				"pivot": [2, 14, 10.9469],
				"rotation": [10, 15, 0],
				"cubes": [
					{"origin": [1, 13, 10.7], "size": [1, 1, 4], "uv": [66, 57], "inflate": -0.1},
					{"origin": [1, 13, 13.7], "size": [1, 1, 1], "uv": [54, 9]}
				]
			},
			{
				"name": "bone109",
				"parent": "bone108",
				"pivot": [2, 14, 13.9469],
				"rotation": [0, 45, 0],
				"cubes": [
					{"origin": [1, 13, 13.9469], "size": [1, 1, 4], "uv": [66, 52], "inflate": -0.1},
					{"origin": [1, 13, 16.9469], "size": [1, 1, 1], "uv": [52, 52]}
				]
			},
			{
				"name": "bone110",
				"parent": "bone109",
				"pivot": [2, 14, 16.9469],
				"rotation": [0, -17.5, -42.5],
				"cubes": [
					{"origin": [1, 13.5, 16.9469], "size": [4, 1, 1], "uv": [70, 26], "inflate": -0.1},
					{"origin": [4, 13.5, 16.9469], "size": [1, 1, 1], "uv": [52, 50]}
				]
			},
			{
				"name": "bone111",
				"parent": "bone110",
				"pivot": [5, 14, 16.9469],
				"rotation": [0, 0, 20],
				"cubes": [
					{"origin": [4, 13.5, 16.9469], "size": [4, 1, 1], "uv": [70, 24], "inflate": -0.1}
				]
			},
			{
				"name": "bone112",
				"parent": "bone111",
				"pivot": [8, 14, 16.9469],
				"cubes": [
					{"origin": [7, 13.5, 16.9469], "size": [1, 1, 1], "uv": [51, 44]}
				]
			},
			{
				"name": "bone113",
				"parent": "bone112",
				"pivot": [8, 14, 16.9469],
				"rotation": [0, 0, -47.5],
				"cubes": [
					{"origin": [7.5, 13.5, 16.9469], "size": [2, 1, 1], "uv": [66, 0], "inflate": -0.3}
				]
			},
			{
				"name": "bone114",
				"parent": "bone112",
				"pivot": [8, 14, 16.9469],
				"rotation": [0, 0, 47.5],
				"cubes": [
					{"origin": [7.5, 13.5, 16.9469], "size": [2, 1, 1], "uv": [64, 57], "inflate": -0.3}
				]
			},
			{
				"name": "bone86",
				"parent": "yReciprocate",
				"pivot": [0, 13.5, 5],
				"rotation": [47.5, 0, 0],
				"cubes": [
					{"origin": [-2, 13, 5], "size": [1, 1, 2], "uv": [30, 65], "inflate": 0.1}
				]
			},
			{
				"name": "bone87",
				"parent": "bone86",
				"pivot": [-2, 13.5, 6],
				"rotation": [22.5, -15, 0],
				"cubes": [
					{"origin": [-2, 13, 6], "size": [1, 1, 5], "uv": [50, 32], "inflate": -0.1}
				]
			},
			{
				"name": "bone88",
				"parent": "bone87",
				"pivot": [-2, 13.5, 10.9469],
				"cubes": [
					{"origin": [-2, 13, 9.9469], "size": [1, 1, 2], "uv": [65, 11]}
				]
			},
			{
				"name": "bone89",
				"parent": "bone88",
				"pivot": [-2, 14, 10.9469],
				"rotation": [10, -15, 0],
				"cubes": [
					{"origin": [-2, 13, 10.7], "size": [1, 1, 4], "uv": [56, 67], "inflate": -0.1},
					{"origin": [-2, 13, 13.7], "size": [1, 1, 1], "uv": [57, 0]}
				]
			},
			{
				"name": "bone90",
				"parent": "bone89",
				"pivot": [-2, 14, 13.9469],
				"rotation": [0, -45, 0],
				"cubes": [
					{"origin": [-2, 13, 13.9469], "size": [1, 1, 4], "uv": [67, 19], "inflate": -0.1},
					{"origin": [-2, 13, 16.9469], "size": [1, 1, 1], "uv": [48, 56]}
				]
			},
			{
				"name": "bone91",
				"parent": "bone90",
				"pivot": [-2, 14, 16.9469],
				"rotation": [0, 17.5, 42.5],
				"cubes": [
					{"origin": [-5, 13.5, 16.9469], "size": [4, 1, 1], "uv": [70, 48], "inflate": -0.1},
					{"origin": [-5, 13.5, 16.9469], "size": [1, 1, 1], "uv": [40, 56]}
				]
			},
			{
				"name": "bone92",
				"parent": "bone91",
				"pivot": [-5, 14, 16.9469],
				"rotation": [0, 0, -20],
				"cubes": [
					{"origin": [-8, 13.5, 16.9469], "size": [4, 1, 1], "uv": [34, 70], "inflate": -0.1}
				]
			},
			{
				"name": "bone93",
				"parent": "bone92",
				"pivot": [-8, 14, 16.9469],
				"cubes": [
					{"origin": [-8, 13.5, 16.9469], "size": [1, 1, 1], "uv": [32, 56]}
				]
			},
			{
				"name": "bone94",
				"parent": "bone93",
				"pivot": [-8, 14, 16.9469],
				"rotation": [0, 0, 47.5],
				"cubes": [
					{"origin": [-9.5, 13.5, 16.9469], "size": [2, 1, 1], "uv": [32, 72], "inflate": -0.3}
				]
			},
			{
				"name": "bone103",
				"parent": "bone93",
				"pivot": [-8, 14, 16.9469],
				"rotation": [0, 0, -47.5],
				"cubes": [
					{"origin": [-9.5, 13.5, 16.9469], "size": [2, 1, 1], "uv": [26, 72], "inflate": -0.3}
				]
			},
			{
				"name": "bone115",
				"parent": "yReciprocate",
				"pivot": [0, 13.5, 5],
				"rotation": [47.5, 0, 0],
				"cubes": [
					{"origin": [1, 13, 5], "size": [1, 1, 2], "uv": [7, 47], "inflate": 0.1}
				]
			},
			{
				"name": "bone116",
				"parent": "bone115",
				"pivot": [2, 13.5, 6],
				"rotation": [22.5, 15, 0],
				"cubes": [
					{"origin": [1, 13, 6], "size": [1, 1, 5], "uv": [24, 49], "inflate": -0.1}
				]
			},
			{
				"name": "bone117",
				"parent": "bone116",
				"pivot": [2, 13.5, 10.9469],
				"cubes": [
					{"origin": [1, 13, 9.9469], "size": [1, 1, 2], "uv": [0, 35]}
				]
			},
			{
				"name": "bone118",
				"parent": "bone117",
				"pivot": [2, 14, 10.9469],
				"rotation": [10, 15, 0],
				"cubes": [
					{"origin": [1, 13, 10.7], "size": [1, 1, 4], "uv": [50, 66], "inflate": -0.1},
					{"origin": [1, 13, 13.7], "size": [1, 1, 1], "uv": [31, 51]}
				]
			},
			{
				"name": "bone119",
				"parent": "bone118",
				"pivot": [2, 14, 13.9469],
				"rotation": [0, 45, 0],
				"cubes": [
					{"origin": [1, 13, 13.9469], "size": [1, 1, 4], "uv": [66, 38], "inflate": -0.1},
					{"origin": [1, 13, 16.9469], "size": [1, 1, 1], "uv": [24, 51]}
				]
			},
			{
				"name": "bone120",
				"parent": "bone119",
				"pivot": [2, 14, 16.9469],
				"rotation": [0, -17.5, -42.5],
				"cubes": [
					{"origin": [1, 13.5, 16.9469], "size": [4, 1, 1], "uv": [24, 70], "inflate": -0.1},
					{"origin": [4, 13.5, 16.9469], "size": [1, 1, 1], "uv": [50, 47]}
				]
			},
			{
				"name": "bone121",
				"parent": "bone120",
				"pivot": [5, 14, 16.9469],
				"rotation": [0, 0, 20],
				"cubes": [
					{"origin": [4, 13.5, 16.9469], "size": [4, 1, 1], "uv": [68, 68], "inflate": -0.1}
				]
			},
			{
				"name": "bone122",
				"parent": "bone121",
				"pivot": [8, 14, 16.9469],
				"cubes": [
					{"origin": [7, 13.5, 16.9469], "size": [1, 1, 1], "uv": [50, 34]}
				]
			},
			{
				"name": "bone123",
				"parent": "bone122",
				"pivot": [8, 14, 16.9469],
				"rotation": [0, 0, -47.5],
				"cubes": [
					{"origin": [7.5, 13.5, 16.9469], "size": [2, 1, 1], "uv": [64, 38], "inflate": -0.3}
				]
			},
			{
				"name": "bone124",
				"parent": "bone122",
				"pivot": [8, 14, 16.9469],
				"rotation": [0, 0, 47.5],
				"cubes": [
					{"origin": [7.5, 13.5, 16.9469], "size": [2, 1, 1], "uv": [57, 47], "inflate": -0.3}
				]
			},
			{
				"name": "bone66",
				"parent": "yReciprocate",
				"pivot": [0, 13.5, 5],
				"rotation": [-25, 0, 0],
				"cubes": [
					{"origin": [-2, 13, 5], "size": [1, 1, 2], "uv": [51, 71], "inflate": 0.1}
				]
			},
			{
				"name": "bone67",
				"parent": "bone66",
				"pivot": [-2, 13.5, 6],
				"rotation": [22.5, -15, 0],
				"cubes": [
					{"origin": [-2, 13, 6], "size": [1, 1, 5], "uv": [45, 50], "inflate": -0.1}
				]
			},
			{
				"name": "bone68",
				"parent": "bone67",
				"pivot": [-2, 13.5, 10.9469],
				"cubes": [
					{"origin": [-2, 13, 9.9469], "size": [1, 1, 2], "uv": [66, 43]}
				]
			},
			{
				"name": "bone69",
				"parent": "bone68",
				"pivot": [-2, 14, 10.9469],
				"rotation": [10, -15, 0],
				"cubes": [
					{"origin": [-2, 13, 10.7], "size": [1, 1, 4], "uv": [68, 43], "inflate": -0.1},
					{"origin": [-2, 13, 13.7], "size": [1, 1, 1], "uv": [24, 66]}
				]
			},
			{
				"name": "bone70",
				"parent": "bone69",
				"pivot": [-2, 14, 13.9469],
				"rotation": [0, -45, 0],
				"cubes": [
					{"origin": [-2, 13, 13.9469], "size": [1, 1, 4], "uv": [68, 30], "inflate": -0.1},
					{"origin": [-2, 13, 16.9469], "size": [1, 1, 1], "uv": [44, 65]}
				]
			},
			{
				"name": "bone71",
				"parent": "bone70",
				"pivot": [-2, 14, 16.9469],
				"rotation": [0, 17.5, 42.5],
				"cubes": [
					{"origin": [-5, 13.5, 16.9469], "size": [4, 1, 1], "uv": [68, 70], "inflate": -0.1},
					{"origin": [-5, 13.5, 16.9469], "size": [1, 1, 1], "uv": [34, 65]}
				]
			},
			{
				"name": "bone72",
				"parent": "bone71",
				"pivot": [-5, 14, 16.9469],
				"rotation": [0, 0, -20],
				"cubes": [
					{"origin": [-8, 13.5, 16.9469], "size": [4, 1, 1], "uv": [70, 64], "inflate": -0.1}
				]
			},
			{
				"name": "bone73",
				"parent": "bone72",
				"pivot": [-8, 14, 16.9469],
				"cubes": [
					{"origin": [-8, 13.5, 16.9469], "size": [1, 1, 1], "uv": [22, 64]}
				]
			},
			{
				"name": "bone74",
				"parent": "bone73",
				"pivot": [-8, 14, 16.9469],
				"rotation": [0, 0, 47.5],
				"cubes": [
					{"origin": [-9.5, 13.5, 16.9469], "size": [2, 1, 1], "uv": [72, 52], "inflate": -0.3}
				]
			},
			{
				"name": "bone75",
				"parent": "bone73",
				"pivot": [-8, 14, 16.9469],
				"rotation": [0, 0, -47.5],
				"cubes": [
					{"origin": [-9.5, 13.5, 16.9469], "size": [2, 1, 1], "uv": [72, 39], "inflate": -0.3}
				]
			},
			{
				"name": "bone125",
				"parent": "yReciprocate",
				"pivot": [0, 13.5, 5],
				"rotation": [-25, 0, 0],
				"cubes": [
					{"origin": [1, 13, 5], "size": [1, 1, 2], "uv": [18, 33], "inflate": 0.1}
				]
			},
			{
				"name": "bone126",
				"parent": "bone125",
				"pivot": [2, 13.5, 6],
				"rotation": [22.5, 15, 0],
				"cubes": [
					{"origin": [1, 13, 6], "size": [1, 1, 5], "uv": [17, 48], "inflate": -0.1}
				]
			},
			{
				"name": "bone127",
				"parent": "bone126",
				"pivot": [2, 13.5, 10.9469],
				"cubes": [
					{"origin": [1, 13, 9.9469], "size": [1, 1, 2], "uv": [0, 32]}
				]
			},
			{
				"name": "bone128",
				"parent": "bone127",
				"pivot": [2, 14, 10.9469],
				"rotation": [10, 15, 0],
				"cubes": [
					{"origin": [1, 13, 10.7], "size": [1, 1, 4], "uv": [44, 65], "inflate": -0.1},
					{"origin": [1, 13, 13.7], "size": [1, 1, 1], "uv": [50, 32]}
				]
			},
			{
				"name": "bone129",
				"parent": "bone128",
				"pivot": [2, 14, 13.9469],
				"rotation": [0, 45, 0],
				"cubes": [
					{"origin": [1, 13, 13.9469], "size": [1, 1, 4], "uv": [34, 65], "inflate": -0.1},
					{"origin": [1, 13, 16.9469], "size": [1, 1, 1], "uv": [10, 50]}
				]
			},
			{
				"name": "bone130",
				"parent": "bone129",
				"pivot": [2, 14, 16.9469],
				"rotation": [0, -17.5, -42.5],
				"cubes": [
					{"origin": [1, 13.5, 16.9469], "size": [4, 1, 1], "uv": [68, 35], "inflate": -0.1},
					{"origin": [4, 13.5, 16.9469], "size": [1, 1, 1], "uv": [31, 49]}
				]
			},
			{
				"name": "bone131",
				"parent": "bone130",
				"pivot": [5, 14, 16.9469],
				"rotation": [0, 0, 20],
				"cubes": [
					{"origin": [4, 13.5, 16.9469], "size": [4, 1, 1], "uv": [68, 7], "inflate": -0.1}
				]
			},
			{
				"name": "bone132",
				"parent": "bone131",
				"pivot": [8, 14, 16.9469],
				"cubes": [
					{"origin": [7, 13.5, 16.9469], "size": [1, 1, 1], "uv": [24, 49]}
				]
			},
			{
				"name": "bone133",
				"parent": "bone132",
				"pivot": [8, 14, 16.9469],
				"rotation": [0, 0, -47.5],
				"cubes": [
					{"origin": [7.5, 13.5, 16.9469], "size": [2, 1, 1], "uv": [55, 16], "inflate": -0.3}
				]
			},
			{
				"name": "bone134",
				"parent": "bone132",
				"pivot": [8, 14, 16.9469],
				"rotation": [0, 0, 47.5],
				"cubes": [
					{"origin": [7.5, 13.5, 16.9469], "size": [2, 1, 1], "uv": [54, 4], "inflate": -0.3}
				]
			},
			{
				"name": "bone76",
				"parent": "yReciprocate",
				"pivot": [0, 13.5, 5],
				"rotation": [-62.5, 0, 0],
				"cubes": [
					{"origin": [-2, 13, 5], "size": [1, 1, 2], "uv": [40, 65], "inflate": 0.1}
				]
			},
			{
				"name": "bone77",
				"parent": "bone76",
				"pivot": [-2, 13.5, 6],
				"rotation": [22.5, -15, 0],
				"cubes": [
					{"origin": [-2, 13, 6], "size": [1, 1, 5], "uv": [50, 44], "inflate": -0.1}
				]
			},
			{
				"name": "bone78",
				"parent": "bone77",
				"pivot": [-2, 13.5, 10.9469],
				"cubes": [
					{"origin": [-2, 13, 9.9469], "size": [1, 1, 2], "uv": [65, 30]}
				]
			},
			{
				"name": "bone79",
				"parent": "bone78",
				"pivot": [-2, 14, 10.9469],
				"rotation": [10, -15, 0],
				"cubes": [
					{"origin": [-2, 13, 10.7], "size": [1, 1, 4], "uv": [68, 0], "inflate": -0.1},
					{"origin": [-2, 13, 13.7], "size": [1, 1, 1], "uv": [14, 63]}
				]
			},
			{
				"name": "bone80",
				"parent": "bone79",
				"pivot": [-2, 14, 13.9469],
				"rotation": [0, -45, 0],
				"cubes": [
					{"origin": [-2, 13, 13.9469], "size": [1, 1, 4], "uv": [0, 68], "inflate": -0.1},
					{"origin": [-2, 13, 16.9469], "size": [1, 1, 1], "uv": [58, 18]}
				]
			},
			{
				"name": "bone81",
				"parent": "bone80",
				"pivot": [-2, 14, 16.9469],
				"rotation": [0, 17.5, 42.5],
				"cubes": [
					{"origin": [-5, 13.5, 16.9469], "size": [4, 1, 1], "uv": [70, 62], "inflate": -0.1},
					{"origin": [-5, 13.5, 16.9469], "size": [1, 1, 1], "uv": [6, 58]}
				]
			},
			{
				"name": "bone82",
				"parent": "bone81",
				"pivot": [-5, 14, 16.9469],
				"rotation": [0, 0, -20],
				"cubes": [
					{"origin": [-8, 13.5, 16.9469], "size": [4, 1, 1], "uv": [70, 50], "inflate": -0.1}
				]
			},
			{
				"name": "bone83",
				"parent": "bone82",
				"pivot": [-8, 14, 16.9469],
				"cubes": [
					{"origin": [-8, 13.5, 16.9469], "size": [1, 1, 1], "uv": [56, 57]}
				]
			},
			{
				"name": "bone84",
				"parent": "bone83",
				"pivot": [-8, 14, 16.9469],
				"rotation": [0, 0, 47.5],
				"cubes": [
					{"origin": [-9.5, 13.5, 16.9469], "size": [2, 1, 1], "uv": [38, 72], "inflate": -0.3}
				]
			},
			{
				"name": "bone85",
				"parent": "bone83",
				"pivot": [-8, 14, 16.9469],
				"rotation": [0, 0, -47.5],
				"cubes": [
					{"origin": [-9.5, 13.5, 16.9469], "size": [2, 1, 1], "uv": [72, 37], "inflate": -0.3}
				]
			},
			{
				"name": "bone135",
				"parent": "yReciprocate",
				"pivot": [0, 13.5, 5],
				"rotation": [-62.5, 0, 0],
				"cubes": [
					{"origin": [1, 13, 5], "size": [1, 1, 2], "uv": [0, 19], "inflate": 0.1}
				]
			},
			{
				"name": "bone136",
				"parent": "bone135",
				"pivot": [2, 13.5, 6],
				"rotation": [22.5, 15, 0],
				"cubes": [
					{"origin": [1, 13, 6], "size": [1, 1, 5], "uv": [10, 47], "inflate": -0.1}
				]
			},
			{
				"name": "bone137",
				"parent": "bone136",
				"pivot": [2, 13.5, 10.9469],
				"cubes": [
					{"origin": [1, 13, 9.9469], "size": [1, 1, 2], "uv": [0, 16]}
				]
			},
			{
				"name": "bone138",
				"parent": "bone137",
				"pivot": [2, 14, 10.9469],
				"rotation": [10, 15, 0],
				"cubes": [
					{"origin": [1, 13, 10.7], "size": [1, 1, 4], "uv": [24, 65], "inflate": -0.1},
					{"origin": [1, 13, 13.7], "size": [1, 1, 1], "uv": [17, 49]}
				]
			},
			{
				"name": "bone139",
				"parent": "bone138",
				"pivot": [2, 14, 13.9469],
				"rotation": [0, 45, 0],
				"cubes": [
					{"origin": [1, 13, 13.9469], "size": [1, 1, 4], "uv": [62, 33], "inflate": -0.1},
					{"origin": [1, 13, 16.9469], "size": [1, 1, 1], "uv": [17, 47]}
				]
			},
			{
				"name": "bone140",
				"parent": "bone139",
				"pivot": [2, 14, 16.9469],
				"rotation": [0, -17.5, -42.5],
				"cubes": [
					{"origin": [1, 13.5, 16.9469], "size": [4, 1, 1], "uv": [68, 5], "inflate": -0.1},
					{"origin": [4, 13.5, 16.9469], "size": [1, 1, 1], "uv": [11, 47]}
				]
			},
			{
				"name": "bone141",
				"parent": "bone140",
				"pivot": [5, 14, 16.9469],
				"rotation": [0, 0, 20],
				"cubes": [
					{"origin": [4, 13.5, 16.9469], "size": [4, 1, 1], "uv": [50, 38], "inflate": -0.1}
				]
			},
			{
				"name": "bone142",
				"parent": "bone141",
				"pivot": [8, 14, 16.9469],
				"cubes": [
					{"origin": [7, 13.5, 16.9469], "size": [1, 1, 1], "uv": [22, 33]}
				]
			},
			{
				"name": "bone143",
				"parent": "bone142",
				"pivot": [8, 14, 16.9469],
				"rotation": [0, 0, -47.5],
				"cubes": [
					{"origin": [7.5, 13.5, 16.9469], "size": [2, 1, 1], "uv": [18, 36], "inflate": -0.3}
				]
			},
			{
				"name": "bone144",
				"parent": "bone142",
				"pivot": [8, 14, 16.9469],
				"rotation": [0, 0, 47.5],
				"cubes": [
					{"origin": [7.5, 13.5, 16.9469], "size": [2, 1, 1], "uv": [0, 22], "inflate": -0.3}
				]
			},
			{
				"name": "wingLeft",
				"parent": "bb",
				"pivot": [0, 13.5, 7]
			},
			{
				"name": "bone145",
				"parent": "wingLeft",
				"pivot": [0, 13.5, 5],
				"rotation": [0, -17.5, 35],
				"cubes": [
					{"origin": [4, 13.5, 4], "size": [8, 2, 1], "uv": [42, 6]}
				]
			},
			{
				"name": "bone146",
				"parent": "wingLeft",
				"pivot": [0, 17.5, 6],
				"rotation": [0, -17.5, 35],
				"cubes": [
					{"origin": [4, 17.5, 5], "size": [14, 2, 1], "uv": [24, 3]}
				]
			},
			{
				"name": "wingRight",
				"parent": "bb",
				"pivot": [0, 13.5, 0]
			},
			{
				"name": "bone147",
				"parent": "wingRight",
				"pivot": [0, 13.5, 0],
				"rotation": [0, 17.5, -35],
				"cubes": [
					{"origin": [-13, 13.5, 3], "size": [8, 2, 1], "uv": [40, 41]}
				]
			},
			{
				"name": "bone148",
				"parent": "wingRight",
				"pivot": [0, 13.5, 0],
				"rotation": [0, 17.5, -35],
				"cubes": [
					{"origin": [-18, 17.5, 5], "size": [14, 2, 1], "uv": [24, 0]}
				]
			},
			{
				"name": "deco",
				"parent": "body",
				"pivot": [0, 25.25, -3.05],
				"rotation": [-11, 0, 0]
			},
			{
				"name": "bone95",
				"parent": "deco",
				"pivot": [0, 12.75, 2.95]
			},
			{
				"name": "bone96",
				"parent": "bone95",
				"pivot": [0, 25.25, -3.55],
				"rotation": [0, 0, 5],
				"cubes": [
					{"origin": [-2.2191, 15.88128, -2.11472], "size": [3, 1, 1], "uv": [0, 6]}
				]
			},
			{
				"name": "bone97",
				"parent": "bone95",
				"pivot": [0, 25.25, -3.55],
				"rotation": [0, 0, -15],
				"cubes": [
					{"origin": [-5.28956, 16.20526, -2.11472], "size": [3, 1, 1], "uv": [0, 4]}
				]
			},
			{
				"name": "bone98",
				"parent": "deco",
				"pivot": [0, 12.75, 2.95]
			},
			{
				"name": "bone99",
				"parent": "bone98",
				"pivot": [0, 25.25, -3.55],
				"rotation": [0, 0, -5],
				"cubes": [
					{"origin": [-0.7809, 15.88128, -2.11472], "size": [3, 1, 1], "uv": [0, 2]}
				]
			},
			{
				"name": "bone100",
				"parent": "bone98",
				"pivot": [0, 25.25, -3.55],
				"rotation": [0, 0, 15],
				"cubes": [
					{"origin": [2.28956, 16.20526, -2.11472], "size": [3, 1, 1], "uv": [0, 0]}
				]
			},
			{
				"name": "bone101",
				"parent": "deco",
				"pivot": [0, 12.75, 2.95],
				"cubes": [
					{"origin": [-0.5, 15.90383, -2.11472], "size": [1, 1, 1], "uv": [56, 66], "inflate": 0.1}
				]
			},
			{
				"name": "bone102",
				"parent": "deco",
				"pivot": [-0.5, 25.21527, -3.24696],
				"rotation": [0, 0, 20],
				"cubes": [
					{"origin": [2.02557, 13.90259, -1.31168], "size": [1, 3, 0], "uv": [24, 38]}
				]
			},
			{
				"name": "bone104",
				"parent": "deco",
				"pivot": [0.5, 25.21527, -3.24696],
				"rotation": [0, 0, -20],
				"cubes": [
					{"origin": [-3.02557, 13.90259, -1.31168], "size": [1, 3, 0], "uv": [24, 35]}
				]
			},
			{
				"name": "legLeft",
				"pivot": [2, 9, 0],
				"cubes": [
					{"origin": [0.499, 0.1, -1.5], "size": [2.75, 8.9, 3], "uv": [0, 47]},
					{"origin": [0.499, 0.1, -1.5], "size": [2.75, 4.2, 3], "uv": [55, 21], "inflate": 0.1},
					{"origin": [0.499, 0.1, -1.5], "size": [2.75, 2, 3], "uv": [63, 25], "inflate": 0.2}
				]
			},
			{
				"name": "legRight",
				"pivot": [-2, 9, 0],
				"cubes": [
					{"origin": [-3.249, 0.2, -1.5], "size": [2.75, 8.8, 3], "uv": [40, 44]},
					{"origin": [-3.249, 0.2, -1.5], "size": [2.75, 4.2, 3], "uv": [55, 9], "inflate": 0.1},
					{"origin": [-3.249, 0.2, -1.5], "size": [2.75, 2, 3], "uv": [63, 63], "inflate": 0.2}
				]
			}
		]
	}
}