{
	"format_version": "1.10.0",
	"geometry.model": {
		"texturewidth": 128,
		"textureheight": 128,
		"visible_bounds_width": 3,
		"visible_bounds_height": 4,
		"visible_bounds_offset": [0, 1, 0],
		"bones": [
			{
				"name": "head",
				"pivot": [0, 18, 0],
				"cubes": [
					{"origin": [-4, 18, -4], "size": [8, 8, 8], "uv": [0, 16]},
					{"origin": [-4, 18, -4], "size": [8, 8, 8], "uv": [0, 0], "inflate": 0.1}
				]
			},
			{
				"name": "blink",
				"parent": "head",
				"pivot": [0, 18, 0],
				"cubes": [
					{"origin": [-4, 18, -4.001], "size": [8, 8, 0], "uv": [34, 41]}
				]
			},
			{
				"name": "bz",
				"parent": "head",
				"pivot": [0, 23, -3],
				"rotation": [-50, 0, 0],
				"cubes": [
					{"origin": [-1, 26, 1], "size": [2, 2, 6], "uv": [18, 41]}
				]
			},
			{
				"name": "ts",
				"parent": "head",
				"pivot": [0, 18, 0]
			},
			{
				"name": "bone44",
				"parent": "ts",
				"pivot": [0, 18, 0],
				"cubes": [
					{"origin": [-4, 23, -2], "size": [8, 3, 1.5], "uv": [42, 15], "inflate": 0.15}
				]
			},
			{
				"name": "bone45",
				"parent": "ts",
				"pivot": [0, 18, 0],
				"cubes": [
					{"origin": [-5.5, 22, -2.25], "size": [1.5, 2, 2], "uv": [42, 66]}
				]
			},
			{
				"name": "bone46",
				"parent": "ts",
				"pivot": [0, 18, 0],
				"cubes": [
					{"origin": [4, 22, -2.25], "size": [1.5, 2, 2], "uv": [28, 41]}
				]
			},
			{
				"name": "bone47",
				"parent": "ts",
				"pivot": [0, 18, 0]
			},
			{
				"name": "bone63",
				"parent": "bone47",
				"pivot": [-2.15, 25.5, -2],
				"rotation": [0, 0, -25]
			},
			{
				"name": "bone64",
				"parent": "bone63",
				"pivot": [-1.9, 25.5, -1.5],
				"rotation": [0, 0, -25],
				"cubes": [
					{"origin": [-2.4, 24.5, -2], "size": [2, 4, 1], "uv": [0, 32], "inflate": -0.001}
				]
			},
			{
				"name": "bone65",
				"parent": "bone63",
				"pivot": [-2.9, 25.5, -1.5],
				"rotation": [0, 0, 5],
				"cubes": [
					{"origin": [-3.8981, 25.45642, -2], "size": [2, 3, 1], "uv": [50, 40]}
				]
			},
			{
				"name": "bone48",
				"parent": "bone47",
				"pivot": [2.15, 25.5, -2],
				"rotation": [0, 0, 25]
			},
			{
				"name": "bone49",
				"parent": "bone48",
				"pivot": [1.9, 25.5, -1.5],
				"rotation": [0, 0, 25],
				"cubes": [
					{"origin": [0.4, 24.5, -2], "size": [2, 4, 1], "uv": [24, 16], "inflate": -0.001}
				]
			},
			{
				"name": "bone50",
				"parent": "bone48",
				"pivot": [2.9, 25.5, -1.5],
				"rotation": [0, 0, -5],
				"cubes": [
					{"origin": [1.8981, 25.45642, -2], "size": [2, 3, 1], "uv": [50, 0]}
				]
			},
			{
				"name": "armRight",
				"pivot": [-3, 17.5, 0],
				"rotation": [0, 0, 25],
				"cubes": [
					{"origin": [-5, 8.5, -1], "size": [2, 8, 2], "uv": [57, 19]},
					{"origin": [-5.5, 9.5, -1.5], "size": [3, 8, 3], "uv": [12, 49], "inflate": -0.2},
					{"origin": [-5.5, 9.5, -1.5], "size": [3, 8, 3], "uv": [0, 47], "inflate": -0.1}
				]
			},
			{
				"name": "armLeft",
				"pivot": [3, 17.5, 0],
				"rotation": [0, 0, -25],
				"cubes": [
					{"origin": [2.5, 9.5, -1.5], "size": [3, 8, 3], "uv": [47, 46], "inflate": -0.2},
					{"origin": [2.5, 9.5, -1.5], "size": [3, 8, 3], "uv": [45, 20], "inflate": -0.1},
					{"origin": [3, 8.5, -1], "size": [2, 8, 2], "uv": [56, 0]}
				]
			},
			{
				"name": "body",
				"pivot": [0, 10.5, 0],
				"cubes": [
					{"origin": [-3, 8.999, -3], "size": [6, 9, 6], "uv": [32, 0]},
					{"origin": [-3, 8.999, -3], "size": [6, 9, 6], "uv": [0, 32], "inflate": 0.1},
					{"origin": [-3, 8.999, -3], "size": [6, 9, 6], "uv": [26, 26], "inflate": 0.12},
					{"origin": [-3, 9.999, -3], "size": [6, 1, 6], "uv": [24, 16], "inflate": 0.2}
				]
			},
			{
				"name": "sittingRotationSkirt",
				"parent": "body",
				"pivot": [0, 10.5, 0]
			},
			{
				"name": "bone",
				"parent": "sittingRotationSkirt",
				"pivot": [0, 15.5, 0]
			},
			{
				"name": "bone2",
				"parent": "bone",
				"pivot": [0, 5, 0]
			},
			{
				"name": "bone3",
				"parent": "bone2",
				"pivot": [0, 5, 6.19607],
				"rotation": [36, 0, 0]
			},
			{
				"name": "bone4",
				"parent": "bone3",
				"pivot": [0, 5, 6.19607],
				"rotation": [0, -45, 0],
				"cubes": [
					{"origin": [-1, 5, 5.19607], "size": [2, 7, 2], "uv": [58, 65]}
				]
			},
			{
				"name": "bone5",
				"parent": "bone",
				"pivot": [0, 5, 0],
				"rotation": [0, -25.71429, 0]
			},
			{
				"name": "bone6",
				"parent": "bone5",
				"pivot": [0, 5, 6.19607],
				"rotation": [36, 0, 0]
			},
			{
				"name": "bone7",
				"parent": "bone6",
				"pivot": [0, 5, 6.19607],
				"rotation": [0, -45, 0],
				"cubes": [
					{"origin": [-1, 5, 5.19607], "size": [2, 7, 2], "uv": [65, 19]}
				]
			},
			{
				"name": "bone8",
				"parent": "bone",
				"pivot": [0, 5, 0],
				"rotation": [0, -51.42857, 0]
			},
			{
				"name": "bone9",
				"parent": "bone8",
				"pivot": [0, 5, 6.19607],
				"rotation": [36, 0, 0]
			},
			{
				"name": "bone10",
				"parent": "bone9",
				"pivot": [0, 5, 6.19607],
				"rotation": [0, -45, 0],
				"cubes": [
					{"origin": [-1, 5, 5.19607], "size": [2, 7, 2], "uv": [64, 0]}
				]
			},
			{
				"name": "bone11",
				"parent": "bone",
				"pivot": [0, 5, 0],
				"rotation": [0, -77.14286, 0]
			},
			{
				"name": "bone12",
				"parent": "bone11",
				"pivot": [0, 5, 6.19607],
				"rotation": [36, 0, 0]
			},
			{
				"name": "bone13",
				"parent": "bone12",
				"pivot": [0, 5, 6.19607],
				"rotation": [0, -45, 0],
				"cubes": [
					{"origin": [-1, 5, 5.19607], "size": [2, 7, 2], "uv": [60, 56]}
				]
			},
			{
				"name": "bone14",
				"parent": "bone",
				"pivot": [0, 5, 0],
				"rotation": [0, -102.85714, 0]
			},
			{
				"name": "bone15",
				"parent": "bone14",
				"pivot": [0, 5, 6.19607],
				"rotation": [36, 0, 0]
			},
			{
				"name": "bone16",
				"parent": "bone15",
				"pivot": [0, 5, 6.19607],
				"rotation": [0, -45, 0],
				"cubes": [
					{"origin": [-1, 5, 5.19607], "size": [2, 7, 2], "uv": [32, 60]}
				]
			},
			{
				"name": "bone17",
				"parent": "bone",
				"pivot": [0, 5, 0],
				"rotation": [0, -128.57143, 0]
			},
			{
				"name": "bone18",
				"parent": "bone17",
				"pivot": [0, 5, 6.19607],
				"rotation": [36, 0, 0]
			},
			{
				"name": "bone19",
				"parent": "bone18",
				"pivot": [0, 5, 6.19607],
				"rotation": [0, -45, 0],
				"cubes": [
					{"origin": [-1, 5, 5.19607], "size": [2, 7, 2], "uv": [60, 29]}
				]
			},
			{
				"name": "bone20",
				"parent": "bone",
				"pivot": [0, 5, 0],
				"rotation": [0, -154.28571, 0]
			},
			{
				"name": "bone21",
				"parent": "bone20",
				"pivot": [0, 5, 6.19607],
				"rotation": [36, 0, 0]
			},
			{
				"name": "bone22",
				"parent": "bone21",
				"pivot": [0, 5, 6.19607],
				"rotation": [0, -45, 0],
				"cubes": [
					{"origin": [-1, 5, 5.19607], "size": [2, 7, 2], "uv": [24, 60]}
				]
			},
			{
				"name": "bone23",
				"parent": "bone",
				"pivot": [0, 5, 0],
				"rotation": [0, -180, 0]
			},
			{
				"name": "bone24",
				"parent": "bone23",
				"pivot": [0, 5, 6.19607],
				"rotation": [36, 0, 0]
			},
			{
				"name": "bone25",
				"parent": "bone24",
				"pivot": [0, 5, 6.19607],
				"rotation": [0, -45, 0],
				"cubes": [
					{"origin": [-1, 5, 5.19607], "size": [2, 7, 2], "uv": [16, 60]}
				]
			},
			{
				"name": "bone26",
				"parent": "bone",
				"pivot": [0, 5, 0],
				"rotation": [0, -205.71429, 0]
			},
			{
				"name": "bone27",
				"parent": "bone26",
				"pivot": [0, 5, 6.19607],
				"rotation": [36, 0, 0]
			},
			{
				"name": "bone28",
				"parent": "bone27",
				"pivot": [0, 5, 6.19607],
				"rotation": [0, -45, 0],
				"cubes": [
					{"origin": [-1, 5, 5.19607], "size": [2, 7, 2], "uv": [60, 10]}
				]
			},
			{
				"name": "bone29",
				"parent": "bone",
				"pivot": [0, 5, 0],
				"rotation": [0, -231.42857, 0]
			},
			{
				"name": "bone30",
				"parent": "bone29",
				"pivot": [0, 5, 6.19607],
				"rotation": [36, 0, 0]
			},
			{
				"name": "bone31",
				"parent": "bone30",
				"pivot": [0, 5, 6.19607],
				"rotation": [0, -45, 0],
				"cubes": [
					{"origin": [-1, 5, 5.19607], "size": [2, 7, 2], "uv": [8, 60]}
				]
			},
			{
				"name": "bone32",
				"parent": "bone",
				"pivot": [0, 5, 0],
				"rotation": [0, -257.14286, 0]
			},
			{
				"name": "bone33",
				"parent": "bone32",
				"pivot": [0, 5, 6.19607],
				"rotation": [36, 0, 0]
			},
			{
				"name": "bone34",
				"parent": "bone33",
				"pivot": [0, 5, 6.19607],
				"rotation": [0, -45, 0],
				"cubes": [
					{"origin": [-1, 5, 5.19607], "size": [2, 7, 2], "uv": [59, 47]}
				]
			},
			{
				"name": "bone35",
				"parent": "bone",
				"pivot": [0, 5, 0],
				"rotation": [0, -282.85714, 0]
			},
			{
				"name": "bone36",
				"parent": "bone35",
				"pivot": [0, 5, 6.19607],
				"rotation": [36, 0, 0]
			},
			{
				"name": "bone37",
				"parent": "bone36",
				"pivot": [0, 5, 6.19607],
				"rotation": [0, -45, 0],
				"cubes": [
					{"origin": [-1, 5, 5.19607], "size": [2, 7, 2], "uv": [0, 58]}
				]
			},
			{
				"name": "bone38",
				"parent": "bone",
				"pivot": [0, 5, 0],
				"rotation": [0, -308.57143, 0]
			},
			{
				"name": "bone39",
				"parent": "bone38",
				"pivot": [0, 5, 6.19607],
				"rotation": [36, 0, 0]
			},
			{
				"name": "bone40",
				"parent": "bone39",
				"pivot": [0, 5, 6.19607],
				"rotation": [0, -45, 0],
				"cubes": [
					{"origin": [-1, 5, 5.19607], "size": [2, 7, 2], "uv": [52, 57]}
				]
			},
			{
				"name": "bone41",
				"parent": "bone",
				"pivot": [0, 5, 0],
				"rotation": [0, -334.28571, 0]
			},
			{
				"name": "bone42",
				"parent": "bone41",
				"pivot": [0, 5, 6.19607],
				"rotation": [36, 0, 0]
			},
			{
				"name": "bone43",
				"parent": "bone42",
				"pivot": [0, 5, 6.19607],
				"rotation": [0, -45, 0],
				"cubes": [
					{"origin": [-1, 5, 5.19607], "size": [2, 7, 2], "uv": [44, 57]}
				]
			},
			{
				"name": "chestPlate",
				"parent": "body",
				"pivot": [-4, 10.5, -3]
			},
			{
				"name": "sinFloat",
				"parent": "chestPlate",
				"pivot": [-4, 10.5, -3]
			},
			{
				"name": "sd",
				"parent": "sinFloat",
				"pivot": [-4, 10.5, -3]
			},
			{
				"name": "bone57",
				"parent": "sd",
				"pivot": [-4, 10.5, -3],
				"rotation": [-22.5, 0, 0],
				"cubes": [
					{"origin": [9, 16.5, -4], "size": [1, 3, 1], "uv": [56, 10], "inflate": 0.1},
					{"origin": [8.7, 19.3, -4.3], "size": [1.6, 1, 1], "uv": [18, 36], "inflate": -0.2},
					{"origin": [8.7, 19.7, -4.3], "size": [1.6, 1, 1], "uv": [28, 5], "inflate": -0.3}
				]
			},
			{
				"name": "bone58",
				"parent": "bone57",
				"pivot": [10, 16.5, -4],
				"rotation": [25, 0, 0],
				"cubes": [
					{"origin": [9, 10.5, -4], "size": [1, 6, 1], "uv": [40, 60]}
				]
			},
			{
				"name": "legLeft",
				"pivot": [2, 9, 0],
				"cubes": [
					{"origin": [0.499, 0.1, -1.5], "size": [2.75, 8.9, 3], "uv": [34, 49]},
					{"origin": [0.499, 0.1, -1.5], "size": [2.75, 4, 3], "uv": [56, 40], "inflate": 0.1},
					{"origin": [0.499, 0.1, -1.5], "size": [2.75, 2, 3], "uv": [24, 0], "inflate": 0.2}
				]
			},
			{
				"name": "legRight",
				"pivot": [-2, 9, 0],
				"cubes": [
					{"origin": [-3.249, 0.2, -1.5], "size": [2.75, 8.8, 3], "uv": [24, 49]},
					{"origin": [-3.249, 0.2, -1.5], "size": [2.75, 6, 3], "uv": [50, 31], "inflate": 0.1},
					{"origin": [-3.249, 0.2, -1.5], "size": [2.75, 2, 3], "uv": [63, 38], "inflate": 0.2}
				]
			},
			{
				"name": "tail",
				"pivot": [0, 10, 3],
				"rotation": [-35, 0, 5]
			},
			{
				"name": "bone51",
				"parent": "tail",
				"pivot": [0, 10, 3],
				"cubes": [
					{"origin": [-0.5, 9.5, 3], "size": [1, 1, 3], "uv": [65, 44]}
				]
			},
			{
				"name": "bone52",
				"parent": "tail",
				"pivot": [0, 10, 3],
				"rotation": [30, 0, 0],
				"cubes": [
					{"origin": [-0.5, 8.06699, 5.34808], "size": [1, 1, 3], "uv": [18, 32]},
					{"origin": [-0.5, 20.99519, 12.81218], "size": [1, 1, 2], "uv": [32, 23]}
				]
			},
			{
				"name": "bone53",
				"parent": "tail",
				"pivot": [0, 10, 3],
				"rotation": [60, 0, 0],
				"cubes": [
					{"origin": [-0.5, 5.65192, 6.66506], "size": [1, 1, 3], "uv": [0, 20]},
					{"origin": [-0.5, 14.48205, 15.49519], "size": [1, 1, 2], "uv": [32, 3]}
				]
			},
			{
				"name": "bone54",
				"parent": "tail",
				"pivot": [0, 10, 3],
				"rotation": [90, 0, 0],
				"cubes": [
					{"origin": [-0.5, 2.90192, 6.59808], "size": [1, 1, 3], "uv": [0, 16]},
					{"origin": [-0.5, 7.5, 14.56218], "size": [1, 1, 2], "uv": [31, 0]}
				]
			},
			{
				"name": "bone55",
				"parent": "tail",
				"pivot": [0, 10, 3],
				"rotation": [120, 0, 0],
				"cubes": [
					{"origin": [-0.5, 0.55385, 5.16506], "size": [1, 1, 3], "uv": [0, 4]},
					{"origin": [-0.5, 1.91987, 10.26314], "size": [1, 1, 2], "uv": [24, 5]}
				]
			},
			{
				"name": "bone56",
				"parent": "tail",
				"pivot": [0, 10, 3],
				"rotation": [150, 0, 0],
				"cubes": [
					{"origin": [-0.5, -0.76314, 2.75], "size": [1, 1, 3], "uv": [0, 0]}
				]
			}
		]
	}
}