{
	"format_version": "1.10.0",
	"geometry.model": {
		"texturewidth": 128,
		"textureheight": 128,
		"visible_bounds_width": 3,
		"visible_bounds_height": 4,
		"visible_bounds_offset": [0, 1, 0],
		"bones": [
			{
				"name": "head",
				"pivot": [0, 18, 0],
				"cubes": [
					{"origin": [-4, 18, -4], "size": [8, 8, 8], "uv": [24, 22]},
					{"origin": [-4, 18, -4], "size": [8, 8, 8], "uv": [0, 14], "inflate": 0.1}
				]
			},
			{
				"name": "blink",
				"parent": "head",
				"pivot": [0, 18, 0],
				"cubes": [
					{"origin": [-4, 18, -4.001], "size": [8, 8, 0], "uv": [48, 15]}
				]
			},
			{
				"name": "hat",
				"parent": "head",
				"pivot": [0.1, 24.73333, -0.1],
				"rotation": [-2.5, 2, 0],
				"cubes": [
					{"origin": [-3.87201, 28.48414, -4.10591], "size": [8, 0, 8], "uv": [16, 14]},
					{"origin": [-6.9, 24.85, -7.1], "size": [14, 0, 14], "uv": [0, 0]}
				]
			},
			{
				"name": "bone41",
				"parent": "hat",
				"pivot": [0.1, -1.2, -0.1]
			},
			{
				"name": "bone42",
				"parent": "bone41",
				"pivot": [0.1, 24.8, -0.1]
			},
			{
				"name": "bone43",
				"parent": "bone42",
				"pivot": [0.1, 24.8, 4.38481],
				"rotation": [10.15589, 0, 0],
				"cubes": [
					{"origin": [-3.4, 24.62635, 4.39], "size": [7, 4, 0], "uv": [56, 34]}
				]
			},
			{
				"name": "bone44",
				"parent": "bone43",
				"pivot": [-3.4, 24.62635, 4.38481],
				"rotation": [0, 0, 10],
				"cubes": [
					{"origin": [-4.4, 24.62635, 4.38481], "size": [1, 4, 0], "uv": [60, 66]}
				]
			},
			{
				"name": "bone45",
				"parent": "bone43",
				"pivot": [3.6, 24.62635, 4.38481],
				"rotation": [0, 0, -10],
				"cubes": [
					{"origin": [3.6, 24.62635, 4.39], "size": [1, 4, 0], "uv": [64, 51]}
				]
			},
			{
				"name": "bone46",
				"parent": "bone41",
				"pivot": [0.1, 24.8, -0.1],
				"rotation": [0, -90, 0]
			},
			{
				"name": "bone47",
				"parent": "bone46",
				"pivot": [0.1, 24.8, 4.38481],
				"rotation": [10.15589, 0, 0],
				"cubes": [
					{"origin": [-3.4, 24.62635, 4.38481], "size": [7, 4, 0], "uv": [56, 30]}
				]
			},
			{
				"name": "bone48",
				"parent": "bone47",
				"pivot": [-3.4, 24.62635, 4.38481],
				"rotation": [0, 0, 10],
				"cubes": [
					{"origin": [-4.4, 24.62635, 4.39], "size": [1, 4, 0], "uv": [10, 62]}
				]
			},
			{
				"name": "bone80",
				"parent": "bone47",
				"pivot": [3.6, 24.62635, 4.38481],
				"rotation": [0, 0, -10],
				"cubes": [
					{"origin": [3.6, 24.62635, 4.39], "size": [1, 4, 0], "uv": [22, 49]}
				]
			},
			{
				"name": "bone81",
				"parent": "bone41",
				"pivot": [0.1, 24.8, -0.1],
				"rotation": [0, -180, 0]
			},
			{
				"name": "bone82",
				"parent": "bone81",
				"pivot": [0.1, 24.8, 4.38481],
				"rotation": [10.15589, 0, 0],
				"cubes": [
					{"origin": [-3.4, 24.62635, 4.38481], "size": [7, 4, 0], "uv": [0, 56]}
				]
			},
			{
				"name": "bone83",
				"parent": "bone82",
				"pivot": [-3.4, 24.62635, 4.38481],
				"rotation": [0, 0, 10],
				"cubes": [
					{"origin": [-4.4, 24.62635, 4.39], "size": [1, 4, 0], "uv": [46, 0]}
				]
			},
			{
				"name": "bone84",
				"parent": "bone82",
				"pivot": [3.6, 24.62635, 4.38481],
				"rotation": [0, 0, -10],
				"cubes": [
					{"origin": [3.6, 24.62635, 4.39], "size": [1, 4, 0], "uv": [28, 38]}
				]
			},
			{
				"name": "bone85",
				"parent": "bone41",
				"pivot": [0.1, 24.8, -0.1],
				"rotation": [0, -270, 0]
			},
			{
				"name": "bone86",
				"parent": "bone85",
				"pivot": [0.1, 24.8, 4.38481],
				"rotation": [10.15589, 0, 0],
				"cubes": [
					{"origin": [-3.4, 24.62635, 4.38481], "size": [7, 4, 0], "uv": [52, 55]}
				]
			},
			{
				"name": "bone87",
				"parent": "bone86",
				"pivot": [-3.4, 24.62635, 4.38481],
				"rotation": [0, 0, 10],
				"cubes": [
					{"origin": [-4.4, 24.62635, 4.39], "size": [1, 4, 0], "uv": [12, 7]}
				]
			},
			{
				"name": "bone88",
				"parent": "bone86",
				"pivot": [3.6, 24.62635, 4.38481],
				"rotation": [0, 0, -10],
				"cubes": [
					{"origin": [3.6, 24.62635, 4.39], "size": [1, 4, 0], "uv": [12, 3]}
				]
			},
			{
				"name": "bone89",
				"parent": "hat",
				"pivot": [3.85, 26.98333, -4.1],
				"rotation": [0, -40, 0]
			},
			{
				"name": "bone90",
				"parent": "bone89",
				"pivot": [-2.4, 21.98333, 2.4]
			},
			{
				"name": "bone91",
				"parent": "bone89",
				"pivot": [3.5, 27.35, -4.5]
			},
			{
				"name": "bone92",
				"parent": "bone91",
				"pivot": [3.35, 26.98333, -4.1],
				"rotation": [0, 0, -15]
			},
			{
				"name": "bone93",
				"parent": "bone91",
				"pivot": [3.35, 26.98333, -4.1],
				"rotation": [0, 0, 15]
			},
			{
				"name": "bone94",
				"parent": "bone89",
				"pivot": [4.5, 27.35, -4.5]
			},
			{
				"name": "bone95",
				"parent": "bone94",
				"pivot": [4.65, 26.98333, -4.1],
				"rotation": [0, 0, 15]
			},
			{
				"name": "bone96",
				"parent": "bone94",
				"pivot": [4.65, 26.98333, -4.1],
				"rotation": [0, 0, -15]
			},
			{
				"name": "armRight",
				"pivot": [-3, 17.5, 0],
				"rotation": [0, 0, 25],
				"cubes": [
					{"origin": [-5, 8.5, -1], "size": [2, 8, 2], "uv": [12, 58]},
					{"origin": [-5.5, 9.5, -1.5], "size": [3, 8, 3], "uv": [48, 38]}
				]
			},
			{
				"name": "armLeft",
				"pivot": [3, 17.5, 0],
				"rotation": [0, 0, -25],
				"cubes": [
					{"origin": [2.5, 9.5, -1.5], "size": [3, 8, 3], "uv": [0, 0]},
					{"origin": [3, 8.5, -1], "size": [2, 8, 2], "uv": [0, 11]}
				]
			},
			{
				"name": "body",
				"pivot": [0, 10.5, 0],
				"cubes": [
					{"origin": [-3, 8.999, -3], "size": [6, 9, 6], "uv": [42, 0]},
					{"origin": [-3, 8.999, -3], "size": [6, 9, 6], "uv": [24, 38], "inflate": 0.1},
					{"origin": [-3, 8.999, -3], "size": [6, 9, 6], "uv": [0, 30], "inflate": 0.12}
				]
			},
			{
				"name": "sittingRotationSkirt",
				"parent": "body",
				"pivot": [0, 10.5, 0]
			},
			{
				"name": "bone",
				"parent": "sittingRotationSkirt",
				"pivot": [0, 15.5, 0]
			},
			{
				"name": "bone2",
				"parent": "bone",
				"pivot": [0, 5, 0]
			},
			{
				"name": "bone3",
				"parent": "bone2",
				"pivot": [0, 5, 5.27792],
				"rotation": [31, 0, 0]
			},
			{
				"name": "bone4",
				"parent": "bone3",
				"pivot": [0, 5, 5.27792],
				"rotation": [0, -45, 0],
				"cubes": [
					{"origin": [-1, 5, 4.27792], "size": [2, 7, 2], "uv": [60, 68]}
				]
			},
			{
				"name": "bone5",
				"parent": "bone",
				"pivot": [0, 5, 0],
				"rotation": [0, -30, 0]
			},
			{
				"name": "bone6",
				"parent": "bone5",
				"pivot": [0, 5, 5.27792],
				"rotation": [31, 0, 0]
			},
			{
				"name": "bone7",
				"parent": "bone6",
				"pivot": [0, 5, 5.27792],
				"rotation": [0, -45, 0],
				"cubes": [
					{"origin": [-1, 5, 4.27792], "size": [2, 7, 2], "uv": [8, 68]}
				]
			},
			{
				"name": "bone8",
				"parent": "bone",
				"pivot": [0, 5, 0],
				"rotation": [0, -60, 0]
			},
			{
				"name": "bone9",
				"parent": "bone8",
				"pivot": [0, 5, 5.27792],
				"rotation": [31, 0, 0]
			},
			{
				"name": "bone10",
				"parent": "bone9",
				"pivot": [0, 5, 5.27792],
				"rotation": [0, -45, 0],
				"cubes": [
					{"origin": [-1, 5, 4.27792], "size": [2, 7, 2], "uv": [0, 67]}
				]
			},
			{
				"name": "bone11",
				"parent": "bone",
				"pivot": [0, 5, 0],
				"rotation": [0, -90, 0]
			},
			{
				"name": "bone12",
				"parent": "bone11",
				"pivot": [0, 5, 5.27792],
				"rotation": [31, 0, 0]
			},
			{
				"name": "bone13",
				"parent": "bone12",
				"pivot": [0, 5, 5.27792],
				"rotation": [0, -45, 0],
				"cubes": [
					{"origin": [-1, 5, 4.27792], "size": [2, 7, 2], "uv": [52, 66]}
				]
			},
			{
				"name": "bone14",
				"parent": "bone",
				"pivot": [0, 5, 0],
				"rotation": [0, -120, 0]
			},
			{
				"name": "bone15",
				"parent": "bone14",
				"pivot": [0, 5, 5.27792],
				"rotation": [31, 0, 0]
			},
			{
				"name": "bone16",
				"parent": "bone15",
				"pivot": [0, 5, 5.27792],
				"rotation": [0, -45, 0],
				"cubes": [
					{"origin": [-1, 5, 4.27792], "size": [2, 7, 2], "uv": [66, 47]}
				]
			},
			{
				"name": "bone17",
				"parent": "bone",
				"pivot": [0, 5, 0],
				"rotation": [0, -150, 0]
			},
			{
				"name": "bone18",
				"parent": "bone17",
				"pivot": [0, 5, 5.27792],
				"rotation": [31, 0, 0]
			},
			{
				"name": "bone19",
				"parent": "bone18",
				"pivot": [0, 5, 5.27792],
				"rotation": [0, -45, 0],
				"cubes": [
					{"origin": [-1, 5, 4.27792], "size": [2, 7, 2], "uv": [44, 66]}
				]
			},
			{
				"name": "bone20",
				"parent": "bone",
				"pivot": [0, 5, 0],
				"rotation": [0, -180, 0]
			},
			{
				"name": "bone21",
				"parent": "bone20",
				"pivot": [0, 5, 5.27792],
				"rotation": [31, 0, 0]
			},
			{
				"name": "bone22",
				"parent": "bone21",
				"pivot": [0, 5, 5.27792],
				"rotation": [0, -45, 0],
				"cubes": [
					{"origin": [-1, 5, 4.27792], "size": [2, 7, 2], "uv": [36, 64]}
				]
			},
			{
				"name": "bone23",
				"parent": "bone",
				"pivot": [0, 5, 0],
				"rotation": [0, -210, 0]
			},
			{
				"name": "bone24",
				"parent": "bone23",
				"pivot": [0, 5, 5.27792],
				"rotation": [31, 0, 0]
			},
			{
				"name": "bone25",
				"parent": "bone24",
				"pivot": [0, 5, 5.27792],
				"rotation": [0, -45, 0],
				"cubes": [
					{"origin": [-1, 5, 4.27792], "size": [2, 7, 2], "uv": [28, 64]}
				]
			},
			{
				"name": "bone26",
				"parent": "bone",
				"pivot": [0, 5, 0],
				"rotation": [0, -240, 0]
			},
			{
				"name": "bone27",
				"parent": "bone26",
				"pivot": [0, 5, 5.27792],
				"rotation": [31, 0, 0]
			},
			{
				"name": "bone28",
				"parent": "bone27",
				"pivot": [0, 5, 5.27792],
				"rotation": [0, -45, 0],
				"cubes": [
					{"origin": [-1, 5, 4.27792], "size": [2, 7, 2], "uv": [64, 13]}
				]
			},
			{
				"name": "bone29",
				"parent": "bone",
				"pivot": [0, 5, 0],
				"rotation": [0, -270, 0]
			},
			{
				"name": "bone30",
				"parent": "bone29",
				"pivot": [0, 5, 5.27792],
				"rotation": [31, 0, 0]
			},
			{
				"name": "bone31",
				"parent": "bone30",
				"pivot": [0, 5, 5.27792],
				"rotation": [0, -45, 0],
				"cubes": [
					{"origin": [-1, 5, 4.27792], "size": [2, 7, 2], "uv": [62, 59]}
				]
			},
			{
				"name": "bone32",
				"parent": "bone",
				"pivot": [0, 5, 0],
				"rotation": [0, -300, 0]
			},
			{
				"name": "bone33",
				"parent": "bone32",
				"pivot": [0, 5, 5.27792],
				"rotation": [31, 0, 0]
			},
			{
				"name": "bone34",
				"parent": "bone33",
				"pivot": [0, 5, 5.27792],
				"rotation": [0, -45, 0],
				"cubes": [
					{"origin": [-1, 5, 4.27792], "size": [2, 7, 2], "uv": [60, 40]}
				]
			},
			{
				"name": "bone35",
				"parent": "bone",
				"pivot": [0, 5, 0],
				"rotation": [0, -330, 0]
			},
			{
				"name": "bone36",
				"parent": "bone35",
				"pivot": [0, 5, 5.27792],
				"rotation": [31, 0, 0]
			},
			{
				"name": "bone37",
				"parent": "bone36",
				"pivot": [0, 5, 5.27792],
				"rotation": [0, -45, 0],
				"cubes": [
					{"origin": [-1, 5, 4.27792], "size": [2, 7, 2], "uv": [20, 60]}
				]
			},
			{
				"name": "eye",
				"parent": "body",
				"pivot": [-11, 4, 12],
				"rotation": [40, -60, -35],
				"cubes": [
					{"origin": [-22.19235, 16.50519, 8.16322], "size": [3, 3, 2], "uv": [68, 56]},
					{"origin": [-21.69235, 17.00519, 8.06322], "size": [2, 2, 0], "uv": [66, 56]},
					{"origin": [-21.19235, 17.50519, 7.96322], "size": [1, 1, 0], "uv": [0, 47]},
					{"origin": [-21.69235, 18.00519, 7.66322], "size": [2, 1, 1], "uv": [15, 45]},
					{"origin": [-21.69235, 16.90519, 7.76322], "size": [2, 2, 1], "uv": [42, 41]}
				]
			},
			{
				"name": "heart",
				"parent": "eye",
				"pivot": [-11, 4, 12],
				"cubes": [
					{"origin": [-17.32865, 18.50519, 9.1985], "size": [5, 5, 0], "uv": [68, 40]}
				]
			},
			{
				"name": "bone49",
				"parent": "eye",
				"pivot": [-11, 4, 12],
				"cubes": [
					{"origin": [-19.32865, 17.50519, 9.1985], "size": [4, 1, 0], "uv": [42, 40]}
				]
			},
			{
				"name": "bone50",
				"parent": "eye",
				"pivot": [-11, 4, 12],
				"rotation": [0, 30, 0],
				"cubes": [
					{"origin": [-12.48194, 13.50519, 7.9095], "size": [6, 5, 0], "uv": [60, 0]}
				]
			},
			{
				"name": "bone51",
				"parent": "eye",
				"pivot": [-11, 4, 12],
				"rotation": [0, 60, 0],
				"cubes": [
					{"origin": [-5.0425, 12.50519, 10.71642], "size": [4, 1, 0], "uv": [42, 39]}
				]
			},
			{
				"name": "bone52",
				"parent": "eye",
				"pivot": [-11, 4, 12],
				"rotation": [0, 90, 0],
				"cubes": [
					{"origin": [-1.73526, 13.50519, 15.867], "size": [3, 1, 0], "uv": [42, 5]}
				]
			},
			{
				"name": "bone53",
				"parent": "eye",
				"pivot": [-11, 4, 12],
				"rotation": [0, 120, 0],
				"cubes": [
					{"origin": [-2.31243, 14.50519, 21.48116], "size": [2, 1, 0], "uv": [68, 45]}
				]
			},
			{
				"name": "bone54",
				"parent": "eye",
				"pivot": [-11, 4, 12],
				"rotation": [0, 150, 0],
				"cubes": [
					{"origin": [-6.48537, 15.50519, 25.55458], "size": [8, 1, 0], "uv": [57, 39]}
				]
			},
			{
				"name": "bone55",
				"parent": "eye",
				"pivot": [-11, 4, 12],
				"rotation": [0, -165, 0],
				"cubes": [
					{"origin": [-11.73535, 16.50519, 30.43271], "size": [2, 1, 0], "uv": [14, 68]}
				]
			},
			{
				"name": "bone56",
				"parent": "eye",
				"pivot": [-11, 4, 12],
				"rotation": [0, -135, 0],
				"cubes": [
					{"origin": [-19.12164, 16.50519, 28.59539], "size": [2, 1, 0], "uv": [6, 68]}
				]
			},
			{
				"name": "bone57",
				"parent": "eye",
				"pivot": [-11, 4, 12],
				"rotation": [0, -115, 0],
				"cubes": [
					{"origin": [-22.42842, 16.50519, 25.50084], "size": [2, 1, 0], "uv": [6, 67]}
				]
			},
			{
				"name": "bone58",
				"parent": "eye",
				"pivot": [-11, 4, 12],
				"rotation": [0, -75, 0],
				"cubes": [
					{"origin": [-26.90076, 16.50519, 16.28077], "size": [2, 1, 0], "uv": [66, 12]}
				]
			},
			{
				"name": "bone59",
				"parent": "eye",
				"pivot": [-11, 4, 12],
				"rotation": [0, -45, 0],
				"cubes": [
					{"origin": [-25.1793, 16.50519, 8.75774], "size": [2, 1, 0], "uv": [64, 5]}
				]
			},
			{
				"name": "bone60",
				"parent": "eye",
				"pivot": [-11, 4, 12],
				"rotation": [0, -40, 0],
				"cubes": [
					{"origin": [-22.85037, 9.50519, 7.70759], "size": [7, 7, 0], "uv": [18, 53]}
				]
			},
			{
				"name": "bone61",
				"parent": "eye",
				"pivot": [-11, 4, 12],
				"rotation": [0, -10, 0],
				"cubes": [
					{"origin": [-13.05434, 8.50519, 5.85648], "size": [2, 1, 0], "uv": [60, 5]}
				]
			},
			{
				"name": "bone62",
				"parent": "eye",
				"pivot": [-11, 4, 12],
				"rotation": [0, 20, 0],
				"cubes": [
					{"origin": [-7.97579, 7.50519, 6.65225], "size": [2, 1, 0], "uv": [57, 40]}
				]
			},
			{
				"name": "bone63",
				"parent": "eye",
				"pivot": [-11, 4, 12],
				"rotation": [0, 50, 0],
				"cubes": [
					{"origin": [-3.97554, 6.50519, 9.88068], "size": [2, 1, 0], "uv": [18, 52]}
				]
			},
			{
				"name": "bone64",
				"parent": "eye",
				"pivot": [-11, 4, 12],
				"rotation": [0, 80, 0],
				"cubes": [
					{"origin": [-2.12543, 5.50519, 14.67671], "size": [2, 1, 0], "uv": [15, 47]}
				]
			},
			{
				"name": "bone65",
				"parent": "eye",
				"pivot": [-11, 4, 12],
				"rotation": [0, 110, 0],
				"cubes": [
					{"origin": [-2.9212, 4.50519, 19.75526], "size": [2, 1, 0], "uv": [20, 45]}
				]
			},
			{
				"name": "bone66",
				"parent": "eye",
				"pivot": [-11, 4, 12],
				"rotation": [0, 140, 0],
				"cubes": [
					{"origin": [-6.14963, 3.50519, 23.75552], "size": [2, 1, 0], "uv": [24, 43]}
				]
			},
			{
				"name": "bone67",
				"parent": "eye",
				"pivot": [-11, 4, 12],
				"rotation": [0, 155, 0],
				"cubes": [
					{"origin": [-7.42586, 3.50519, 25.12793], "size": [4, 1, 0], "uv": [42, 38]}
				]
			},
			{
				"name": "bone68",
				"parent": "eye",
				"pivot": [-11, 4, 12],
				"rotation": [0, 155, 0],
				"cubes": [
					{"origin": [-3.42586, 4.50519, 25.12793], "size": [4, 1, 0], "uv": [0, 21]}
				]
			},
			{
				"name": "bone69",
				"parent": "eye",
				"pivot": [-11, 4, 12],
				"cubes": [
					{"origin": [-23.19235, 17.50519, 9.16322], "size": [1, 1, 0], "uv": [46, 4]},
					{"origin": [-23.19209, 9.50519, 9.16225], "size": [5, 1, 0], "uv": [64, 29]}
				]
			},
			{
				"name": "bone70",
				"parent": "eye",
				"pivot": [-11, 4, 12],
				"rotation": [0, -15, 0],
				"cubes": [
					{"origin": [-24.51112, 16.50519, 12.41449], "size": [1, 1, 0], "uv": [0, 46]},
					{"origin": [-24.51112, 10.50519, 12.41449], "size": [1, 1, 0], "uv": [0, 45]}
				]
			},
			{
				"name": "bone71",
				"parent": "eye",
				"pivot": [-11, 4, 12],
				"rotation": [0, -30, 0],
				"cubes": [
					{"origin": [-24.94346, 15.50519, 15.89731], "size": [1, 1, 0], "uv": [43, 17]},
					{"origin": [-24.94346, 11.50519, 15.89731], "size": [1, 1, 0], "uv": [40, 14]}
				]
			},
			{
				"name": "bone72",
				"parent": "eye",
				"pivot": [-11, 4, 12],
				"rotation": [0, -45, 0],
				"cubes": [
					{"origin": [-24.45965, 12.50519, 19.37334], "size": [1, 3, 0], "uv": [0, 0]}
				]
			},
			{
				"name": "bone73",
				"parent": "eye",
				"pivot": [-11, 4, 12],
				"rotation": [0, 20, 0],
				"cubes": [
					{"origin": [-16.78813, 9.50519, 6.87449], "size": [3, 1, 0], "uv": [8, 13]}
				]
			},
			{
				"name": "bone74",
				"parent": "eye",
				"pivot": [-11, 4, 12],
				"rotation": [0, 30, 0],
				"cubes": [
					{"origin": [-12.85591, 10.50519, 6.46819], "size": [5, 2, 0], "uv": [64, 27]}
				]
			},
			{
				"name": "bone76",
				"parent": "eye",
				"pivot": [-11, 4, 12],
				"rotation": [0, 60, 0],
				"cubes": [
					{"origin": [-5.51174, 9.50519, 8.78122], "size": [1, 1, 0], "uv": [12, 0]}
				]
			},
			{
				"name": "bone77",
				"parent": "eye",
				"pivot": [-11, 4, 12],
				"rotation": [0, 90, 0],
				"cubes": [
					{"origin": [-3.77211, 7.50519, 12.45645], "size": [1, 2, 0], "uv": [28, 42]}
				]
			},
			{
				"name": "bone78",
				"parent": "eye",
				"pivot": [-11, 4, 12],
				"rotation": [0, 120, 0],
				"cubes": [
					{"origin": [-4.10316, 5.50519, 16.50911], "size": [1, 2, 0], "uv": [0, 11]}
				]
			},
			{
				"name": "bone79",
				"parent": "eye",
				"pivot": [-11, 4, 12],
				"rotation": [0, 150, 0],
				"cubes": [
					{"origin": [-6.4162, 4.50519, 19.85329], "size": [8, 1, 0], "uv": [57, 38]}
				]
			},
			{
				"name": "decoration3",
				"parent": "body",
				"pivot": [0, 10.5, 0],
				"cubes": [
					{"origin": [-0.5, 16, -3.5], "size": [1, 1, 1], "uv": [50, 66]},
					{"origin": [-0.5, 14, -3.25], "size": [1, 2, 1], "uv": [39, 53]}
				]
			},
			{
				"name": "bone38",
				"parent": "decoration3",
				"pivot": [0, 17, -4],
				"rotation": [0, 0, 40],
				"cubes": [
					{"origin": [-3, 16, -3.75], "size": [3, 1, 1], "uv": [40, 15]}
				]
			},
			{
				"name": "bone39",
				"parent": "decoration3",
				"pivot": [0, 17, -4],
				"rotation": [0, 0, -40],
				"cubes": [
					{"origin": [0, 16, -3.75], "size": [3, 1, 1], "uv": [6, 11]}
				]
			},
			{
				"name": "bone75",
				"parent": "decoration3",
				"pivot": [0.5, 16, -3],
				"rotation": [0, 0, -27],
				"cubes": [
					{"origin": [-0.40798, 14.21799, -3.25], "size": [1, 2, 1], "uv": [18, 49]}
				]
			},
			{
				"name": "bone40",
				"parent": "decoration3",
				"pivot": [-0.5, 16, -3],
				"rotation": [0, 0, 27],
				"cubes": [
					{"origin": [-0.59202, 14.21799, -3.25], "size": [1, 2, 1], "uv": [20, 46]}
				]
			},
			{
				"name": "backpackShow",
				"parent": "body",
				"pivot": [0, 10.5, 0]
			},
			{
				"name": "bone327",
				"parent": "backpackShow",
				"pivot": [0, 10.5, 0],
				"cubes": [
					{"origin": [-3, 9.5, 3], "size": [6, 8, 3], "uv": [0, 45]},
					{"origin": [-3, 9.5, 6], "size": [6, 4, 2], "uv": [48, 49]}
				]
			},
			{
				"name": "bone110",
				"parent": "backpackShow",
				"pivot": [-3, 1.5, 0],
				"rotation": [0, 0, -35],
				"cubes": [
					{"origin": [6, 0.5, 5], "size": [5, 4, 3], "uv": [48, 23]}
				]
			},
			{
				"name": "bone111",
				"parent": "bone110",
				"pivot": [-4, 6.5, 0],
				"rotation": [0, 0, 32.5],
				"cubes": [
					{"origin": [6, 9.5, 6], "size": [1, 4, 1], "uv": [40, 17]}
				]
			},
			{
				"name": "bone112",
				"parent": "bone110",
				"pivot": [19, 6.5, 0],
				"rotation": [0, 0, -32.5],
				"cubes": [
					{"origin": [10, 8.5, 6], "size": [1, 4, 1], "uv": [24, 38]}
				]
			},
			{
				"name": "kz",
				"parent": "body",
				"pivot": [0, 10.5, 0]
			},
			{
				"name": "bone97",
				"parent": "kz",
				"pivot": [-2, 10.5, 0],
				"rotation": [0, 0, 37.5],
				"cubes": [
					{"origin": [-3.28248, 13.91329, -3.782], "size": [1, 1.5, 1], "uv": [66, 10], "inflate": -0.4}
				]
			},
			{
				"name": "bone98",
				"parent": "bone97",
				"pivot": [-4, 16.5, 0],
				"rotation": [0, 0, -75],
				"cubes": [
					{"origin": [-5.71752, 13.91329, -3.782], "size": [1, 1.5, 1], "uv": [34, 64], "inflate": -0.4}
				]
			},
			{
				"name": "bone99",
				"parent": "kz",
				"pivot": [-2, 21.5, 0],
				"rotation": [0, 0, -37.5],
				"cubes": [
					{"origin": [-5.71752, 13.41329, -3.782], "size": [1, 1.5, 1], "uv": [62, 49], "inflate": -0.4}
				]
			},
			{
				"name": "bone100",
				"parent": "bone99",
				"pivot": [-4, 15.5, 0],
				"rotation": [0, 0, 75],
				"cubes": [
					{"origin": [-3.28248, 13.41329, -3.782], "size": [1, 1.5, 1], "uv": [28, 62], "inflate": -0.4}
				]
			},
			{
				"name": "kz2",
				"parent": "body",
				"pivot": [0, 8.5, 0]
			},
			{
				"name": "bone101",
				"parent": "kz2",
				"pivot": [-2, 8.5, 0],
				"rotation": [0, 0, 37.5],
				"cubes": [
					{"origin": [-3.28248, 11.91329, -3.782], "size": [1, 1.5, 1], "uv": [61, 23], "inflate": -0.4}
				]
			},
			{
				"name": "bone102",
				"parent": "bone101",
				"pivot": [-4, 14.5, 0],
				"rotation": [0, 0, -75],
				"cubes": [
					{"origin": [-5.71752, 11.91329, -3.782], "size": [1, 1.5, 1], "uv": [26, 60], "inflate": -0.4}
				]
			},
			{
				"name": "bone103",
				"parent": "kz2",
				"pivot": [-2, 19.5, 0],
				"rotation": [0, 0, -37.5],
				"cubes": [
					{"origin": [-5.71752, 11.41329, -3.782], "size": [1, 1.5, 1], "uv": [7, 60], "inflate": -0.4}
				]
			},
			{
				"name": "bone104",
				"parent": "bone103",
				"pivot": [-4, 13.5, 0],
				"rotation": [0, 0, 75],
				"cubes": [
					{"origin": [-3.28248, 11.41329, -3.782], "size": [1, 1.5, 1], "uv": [59, 59], "inflate": -0.4}
				]
			},
			{
				"name": "chestPlate",
				"parent": "body",
				"pivot": [0, 10.5, 0]
			},
			{
				"name": "sinFloat",
				"parent": "chestPlate",
				"pivot": [0, 10.5, 0]
			},
			{
				"name": "attackShow",
				"parent": "sinFloat",
				"pivot": [0, 10.5, 0]
			},
			{
				"name": "cz",
				"parent": "attackShow",
				"pivot": [0, 10.5, 0]
			},
			{
				"name": "bone105",
				"parent": "cz",
				"pivot": [0, 10.5, 0],
				"cubes": [
					{"origin": [10, 10.5, -1], "size": [1, 4, 1], "uv": [42, 0], "inflate": -0.2},
					{"origin": [10, 10.5, -1], "size": [1, 1, 1], "uv": [44, 20], "inflate": -0.1}
				]
			},
			{
				"name": "bone106",
				"parent": "bone105",
				"pivot": [10, 14.5, 0],
				"rotation": [0, 0, 35],
				"cubes": [
					{"origin": [9, 13.5, -1], "size": [2, 1, 1], "uv": [18, 34], "inflate": -0.2}
				]
			},
			{
				"name": "bone107",
				"parent": "bone105",
				"pivot": [-10, 14.5, 0],
				"rotation": [0, 0, -35],
				"cubes": [
					{"origin": [6, 1.5, -1], "size": [2, 1, 1], "uv": [0, 34], "inflate": -0.2}
				]
			},
			{
				"name": "bone108",
				"parent": "cz",
				"pivot": [9, 14.5, 0],
				"rotation": [0, 0, 32.5],
				"cubes": [
					{"origin": [8.8, 14.5, -1], "size": [2, 3, 1], "uv": [18, 30], "inflate": -0.2}
				]
			},
			{
				"name": "bone109",
				"parent": "cz",
				"pivot": [12, 14.5, 0],
				"rotation": [0, 0, -32.5],
				"cubes": [
					{"origin": [10.2, 14.5, -1], "size": [2, 3, 1], "uv": [0, 30], "inflate": -0.2}
				]
			},
			{
				"name": "legLeft",
				"pivot": [2, 9, 0],
				"cubes": [
					{"origin": [0.499, 0.1, -1.5], "size": [2.75, 8.9, 3], "uv": [42, 55]},
					{"origin": [0.499, 0.1, -1.5], "size": [2.75, 4.52, 3], "uv": [0, 60], "inflate": 0.1},
					{"origin": [0.499, 0.1, -1.5], "size": [2.75, 2, 3], "uv": [66, 5], "inflate": 0.2}
				]
			},
			{
				"name": "hearty2",
				"parent": "legLeft",
				"pivot": [2, 9, 0],
				"rotation": [0, 0, 45],
				"cubes": [
					{"origin": [6, 3, -2], "size": [1, 1, 1], "uv": [43, 53]},
					{"origin": [7, 3, -2], "size": [1, 2, 1], "uv": [9, 0]}
				]
			},
			{
				"name": "legRight",
				"pivot": [-2, 9, 0],
				"cubes": [
					{"origin": [-3.249, 0.2, -1.5], "size": [2.75, 8.8, 3], "uv": [32, 53]},
					{"origin": [-3.249, 0.2, -1.5], "size": [2.75, 4.52, 3], "uv": [52, 59], "inflate": 0.1},
					{"origin": [-3.249, 0.2, -1.5], "size": [2.75, 2, 3], "uv": [64, 22], "inflate": 0.2}
				]
			},
			{
				"name": "hearty",
				"parent": "legRight",
				"pivot": [-2, 9, 0],
				"rotation": [0, 0, 45],
				"cubes": [
					{"origin": [2, 3, -2], "size": [1, 1, 1], "uv": [14, 56]},
					{"origin": [3, 3, -2], "size": [1, 2, 1], "uv": [44, 17]}
				]
			}
		]
	}
}