{
	"format_version": "1.10.0",
	"geometry.model": {
		"texturewidth": 128,
		"textureheight": 128,
		"visible_bounds_width": 4,
		"visible_bounds_height": 4,
		"visible_bounds_offset": [0, 1, 0],
		"bones": [
			{
				"name": "head",
				"pivot": [0, 18, 0],
				"cubes": [
					{"origin": [-4, 18, -4], "size": [8, 8, 8], "uv": [32, 32]},
					{"origin": [-4, 18, -4], "size": [8, 8, 8], "uv": [0, 29], "inflate": 0.1}
				]
			},
			{
				"name": "blink",
				"parent": "head",
				"pivot": [0, 18, 0],
				"cubes": [
					{"origin": [-4, 18, -4.001], "size": [8, 8, 0], "uv": [36, 68]}
				]
			},
			{
				"name": "hat",
				"parent": "head",
				"pivot": [0, 18, 0],
				"cubes": [
					{"origin": [-4.5, 24, -4.5], "size": [9, 3, 9], "uv": [24, 20]},
					{"origin": [-5.5, 23.999, -5.5], "size": [11, 0, 11], "uv": [0, 18]},
					{"origin": [-2.5, 24, -5.5], "size": [2, 1, 1], "uv": [10, 68]},
					{"origin": [3.5, 24, -5.5], "size": [2, 1, 2], "uv": [94, 37]},
					{"origin": [4.5, 24, 0.5], "size": [1, 1, 2], "uv": [32, 48]},
					{"origin": [4.5, 24, -2.5], "size": [1, 1, 2], "uv": [0, 48]},
					{"origin": [0.5, 24, 4.5], "size": [2, 1, 1], "uv": [64, 46]},
					{"origin": [3.5, 24, 3.5], "size": [2, 1, 2], "uv": [84, 0]},
					{"origin": [-2.5, 24, 4.5], "size": [2, 1, 1], "uv": [58, 23]},
					{"origin": [-5.5, 24, 0.5], "size": [1, 1, 2], "uv": [47, 0]},
					{"origin": [-5.5, 24, -2.5], "size": [1, 1, 2], "uv": [0, 45]},
					{"origin": [-5.5, 24, -5.5], "size": [2, 1, 2], "uv": [58, 20]},
					{"origin": [-5.5, 24, 3.5], "size": [2, 1, 2], "uv": [28, 53]},
					{"origin": [0.5, 24, -5.5], "size": [2, 1, 1], "uv": [47, 3]}
				]
			},
			{
				"name": "decoration",
				"parent": "hat",
				"pivot": [0, 18, 0],
				"rotation": [0, 0, -45]
			},
			{
				"name": "band2",
				"parent": "decoration",
				"pivot": [0, 18, 0],
				"rotation": [0, -45, 0],
				"cubes": [
					{"origin": [5.98288, 18.66267, -8.98288], "size": [1, 2, 2], "uv": [0, 0]}
				]
			},
			{
				"name": "band",
				"parent": "decoration",
				"pivot": [0, 18, 0],
				"rotation": [0, -45, 0],
				"cubes": [
					{"origin": [5.98288, 18.66267, -6.98288], "size": [3, 2, 1], "uv": [51, 26]}
				]
			},
			{
				"name": "bz",
				"parent": "head",
				"pivot": [2, 24, 0],
				"rotation": [0, 0, -25],
				"cubes": [
					{"origin": [3.5774, 15.0937, -1], "size": [2, 8, 2], "uv": [46, 76]}
				]
			},
			{
				"name": "armRight",
				"pivot": [-3, 17.5, 0],
				"rotation": [0, 0, 25],
				"cubes": [
					{"origin": [-5, 8.5, -1], "size": [2, 8, 2], "uv": [62, 77]},
					{"origin": [-5.5, 13.5, -1.5], "size": [3, 4, 3], "uv": [10, 77], "inflate": -0.2},
					{"origin": [-5.5, 8.5, -1.5], "size": [3, 4, 3], "uv": [75, 0], "inflate": -0.3}
				]
			},
			{
				"name": "armLeft",
				"pivot": [3, 17.5, 0],
				"rotation": [0, 0, -25],
				"cubes": [
					{"origin": [2.5, 13.5, -1.5], "size": [3, 4, 3], "uv": [75, 53], "inflate": -0.2},
					{"origin": [2.5, 8.5, -1.5], "size": [3, 4, 3], "uv": [74, 35], "inflate": -0.3},
					{"origin": [3, 8.5, -1], "size": [2, 8, 2], "uv": [54, 77]}
				]
			},
			{
				"name": "body",
				"pivot": [0, 10.5, 0],
				"cubes": [
					{"origin": [-3, 8.999, -3], "size": [6, 9, 6], "uv": [60, 20]},
					{"origin": [-3, 8.999, -3], "size": [6, 9, 6], "uv": [56, 55], "inflate": 0.1},
					{"origin": [-3, 8.999, -3], "size": [6, 9, 6], "uv": [0, 53], "inflate": 0.12},
					{"origin": [-3, 10.999, -3], "size": [6, 1, 6], "uv": [54, 48], "inflate": 0.2}
				]
			},
			{
				"name": "sittingRotationSkirt",
				"parent": "body",
				"pivot": [0, 10.5, 0]
			},
			{
				"name": "bone",
				"parent": "sittingRotationSkirt",
				"pivot": [0, 16.5, 0]
			},
			{
				"name": "bone2",
				"parent": "bone",
				"pivot": [0, 6, 0]
			},
			{
				"name": "bone249",
				"parent": "bone2",
				"pivot": [0, 6, 6.19607],
				"rotation": [36, 0, 0]
			},
			{
				"name": "bone250",
				"parent": "bone249",
				"pivot": [0, 6, 6.19607],
				"rotation": [0, -45, 0],
				"cubes": [
					{"origin": [-1, 6, 5.19607], "size": [2, 6, 2], "uv": [42, 94]}
				]
			},
			{
				"name": "bone251",
				"parent": "bone",
				"pivot": [0, 6, 0],
				"rotation": [0, -25.71429, 0]
			},
			{
				"name": "bone252",
				"parent": "bone251",
				"pivot": [0, 6, 6.19607],
				"rotation": [36, 0, 0]
			},
			{
				"name": "bone253",
				"parent": "bone252",
				"pivot": [0, 6, 6.19607],
				"rotation": [0, -45, 0],
				"cubes": [
					{"origin": [-1, 6, 5.19607], "size": [2, 6, 2], "uv": [94, 29]}
				]
			},
			{
				"name": "bone254",
				"parent": "bone",
				"pivot": [0, 6, 0],
				"rotation": [0, -51.42857, 0]
			},
			{
				"name": "bone255",
				"parent": "bone254",
				"pivot": [0, 6, 6.19607],
				"rotation": [36, 0, 0]
			},
			{
				"name": "bone256",
				"parent": "bone255",
				"pivot": [0, 6, 6.19607],
				"rotation": [0, -45, 0],
				"cubes": [
					{"origin": [-1, 6, 5.19607], "size": [2, 6, 2], "uv": [94, 0]}
				]
			},
			{
				"name": "bone257",
				"parent": "bone",
				"pivot": [0, 6, 0],
				"rotation": [0, -77.14286, 0]
			},
			{
				"name": "bone258",
				"parent": "bone257",
				"pivot": [0, 6, 6.19607],
				"rotation": [36, 0, 0]
			},
			{
				"name": "bone259",
				"parent": "bone258",
				"pivot": [0, 6, 6.19607],
				"rotation": [0, -45, 0],
				"cubes": [
					{"origin": [-1, 6, 5.19607], "size": [2, 6, 2], "uv": [74, 93]}
				]
			},
			{
				"name": "bone260",
				"parent": "bone",
				"pivot": [0, 6, 0],
				"rotation": [0, -102.85714, 0]
			},
			{
				"name": "bone261",
				"parent": "bone260",
				"pivot": [0, 6, 6.19607],
				"rotation": [36, 0, 0]
			},
			{
				"name": "bone262",
				"parent": "bone261",
				"pivot": [0, 6, 6.19607],
				"rotation": [0, -45, 0],
				"cubes": [
					{"origin": [-1, 6, 5.19607], "size": [2, 6, 2], "uv": [66, 93]}
				]
			},
			{
				"name": "bone263",
				"parent": "bone",
				"pivot": [0, 6, 0],
				"rotation": [0, -128.57143, 0]
			},
			{
				"name": "bone264",
				"parent": "bone263",
				"pivot": [0, 6, 6.19607],
				"rotation": [36, 0, 0]
			},
			{
				"name": "bone265",
				"parent": "bone264",
				"pivot": [0, 6, 6.19607],
				"rotation": [0, -45, 0],
				"cubes": [
					{"origin": [-1, 6, 5.19607], "size": [2, 6, 2], "uv": [30, 93]}
				]
			},
			{
				"name": "bone266",
				"parent": "bone",
				"pivot": [0, 6, 0],
				"rotation": [0, -154.28571, 0]
			},
			{
				"name": "bone267",
				"parent": "bone266",
				"pivot": [0, 6, 6.19607],
				"rotation": [36, 0, 0]
			},
			{
				"name": "bone268",
				"parent": "bone267",
				"pivot": [0, 6, 6.19607],
				"rotation": [0, -45, 0],
				"cubes": [
					{"origin": [-1, 6, 5.19607], "size": [2, 6, 2], "uv": [92, 80]}
				]
			},
			{
				"name": "bone269",
				"parent": "bone",
				"pivot": [0, 6, 0],
				"rotation": [0, -180, 0]
			},
			{
				"name": "bone270",
				"parent": "bone269",
				"pivot": [0, 6, 6.19607],
				"rotation": [36, 0, 0]
			},
			{
				"name": "bone271",
				"parent": "bone270",
				"pivot": [0, 6, 6.19607],
				"rotation": [0, -45, 0],
				"cubes": [
					{"origin": [-1, 6, 5.19607], "size": [2, 6, 2], "uv": [92, 60]}
				]
			},
			{
				"name": "bone272",
				"parent": "bone",
				"pivot": [0, 6, 0],
				"rotation": [0, -205.71429, 0]
			},
			{
				"name": "bone273",
				"parent": "bone272",
				"pivot": [0, 6, 6.19607],
				"rotation": [36, 0, 0]
			},
			{
				"name": "bone274",
				"parent": "bone273",
				"pivot": [0, 6, 6.19607],
				"rotation": [0, -45, 0],
				"cubes": [
					{"origin": [-1, 6, 5.19607], "size": [2, 6, 2], "uv": [92, 40]}
				]
			},
			{
				"name": "bone275",
				"parent": "bone",
				"pivot": [0, 6, 0],
				"rotation": [0, -231.42857, 0]
			},
			{
				"name": "bone276",
				"parent": "bone275",
				"pivot": [0, 6, 6.19607],
				"rotation": [36, 0, 0]
			},
			{
				"name": "bone277",
				"parent": "bone276",
				"pivot": [0, 6, 6.19607],
				"rotation": [0, -45, 0],
				"cubes": [
					{"origin": [-1, 6, 5.19607], "size": [2, 6, 2], "uv": [92, 21]}
				]
			},
			{
				"name": "bone278",
				"parent": "bone",
				"pivot": [0, 6, 0],
				"rotation": [0, -257.14286, 0]
			},
			{
				"name": "bone279",
				"parent": "bone278",
				"pivot": [0, 6, 6.19607],
				"rotation": [36, 0, 0]
			},
			{
				"name": "bone280",
				"parent": "bone279",
				"pivot": [0, 6, 6.19607],
				"rotation": [0, -45, 0],
				"cubes": [
					{"origin": [-1, 6, 5.19607], "size": [2, 6, 2], "uv": [14, 92]}
				]
			},
			{
				"name": "bone281",
				"parent": "bone",
				"pivot": [0, 6, 0],
				"rotation": [0, -282.85714, 0]
			},
			{
				"name": "bone282",
				"parent": "bone281",
				"pivot": [0, 6, 6.19607],
				"rotation": [36, 0, 0]
			},
			{
				"name": "bone283",
				"parent": "bone282",
				"pivot": [0, 6, 6.19607],
				"rotation": [0, -45, 0],
				"cubes": [
					{"origin": [-1, 6, 5.19607], "size": [2, 6, 2], "uv": [6, 92]}
				]
			},
			{
				"name": "bone284",
				"parent": "bone",
				"pivot": [0, 6, 0],
				"rotation": [0, -308.57143, 0]
			},
			{
				"name": "bone285",
				"parent": "bone284",
				"pivot": [0, 6, 6.19607],
				"rotation": [36, 0, 0]
			},
			{
				"name": "bone286",
				"parent": "bone285",
				"pivot": [0, 6, 6.19607],
				"rotation": [0, -45, 0],
				"cubes": [
					{"origin": [-1, 6, 5.19607], "size": [2, 6, 2], "uv": [82, 91]}
				]
			},
			{
				"name": "bone287",
				"parent": "bone",
				"pivot": [0, 6, 0],
				"rotation": [0, -334.28571, 0]
			},
			{
				"name": "bone288",
				"parent": "bone287",
				"pivot": [0, 6, 6.19607],
				"rotation": [36, 0, 0]
			},
			{
				"name": "bone289",
				"parent": "bone288",
				"pivot": [0, 6, 6.19607],
				"rotation": [0, -45, 0],
				"cubes": [
					{"origin": [-1, 6, 5.19607], "size": [2, 6, 2], "uv": [90, 89]}
				]
			},
			{
				"name": "bone290",
				"parent": "sittingRotationSkirt",
				"pivot": [0, 15.5, 0]
			},
			{
				"name": "bone291",
				"parent": "bone290",
				"pivot": [0, 5, 0]
			},
			{
				"name": "bone292",
				"parent": "bone291",
				"pivot": [0, 5, 6.19607],
				"rotation": [36, 0, 0]
			},
			{
				"name": "bone293",
				"parent": "bone292",
				"pivot": [0, 5, 6.19607],
				"rotation": [0, -45, 0],
				"cubes": [
					{"origin": [-1, 5, 5.19607], "size": [2, 6, 2], "uv": [22, 90]}
				]
			},
			{
				"name": "bone294",
				"parent": "bone290",
				"pivot": [0, 5, 0],
				"rotation": [0, -25.71429, 0]
			},
			{
				"name": "bone295",
				"parent": "bone294",
				"pivot": [0, 5, 6.19607],
				"rotation": [36, 0, 0]
			},
			{
				"name": "bone296",
				"parent": "bone295",
				"pivot": [0, 5, 6.19607],
				"rotation": [0, -45, 0],
				"cubes": [
					{"origin": [-1, 5, 5.19607], "size": [2, 6, 2], "uv": [60, 87]}
				]
			},
			{
				"name": "bone297",
				"parent": "bone290",
				"pivot": [0, 5, 0],
				"rotation": [0, -51.42857, 0]
			},
			{
				"name": "bone298",
				"parent": "bone297",
				"pivot": [0, 5, 6.19607],
				"rotation": [36, 0, 0]
			},
			{
				"name": "bone299",
				"parent": "bone298",
				"pivot": [0, 5, 6.19607],
				"rotation": [0, -45, 0],
				"cubes": [
					{"origin": [-1, 5, 5.19607], "size": [2, 6, 2], "uv": [87, 52]}
				]
			},
			{
				"name": "bone300",
				"parent": "bone290",
				"pivot": [0, 5, 0],
				"rotation": [0, -77.14286, 0]
			},
			{
				"name": "bone301",
				"parent": "bone300",
				"pivot": [0, 5, 6.19607],
				"rotation": [36, 0, 0]
			},
			{
				"name": "bone302",
				"parent": "bone301",
				"pivot": [0, 5, 6.19607],
				"rotation": [0, -45, 0],
				"cubes": [
					{"origin": [-1, 5, 5.19607], "size": [2, 6, 2], "uv": [52, 87]}
				]
			},
			{
				"name": "bone303",
				"parent": "bone290",
				"pivot": [0, 5, 0],
				"rotation": [0, -102.85714, 0]
			},
			{
				"name": "bone304",
				"parent": "bone303",
				"pivot": [0, 5, 6.19607],
				"rotation": [36, 0, 0]
			},
			{
				"name": "bone305",
				"parent": "bone304",
				"pivot": [0, 5, 6.19607],
				"rotation": [0, -45, 0],
				"cubes": [
					{"origin": [-1, 5, 5.19607], "size": [2, 6, 2], "uv": [36, 87]}
				]
			},
			{
				"name": "bone306",
				"parent": "bone290",
				"pivot": [0, 5, 0],
				"rotation": [0, -128.57143, 0]
			},
			{
				"name": "bone307",
				"parent": "bone306",
				"pivot": [0, 5, 6.19607],
				"rotation": [36, 0, 0]
			},
			{
				"name": "bone308",
				"parent": "bone307",
				"pivot": [0, 5, 6.19607],
				"rotation": [0, -45, 0],
				"cubes": [
					{"origin": [-1, 5, 5.19607], "size": [2, 6, 2], "uv": [87, 13]}
				]
			},
			{
				"name": "bone309",
				"parent": "bone290",
				"pivot": [0, 5, 0],
				"rotation": [0, -154.28571, 0]
			},
			{
				"name": "bone310",
				"parent": "bone309",
				"pivot": [0, 5, 6.19607],
				"rotation": [36, 0, 0]
			},
			{
				"name": "bone311",
				"parent": "bone310",
				"pivot": [0, 5, 6.19607],
				"rotation": [0, -45, 0],
				"cubes": [
					{"origin": [-1, 5, 5.19607], "size": [2, 6, 2], "uv": [86, 74]}
				]
			},
			{
				"name": "bone312",
				"parent": "bone290",
				"pivot": [0, 5, 0],
				"rotation": [0, -180, 0]
			},
			{
				"name": "bone313",
				"parent": "bone312",
				"pivot": [0, 5, 6.19607],
				"rotation": [36, 0, 0]
			},
			{
				"name": "bone314",
				"parent": "bone313",
				"pivot": [0, 5, 6.19607],
				"rotation": [0, -45, 0],
				"cubes": [
					{"origin": [-1, 5, 5.19607], "size": [2, 6, 2], "uv": [86, 66]}
				]
			},
			{
				"name": "bone315",
				"parent": "bone290",
				"pivot": [0, 5, 0],
				"rotation": [0, -205.71429, 0]
			},
			{
				"name": "bone316",
				"parent": "bone315",
				"pivot": [0, 5, 6.19607],
				"rotation": [36, 0, 0]
			},
			{
				"name": "bone317",
				"parent": "bone316",
				"pivot": [0, 5, 6.19607],
				"rotation": [0, -45, 0],
				"cubes": [
					{"origin": [-1, 5, 5.19607], "size": [2, 6, 2], "uv": [44, 86]}
				]
			},
			{
				"name": "bone318",
				"parent": "bone290",
				"pivot": [0, 5, 0],
				"rotation": [0, -231.42857, 0]
			},
			{
				"name": "bone319",
				"parent": "bone318",
				"pivot": [0, 5, 6.19607],
				"rotation": [36, 0, 0]
			},
			{
				"name": "bone320",
				"parent": "bone319",
				"pivot": [0, 5, 6.19607],
				"rotation": [0, -45, 0],
				"cubes": [
					{"origin": [-1, 5, 5.19607], "size": [2, 6, 2], "uv": [86, 34]}
				]
			},
			{
				"name": "bone321",
				"parent": "bone290",
				"pivot": [0, 5, 0],
				"rotation": [0, -257.14286, 0]
			},
			{
				"name": "bone322",
				"parent": "bone321",
				"pivot": [0, 5, 6.19607],
				"rotation": [36, 0, 0]
			},
			{
				"name": "bone323",
				"parent": "bone322",
				"pivot": [0, 5, 6.19607],
				"rotation": [0, -45, 0],
				"cubes": [
					{"origin": [-1, 5, 5.19607], "size": [2, 6, 2], "uv": [86, 5]}
				]
			},
			{
				"name": "bone324",
				"parent": "bone290",
				"pivot": [0, 5, 0],
				"rotation": [0, -282.85714, 0]
			},
			{
				"name": "bone325",
				"parent": "bone324",
				"pivot": [0, 5, 6.19607],
				"rotation": [36, 0, 0]
			},
			{
				"name": "bone326",
				"parent": "bone325",
				"pivot": [0, 5, 6.19607],
				"rotation": [0, -45, 0],
				"cubes": [
					{"origin": [-1, 5, 5.19607], "size": [2, 6, 2], "uv": [0, 86]}
				]
			},
			{
				"name": "bone327",
				"parent": "bone290",
				"pivot": [0, 5, 0],
				"rotation": [0, -308.57143, 0]
			},
			{
				"name": "bone328",
				"parent": "bone327",
				"pivot": [0, 5, 6.19607],
				"rotation": [36, 0, 0]
			},
			{
				"name": "bone329",
				"parent": "bone328",
				"pivot": [0, 5, 6.19607],
				"rotation": [0, -45, 0],
				"cubes": [
					{"origin": [-1, 5, 5.19607], "size": [2, 6, 2], "uv": [76, 85]}
				]
			},
			{
				"name": "bone330",
				"parent": "bone290",
				"pivot": [0, 5, 0],
				"rotation": [0, -334.28571, 0]
			},
			{
				"name": "bone331",
				"parent": "bone330",
				"pivot": [0, 5, 6.19607],
				"rotation": [36, 0, 0]
			},
			{
				"name": "bone332",
				"parent": "bone331",
				"pivot": [0, 5, 6.19607],
				"rotation": [0, -45, 0],
				"cubes": [
					{"origin": [-1, 5, 5.19607], "size": [2, 6, 2], "uv": [68, 85]}
				]
			},
			{
				"name": "bone333",
				"parent": "sittingRotationSkirt",
				"pivot": [0, 14.5, 0]
			},
			{
				"name": "bone334",
				"parent": "bone333",
				"pivot": [0, 4, 0]
			},
			{
				"name": "bone335",
				"parent": "bone334",
				"pivot": [0, 4, 6.19607],
				"rotation": [36, 0, 0]
			},
			{
				"name": "bone336",
				"parent": "bone335",
				"pivot": [0, 4, 6.19607],
				"rotation": [0, -45, 0],
				"cubes": [
					{"origin": [-1, 4, 5.19607], "size": [2, 6, 2], "uv": [84, 83]}
				]
			},
			{
				"name": "bone337",
				"parent": "bone333",
				"pivot": [0, 4, 0],
				"rotation": [0, -25.71429, 0]
			},
			{
				"name": "bone338",
				"parent": "bone337",
				"pivot": [0, 4, 6.19607],
				"rotation": [36, 0, 0]
			},
			{
				"name": "bone339",
				"parent": "bone338",
				"pivot": [0, 4, 6.19607],
				"rotation": [0, -45, 0],
				"cubes": [
					{"origin": [-1, 4, 5.19607], "size": [2, 6, 2], "uv": [84, 44]}
				]
			},
			{
				"name": "bone340",
				"parent": "bone333",
				"pivot": [0, 4, 0],
				"rotation": [0, -51.42857, 0]
			},
			{
				"name": "bone341",
				"parent": "bone340",
				"pivot": [0, 4, 6.19607],
				"rotation": [36, 0, 0]
			},
			{
				"name": "bone342",
				"parent": "bone341",
				"pivot": [0, 4, 6.19607],
				"rotation": [0, -45, 0],
				"cubes": [
					{"origin": [-1, 4, 5.19607], "size": [2, 6, 2], "uv": [84, 26]}
				]
			},
			{
				"name": "bone343",
				"parent": "bone333",
				"pivot": [0, 4, 0],
				"rotation": [0, -77.14286, 0]
			},
			{
				"name": "bone344",
				"parent": "bone343",
				"pivot": [0, 4, 6.19607],
				"rotation": [36, 0, 0]
			},
			{
				"name": "bone345",
				"parent": "bone344",
				"pivot": [0, 4, 6.19607],
				"rotation": [0, -45, 0],
				"cubes": [
					{"origin": [-1, 4, 5.19607], "size": [2, 6, 2], "uv": [16, 84]}
				]
			},
			{
				"name": "bone346",
				"parent": "bone333",
				"pivot": [0, 4, 0],
				"rotation": [0, -102.85714, 0]
			},
			{
				"name": "bone347",
				"parent": "bone346",
				"pivot": [0, 4, 6.19607],
				"rotation": [36, 0, 0]
			},
			{
				"name": "bone348",
				"parent": "bone347",
				"pivot": [0, 4, 6.19607],
				"rotation": [0, -45, 0],
				"cubes": [
					{"origin": [-1, 4, 5.19607], "size": [2, 6, 2], "uv": [8, 84]}
				]
			},
			{
				"name": "bone349",
				"parent": "bone333",
				"pivot": [0, 4, 0],
				"rotation": [0, -128.57143, 0]
			},
			{
				"name": "bone350",
				"parent": "bone349",
				"pivot": [0, 4, 6.19607],
				"rotation": [36, 0, 0]
			},
			{
				"name": "bone351",
				"parent": "bone350",
				"pivot": [0, 4, 6.19607],
				"rotation": [0, -45, 0],
				"cubes": [
					{"origin": [-1, 4, 5.19607], "size": [2, 6, 2], "uv": [80, 60]}
				]
			},
			{
				"name": "bone352",
				"parent": "bone333",
				"pivot": [0, 4, 0],
				"rotation": [0, -154.28571, 0]
			},
			{
				"name": "bone353",
				"parent": "bone352",
				"pivot": [0, 4, 6.19607],
				"rotation": [36, 0, 0]
			},
			{
				"name": "bone354",
				"parent": "bone353",
				"pivot": [0, 4, 6.19607],
				"rotation": [0, -45, 0],
				"cubes": [
					{"origin": [-1, 4, 5.19607], "size": [2, 6, 2], "uv": [79, 18]}
				]
			},
			{
				"name": "bone355",
				"parent": "bone333",
				"pivot": [0, 4, 0],
				"rotation": [0, -180, 0]
			},
			{
				"name": "bone356",
				"parent": "bone355",
				"pivot": [0, 4, 6.19607],
				"rotation": [36, 0, 0]
			},
			{
				"name": "bone357",
				"parent": "bone356",
				"pivot": [0, 4, 6.19607],
				"rotation": [0, -45, 0],
				"cubes": [
					{"origin": [-1, 4, 5.19607], "size": [2, 6, 2], "uv": [78, 77]}
				]
			},
			{
				"name": "bone358",
				"parent": "bone333",
				"pivot": [0, 4, 0],
				"rotation": [0, -205.71429, 0]
			},
			{
				"name": "bone359",
				"parent": "bone358",
				"pivot": [0, 4, 6.19607],
				"rotation": [36, 0, 0]
			},
			{
				"name": "bone360",
				"parent": "bone359",
				"pivot": [0, 4, 6.19607],
				"rotation": [0, -45, 0],
				"cubes": [
					{"origin": [-1, 4, 5.19607], "size": [2, 6, 2], "uv": [78, 68]}
				]
			},
			{
				"name": "bone361",
				"parent": "bone333",
				"pivot": [0, 4, 0],
				"rotation": [0, -231.42857, 0]
			},
			{
				"name": "bone362",
				"parent": "bone361",
				"pivot": [0, 4, 6.19607],
				"rotation": [36, 0, 0]
			},
			{
				"name": "bone363",
				"parent": "bone362",
				"pivot": [0, 4, 6.19607],
				"rotation": [0, -45, 0],
				"cubes": [
					{"origin": [-1, 4, 5.19607], "size": [2, 6, 2], "uv": [70, 77]}
				]
			},
			{
				"name": "bone364",
				"parent": "bone333",
				"pivot": [0, 4, 0],
				"rotation": [0, -257.14286, 0]
			},
			{
				"name": "bone365",
				"parent": "bone364",
				"pivot": [0, 4, 6.19607],
				"rotation": [36, 0, 0]
			},
			{
				"name": "bone366",
				"parent": "bone365",
				"pivot": [0, 4, 6.19607],
				"rotation": [0, -45, 0],
				"cubes": [
					{"origin": [-1, 4, 5.19607], "size": [2, 6, 2], "uv": [0, 68]}
				]
			},
			{
				"name": "bone367",
				"parent": "bone333",
				"pivot": [0, 4, 0],
				"rotation": [0, -282.85714, 0]
			},
			{
				"name": "bone368",
				"parent": "bone367",
				"pivot": [0, 4, 6.19607],
				"rotation": [36, 0, 0]
			},
			{
				"name": "bone369",
				"parent": "bone368",
				"pivot": [0, 4, 6.19607],
				"rotation": [0, -45, 0],
				"cubes": [
					{"origin": [-1, 4, 5.19607], "size": [2, 6, 2], "uv": [64, 35]}
				]
			},
			{
				"name": "bone370",
				"parent": "bone333",
				"pivot": [0, 4, 0],
				"rotation": [0, -308.57143, 0]
			},
			{
				"name": "bone371",
				"parent": "bone370",
				"pivot": [0, 4, 6.19607],
				"rotation": [36, 0, 0]
			},
			{
				"name": "bone372",
				"parent": "bone371",
				"pivot": [0, 4, 6.19607],
				"rotation": [0, -45, 0],
				"cubes": [
					{"origin": [-1, 4, 5.19607], "size": [2, 6, 2], "uv": [32, 32]}
				]
			},
			{
				"name": "bone373",
				"parent": "bone333",
				"pivot": [0, 4, 0],
				"rotation": [0, -334.28571, 0]
			},
			{
				"name": "bone374",
				"parent": "bone373",
				"pivot": [0, 4, 6.19607],
				"rotation": [36, 0, 0]
			},
			{
				"name": "bone375",
				"parent": "bone374",
				"pivot": [0, 4, 6.19607],
				"rotation": [0, -45, 0],
				"cubes": [
					{"origin": [-1, 4, 5.19607], "size": [2, 6, 2], "uv": [0, 29]}
				]
			},
			{
				"name": "cape",
				"parent": "body",
				"pivot": [0, 11.6, 0.2]
			},
			{
				"name": "capeInner",
				"parent": "cape",
				"pivot": [0, 0.25, 0]
			},
			{
				"name": "cape7",
				"parent": "capeInner",
				"pivot": [0, 19.25, -2.7],
				"rotation": [5, 0, 0]
			},
			{
				"name": "cape8",
				"parent": "cape7",
				"pivot": [0, 17.25, -1.7],
				"rotation": [5, 0, 0]
			},
			{
				"name": "cape9",
				"parent": "cape8",
				"pivot": [0, 15.25, -0.7],
				"rotation": [5, 0, 0]
			},
			{
				"name": "cape10",
				"parent": "cape9",
				"pivot": [0, 13.25, -0.7],
				"rotation": [5, 0, 0]
			},
			{
				"name": "capeOutter",
				"parent": "cape",
				"pivot": [0, 0.35, 0.2],
				"cubes": [
					{"origin": [-4, 19.85, -3.8], "size": [8, 5, 8], "uv": [30, 48], "inflate": 0.5}
				]
			},
			{
				"name": "cape2",
				"parent": "capeOutter",
				"pivot": [0, 19.35, -2.5],
				"rotation": [5, 0, 0],
				"cubes": [
					{"origin": [-5.5, 17.35, -2.5], "size": [11, 2, 7], "uv": [46, 0], "inflate": 0.01}
				]
			},
			{
				"name": "cape3",
				"parent": "cape2",
				"pivot": [0, 17.35, -1.5],
				"rotation": [5, 0, 0],
				"cubes": [
					{"origin": [-6.5, 15.35, -1.5], "size": [13, 2, 6], "uv": [0, 45], "inflate": 0.01}
				]
			},
			{
				"name": "cape4",
				"parent": "cape3",
				"pivot": [0, 15.35, -0.5],
				"rotation": [5, 0, 0],
				"cubes": [
					{"origin": [-7.5, 13.35, -0.5], "size": [15, 2, 5], "uv": [41, 13], "inflate": 0.01}
				]
			},
			{
				"name": "cape5",
				"parent": "cape4",
				"pivot": [0, 13.35, -0.5],
				"rotation": [5, 0, 0],
				"cubes": [
					{"origin": [-8.5, 1.44397, -1.4658], "size": [17, 12, 6], "uv": [0, 0], "inflate": 0.01}
				]
			},
			{
				"name": "chestPlate",
				"parent": "body",
				"pivot": [0, 20.5, 0]
			},
			{
				"name": "sinFloat",
				"parent": "chestPlate",
				"pivot": [0, 20.5, 0]
			},
			{
				"name": "attackShow",
				"parent": "sinFloat",
				"pivot": [0, 20.5, 0]
			},
			{
				"name": "bone376",
				"parent": "attackShow",
				"pivot": [0, 20.5, 0],
				"cubes": [
					{"origin": [13, 33.5, -1], "size": [1, 6, 1], "uv": [38, 95]},
					{"origin": [13, 32.5, -1], "size": [1, 1, 1], "uv": [29, 32], "inflate": 0.1},
					{"origin": [7, 27.5, -1], "size": [13, 1, 1], "uv": [46, 9]},
					{"origin": [13, 38.5, -1], "size": [1, 1, 1], "uv": [7, 18], "inflate": 0.1},
					{"origin": [13, 0.5, -1], "size": [1, 33, 1], "uv": [24, 53]},
					{"origin": [9, 21.5, -1], "size": [9, 6, 1], "uv": [36, 61]},
					{"origin": [10, 15.5, -1], "size": [7, 6, 1], "uv": [52, 70]},
					{"origin": [11, 9.5, -1], "size": [5, 6, 1], "uv": [72, 46]}
				]
			},
			{
				"name": "bone377",
				"parent": "bone376",
				"pivot": [13, 32.5, 0],
				"rotation": [0, 0, 22.5],
				"cubes": [
					{"origin": [11, 32.5, -1], "size": [2, 1, 1], "uv": [33, 18]}
				]
			},
			{
				"name": "bone378",
				"parent": "bone377",
				"pivot": [11, 33.5, 0],
				"rotation": [0, 0, -50],
				"cubes": [
					{"origin": [0, 32.5, -1], "size": [11, 1, 1], "uv": [46, 11]}
				]
			},
			{
				"name": "bone379",
				"parent": "bone376",
				"pivot": [14, 32.5, 0],
				"rotation": [0, 0, -22.5],
				"cubes": [
					{"origin": [14, 32.5, -1], "size": [2, 1, 1], "uv": [0, 4]}
				]
			},
			{
				"name": "bone380",
				"parent": "bone379",
				"pivot": [16, 33.5, 0],
				"rotation": [0, 0, 50],
				"cubes": [
					{"origin": [16, 32.5, -1], "size": [10, 1, 1], "uv": [64, 44]}
				]
			},
			{
				"name": "bone381",
				"parent": "bone376",
				"pivot": [13, 0.5, 0],
				"rotation": [0, 0, -12.5],
				"cubes": [
					{"origin": [13, 0.5, -1], "size": [1, 28, 1], "uv": [32, 61]}
				]
			},
			{
				"name": "bone382",
				"parent": "bone376",
				"pivot": [14, 0.5, 0],
				"rotation": [0, 0, 12.5],
				"cubes": [
					{"origin": [13, 0.5, -1], "size": [1, 28, 1], "uv": [28, 61]}
				]
			},
			{
				"name": "decoration2",
				"parent": "body",
				"pivot": [0, 10.5, 0],
				"cubes": [
					{"origin": [-0.5, 16, -3.5], "size": [1, 1, 1], "uv": [97, 126]},
					{"origin": [-0.5, 14, -3.25], "size": [1, 2, 1], "uv": [124, 102]}
				]
			},
			{
				"name": "bone383",
				"parent": "decoration2",
				"pivot": [0, 17, -4],
				"rotation": [0, 0, 40]
			},
			{
				"name": "bone384",
				"parent": "decoration2",
				"pivot": [0, 17, -4],
				"rotation": [0, 0, -40]
			},
			{
				"name": "bone385",
				"parent": "decoration2",
				"pivot": [0.5, 16, -3],
				"rotation": [0, 0, -27],
				"cubes": [
					{"origin": [-0.40798, 14.21799, -3.25], "size": [1, 2, 1], "uv": [120, 102]}
				]
			},
			{
				"name": "bone386",
				"parent": "decoration2",
				"pivot": [-0.5, 16, -3],
				"rotation": [0, 0, 27],
				"cubes": [
					{"origin": [-0.59202, 14.21799, -3.25], "size": [1, 2, 1], "uv": [116, 102]}
				]
			},
			{
				"name": "legLeft",
				"pivot": [2, 9, 0],
				"cubes": [
					{"origin": [0.499, 0.1, -1.5], "size": [2.75, 8.9, 3], "uv": [36, 76]},
					{"origin": [0.499, 0.1, -1.5], "size": [2.75, 6, 3], "uv": [76, 9], "inflate": 0.1},
					{"origin": [0.499, 0.1, -1.5], "size": [2.75, 2, 3], "uv": [93, 10], "inflate": 0.2}
				]
			},
			{
				"name": "legRight",
				"pivot": [-2, 9, 0],
				"cubes": [
					{"origin": [-3.249, 0.2, -1.5], "size": [2.75, 8.8, 3], "uv": [0, 18]},
					{"origin": [-3.249, 0.2, -1.5], "size": [2.75, 6, 3], "uv": [0, 77], "inflate": 0.1},
					{"origin": [-3.249, 0.2, -1.5], "size": [2.75, 2, 3], "uv": [92, 71], "inflate": 0.2}
				]
			},
			{
				"name": "wingLeft",
				"pivot": [-1, 16, 3],
				"rotation": [15, -60, 0]
			},
			{
				"name": "bone19",
				"parent": "wingLeft",
				"pivot": [-13, 16, 3],
				"rotation": [-45, 0, 0],
				"cubes": [
					{"origin": [-2, 15.64645, 3.35355], "size": [1, 1, 2], "uv": [18, 56]}
				]
			},
			{
				"name": "bone20",
				"parent": "wingLeft",
				"pivot": [-13, 16, 3],
				"rotation": [-30, 0, 0],
				"cubes": [
					{"origin": [-2, 15.04935, 5.18185], "size": [1, 1, 2], "uv": [0, 56]}
				]
			},
			{
				"name": "bone21",
				"parent": "wingLeft",
				"pivot": [-13, 16, 3],
				"rotation": [-15, 0, 0],
				"cubes": [
					{"origin": [-2, 13.9994, 6.79331], "size": [1, 1, 1], "uv": [40, 2]}
				]
			},
			{
				"name": "bone22",
				"parent": "wingLeft",
				"pivot": [-13, 16, 3],
				"cubes": [
					{"origin": [-2, 12.82697, 7.11219], "size": [1, 1, 2], "uv": [54, 51]}
				]
			},
			{
				"name": "bone23",
				"parent": "wingLeft",
				"pivot": [-13, 16, 3],
				"rotation": [30, 0, 0],
				"cubes": [
					{"origin": [-2, 10.19598, 6.7068], "size": [1, 1, 3], "uv": [56, 35]}
				]
			},
			{
				"name": "bone24",
				"parent": "wingLeft",
				"pivot": [-13, 16, 3],
				"rotation": [60, 0, 0],
				"cubes": [
					{"origin": [-2, 7.62017, 5.90624], "size": [1, 1, 4], "uv": [0, 96]}
				]
			},
			{
				"name": "bone25",
				"parent": "wingLeft",
				"pivot": [-13, 16, 3],
				"rotation": [90, 0, 0],
				"cubes": [
					{"origin": [-2, 5.28973, 4.79107], "size": [1, 1, 5], "uv": [51, 20]}
				]
			},
			{
				"name": "bone26",
				"parent": "wingLeft",
				"pivot": [-13, 16, 3],
				"rotation": [150, 0, 0],
				"cubes": [
					{"origin": [-2, 4.76363, -8.87983], "size": [1, 1, 8], "uv": [0, 68]}
				]
			},
			{
				"name": "bone27",
				"parent": "wingLeft",
				"pivot": [-13, 16, 3],
				"rotation": [135, 0, 0],
				"cubes": [
					{"origin": [-2, 2.07177, -11.56685], "size": [1, 1, 6], "uv": [68, 70]}
				]
			},
			{
				"name": "bone28",
				"parent": "wingLeft",
				"pivot": [-13, 16, 3],
				"rotation": [120, 0, 0],
				"cubes": [
					{"origin": [-2, -1.22381, -11.4656], "size": [1, 1, 4], "uv": [95, 53]}
				]
			},
			{
				"name": "bone29",
				"parent": "wingLeft",
				"pivot": [-13, 16, 3],
				"rotation": [105, 0, 0],
				"cubes": [
					{"origin": [-2, -4.3809, -10.51485], "size": [1, 1, 4], "uv": [50, 95]}
				]
			},
			{
				"name": "crystal",
				"parent": "wingLeft",
				"pivot": [-14, 6, 8],
				"cubes": [
					{"origin": [-1.99997, 6.00706, 7.11121], "size": [1, 0, 1], "uv": [31, 48]},
					{"origin": [-1.99899, 11.82597, 7.11118], "size": [1, 0, 1], "uv": [3, 48]}
				]
			},
			{
				"name": "piece",
				"parent": "crystal",
				"pivot": [-14, 6, 8]
			},
			{
				"name": "bone4",
				"parent": "piece",
				"pivot": [-14, 6, 8],
				"rotation": [10, 0, -10],
				"cubes": [
					{"origin": [-2.18088, 4.11003, 6.76324], "size": [1, 3, 0], "uv": [103, 50]}
				]
			},
			{
				"name": "bone3",
				"parent": "piece",
				"pivot": [-14, 6, 8],
				"rotation": [10, 0, 10],
				"cubes": [
					{"origin": [-2.19887, 8.38529, 7.51709], "size": [1, 3, 0], "uv": [50, 103]}
				]
			},
			{
				"name": "piece2",
				"parent": "crystal",
				"pivot": [-14, 6, 8],
				"rotation": [0, 90, 0]
			},
			{
				"name": "bone6",
				"parent": "piece2",
				"pivot": [-14, 6, 8],
				"rotation": [10, 0, -10],
				"cubes": [
					{"origin": [-14.10812, 3.94305, 19.82145], "size": [1, 3, 0], "uv": [103, 47]}
				]
			},
			{
				"name": "bone7",
				"parent": "piece2",
				"pivot": [-14, 6, 8],
				"rotation": [10, 0, 10],
				"cubes": [
					{"origin": [-14.12611, 4.07603, 19.8449], "size": [1, 3, 0], "uv": [103, 44]}
				]
			},
			{
				"name": "piece3",
				"parent": "crystal",
				"pivot": [-14, 6, 8],
				"rotation": [0, -90, 0]
			},
			{
				"name": "bone8",
				"parent": "piece3",
				"pivot": [-14, 6, 8],
				"rotation": [10, 0, -10],
				"cubes": [
					{"origin": [-14.87389, 8.41724, -4.77535], "size": [1, 3, 0], "uv": [20, 103]}
				]
			},
			{
				"name": "bone9",
				"parent": "piece3",
				"pivot": [-14, 6, 8],
				"rotation": [10, 0, 10],
				"cubes": [
					{"origin": [-14.89188, 8.28427, -4.7988], "size": [1, 3, 0], "uv": [18, 103]}
				]
			},
			{
				"name": "piece4",
				"parent": "crystal",
				"pivot": [-14, 6, 8],
				"rotation": [0, 180, 0]
			},
			{
				"name": "bone10",
				"parent": "piece4",
				"pivot": [-14, 6, 8],
				"rotation": [10, 0, -10],
				"cubes": [
					{"origin": [-26.80113, 8.25026, 8.28286], "size": [1, 3, 0], "uv": [16, 103]}
				]
			},
			{
				"name": "bone11",
				"parent": "piece4",
				"pivot": [-14, 6, 8],
				"rotation": [10, 0, 10],
				"cubes": [
					{"origin": [-26.81912, 3.975, 7.52902], "size": [1, 3, 0], "uv": [103, 15]}
				]
			},
			{
				"name": "piece5",
				"parent": "crystal",
				"pivot": [-14, 6, 8],
				"rotation": [180, 0, 0]
			},
			{
				"name": "bone12",
				"parent": "piece5",
				"pivot": [-14, 6, 8],
				"rotation": [10, 0, -10],
				"cubes": [
					{"origin": [-3.19409, -1.68391, 6.5312], "size": [1, 3, 0], "uv": [14, 103]}
				]
			},
			{
				"name": "bone13",
				"parent": "piece5",
				"pivot": [-14, 6, 8],
				"rotation": [10, 0, 10],
				"cubes": [
					{"origin": [-1.18566, 2.59135, 7.28504], "size": [1, 3, 0], "uv": [103, 12]}
				]
			},
			{
				"name": "piece6",
				"parent": "crystal",
				"pivot": [-14, 6, 8],
				"rotation": [180, -90, 0]
			},
			{
				"name": "bone5",
				"parent": "piece6",
				"pivot": [-14, 6, 8],
				"rotation": [10, 0, -10],
				"cubes": [
					{"origin": [-15.8871, -1.58289, 18.84708], "size": [1, 3, 0], "uv": [12, 103]}
				]
			},
			{
				"name": "bone14",
				"parent": "piece6",
				"pivot": [-14, 6, 8],
				"rotation": [10, 0, 10],
				"cubes": [
					{"origin": [-13.87867, -1.71586, 18.82364], "size": [1, 3, 0], "uv": [10, 103]}
				]
			},
			{
				"name": "piece7",
				"parent": "crystal",
				"pivot": [-14, 6, 8],
				"rotation": [180, 180, 0]
			},
			{
				"name": "bone15",
				"parent": "piece7",
				"pivot": [-14, 6, 8],
				"rotation": [10, 0, -10],
				"cubes": [
					{"origin": [-27.81434, 2.72638, 6.51927], "size": [1, 3, 0], "uv": [102, 101]}
				]
			},
			{
				"name": "bone16",
				"parent": "piece7",
				"pivot": [-14, 6, 8],
				"rotation": [10, 0, 10],
				"cubes": [
					{"origin": [-25.80591, -1.54889, 5.76542], "size": [1, 3, 0], "uv": [102, 98]}
				]
			},
			{
				"name": "piece8",
				"parent": "crystal",
				"pivot": [-14, 6, 8],
				"rotation": [180, 90, 0]
			},
			{
				"name": "bone17",
				"parent": "piece8",
				"pivot": [-14, 6, 8],
				"rotation": [10, 0, -10],
				"cubes": [
					{"origin": [-15.12133, 2.62535, -5.79662], "size": [1, 3, 0], "uv": [102, 94]}
				]
			},
			{
				"name": "bone18",
				"parent": "piece8",
				"pivot": [-14, 6, 8],
				"rotation": [10, 0, 10],
				"cubes": [
					{"origin": [-13.1129, 2.75833, -5.77317], "size": [1, 3, 0], "uv": [102, 91]}
				]
			},
			{
				"name": "crystal2",
				"parent": "wingLeft",
				"pivot": [-14, 7, 11],
				"cubes": [
					{"origin": [-1.99997, 7.00706, 10.11121], "size": [1, 0, 1], "uv": [47, 6]},
					{"origin": [-1.99899, 12.82597, 10.11118], "size": [1, 0, 1], "uv": [3, 46]}
				]
			},
			{
				"name": "piece9",
				"parent": "crystal2",
				"pivot": [-14, 7, 11]
			},
			{
				"name": "bone30",
				"parent": "piece9",
				"pivot": [-14, 7, 11],
				"rotation": [10, 0, -10],
				"cubes": [
					{"origin": [-2.18088, 5.11003, 9.76324], "size": [1, 3, 0], "uv": [102, 88]}
				]
			},
			{
				"name": "bone31",
				"parent": "piece9",
				"pivot": [-14, 7, 11],
				"rotation": [10, 0, 10],
				"cubes": [
					{"origin": [-2.19887, 9.38529, 10.51709], "size": [1, 3, 0], "uv": [88, 102]}
				]
			},
			{
				"name": "piece10",
				"parent": "crystal2",
				"pivot": [-14, 7, 11],
				"rotation": [0, 90, 0]
			},
			{
				"name": "bone32",
				"parent": "piece10",
				"pivot": [-14, 7, 11],
				"rotation": [10, 0, -10],
				"cubes": [
					{"origin": [-14.10812, 4.94305, 22.82145], "size": [1, 3, 0], "uv": [86, 102]}
				]
			},
			{
				"name": "bone33",
				"parent": "piece10",
				"pivot": [-14, 7, 11],
				"rotation": [10, 0, 10],
				"cubes": [
					{"origin": [-14.12611, 5.07603, 22.8449], "size": [1, 3, 0], "uv": [102, 85]}
				]
			},
			{
				"name": "piece11",
				"parent": "crystal2",
				"pivot": [-14, 7, 11],
				"rotation": [0, -90, 0]
			},
			{
				"name": "bone34",
				"parent": "piece11",
				"pivot": [-14, 7, 11],
				"rotation": [10, 0, -10],
				"cubes": [
					{"origin": [-14.87389, 9.41724, -1.77535], "size": [1, 3, 0], "uv": [84, 102]}
				]
			},
			{
				"name": "bone35",
				"parent": "piece11",
				"pivot": [-14, 7, 11],
				"rotation": [10, 0, 10],
				"cubes": [
					{"origin": [-14.89188, 9.28427, -1.7988], "size": [1, 3, 0], "uv": [102, 82]}
				]
			},
			{
				"name": "piece12",
				"parent": "crystal2",
				"pivot": [-14, 7, 11],
				"rotation": [0, 180, 0]
			},
			{
				"name": "bone36",
				"parent": "piece12",
				"pivot": [-14, 7, 11],
				"rotation": [10, 0, -10],
				"cubes": [
					{"origin": [-26.80113, 9.25026, 11.28286], "size": [1, 3, 0], "uv": [82, 102]}
				]
			},
			{
				"name": "bone37",
				"parent": "piece12",
				"pivot": [-14, 7, 11],
				"rotation": [10, 0, 10],
				"cubes": [
					{"origin": [-26.81912, 4.975, 10.52902], "size": [1, 3, 0], "uv": [102, 79]}
				]
			},
			{
				"name": "piece13",
				"parent": "crystal2",
				"pivot": [-14, 7, 11],
				"rotation": [180, 0, 0]
			},
			{
				"name": "bone38",
				"parent": "piece13",
				"pivot": [-14, 7, 11],
				"rotation": [10, 0, -10],
				"cubes": [
					{"origin": [-3.19409, -0.68391, 9.5312], "size": [1, 3, 0], "uv": [102, 76]}
				]
			},
			{
				"name": "bone39",
				"parent": "piece13",
				"pivot": [-14, 7, 11],
				"rotation": [10, 0, 10],
				"cubes": [
					{"origin": [-1.18566, 3.59135, 10.28504], "size": [1, 3, 0], "uv": [102, 73]}
				]
			},
			{
				"name": "piece14",
				"parent": "crystal2",
				"pivot": [-14, 7, 11],
				"rotation": [180, -90, 0]
			},
			{
				"name": "bone40",
				"parent": "piece14",
				"pivot": [-14, 7, 11],
				"rotation": [10, 0, -10],
				"cubes": [
					{"origin": [-15.8871, -0.58289, 21.84708], "size": [1, 3, 0], "uv": [102, 67]}
				]
			},
			{
				"name": "bone41",
				"parent": "piece14",
				"pivot": [-14, 7, 11],
				"rotation": [10, 0, 10],
				"cubes": [
					{"origin": [-13.87867, -0.71586, 21.82364], "size": [1, 3, 0], "uv": [102, 64]}
				]
			},
			{
				"name": "piece15",
				"parent": "crystal2",
				"pivot": [-14, 7, 11],
				"rotation": [180, 180, 0]
			},
			{
				"name": "bone42",
				"parent": "piece15",
				"pivot": [-14, 7, 11],
				"rotation": [10, 0, -10],
				"cubes": [
					{"origin": [-27.81434, 3.72638, 9.51927], "size": [1, 3, 0], "uv": [102, 61]}
				]
			},
			{
				"name": "bone43",
				"parent": "piece15",
				"pivot": [-14, 7, 11],
				"rotation": [10, 0, 10],
				"cubes": [
					{"origin": [-25.80591, -0.54889, 8.76542], "size": [1, 3, 0], "uv": [102, 58]}
				]
			},
			{
				"name": "piece16",
				"parent": "crystal2",
				"pivot": [-14, 7, 11],
				"rotation": [180, 90, 0]
			},
			{
				"name": "bone44",
				"parent": "piece16",
				"pivot": [-14, 7, 11],
				"rotation": [10, 0, -10],
				"cubes": [
					{"origin": [-15.12133, 3.62535, -2.79662], "size": [1, 3, 0], "uv": [48, 102]}
				]
			},
			{
				"name": "bone45",
				"parent": "piece16",
				"pivot": [-14, 7, 11],
				"rotation": [10, 0, 10],
				"cubes": [
					{"origin": [-13.1129, 3.75833, -2.77317], "size": [1, 3, 0], "uv": [46, 102]}
				]
			},
			{
				"name": "crystal3",
				"parent": "wingLeft",
				"pivot": [-14, 10, 14],
				"cubes": [
					{"origin": [-1.99997, 10.00706, 13.11121], "size": [1, 0, 1], "uv": [46, 1]},
					{"origin": [-1.99899, 15.82597, 13.11118], "size": [1, 0, 1], "uv": [46, 0]}
				]
			},
			{
				"name": "piece17",
				"parent": "crystal3",
				"pivot": [-14, 10, 14]
			},
			{
				"name": "bone46",
				"parent": "piece17",
				"pivot": [-14, 10, 14],
				"rotation": [10, 0, -10],
				"cubes": [
					{"origin": [-2.18088, 8.11003, 12.76324], "size": [1, 3, 0], "uv": [44, 102]}
				]
			},
			{
				"name": "bone47",
				"parent": "piece17",
				"pivot": [-14, 10, 14],
				"rotation": [10, 0, 10],
				"cubes": [
					{"origin": [-2.19887, 12.38529, 13.51709], "size": [1, 3, 0], "uv": [42, 102]}
				]
			},
			{
				"name": "piece18",
				"parent": "crystal3",
				"pivot": [-14, 10, 14],
				"rotation": [0, 90, 0]
			},
			{
				"name": "bone48",
				"parent": "piece18",
				"pivot": [-14, 10, 14],
				"rotation": [10, 0, -10],
				"cubes": [
					{"origin": [-14.10812, 7.94305, 25.82145], "size": [1, 3, 0], "uv": [102, 41]}
				]
			},
			{
				"name": "bone49",
				"parent": "piece18",
				"pivot": [-14, 10, 14],
				"rotation": [10, 0, 10],
				"cubes": [
					{"origin": [-14.12611, 8.07603, 25.8449], "size": [1, 3, 0], "uv": [40, 102]}
				]
			},
			{
				"name": "piece19",
				"parent": "crystal3",
				"pivot": [-14, 10, 14],
				"rotation": [0, -90, 0]
			},
			{
				"name": "bone50",
				"parent": "piece19",
				"pivot": [-14, 10, 14],
				"rotation": [10, 0, -10],
				"cubes": [
					{"origin": [-14.87389, 12.41724, 1.22465], "size": [1, 3, 0], "uv": [102, 38]}
				]
			},
			{
				"name": "bone51",
				"parent": "piece19",
				"pivot": [-14, 10, 14],
				"rotation": [10, 0, 10],
				"cubes": [
					{"origin": [-14.89188, 12.28427, 1.2012], "size": [1, 3, 0], "uv": [38, 102]}
				]
			},
			{
				"name": "piece20",
				"parent": "crystal3",
				"pivot": [-14, 10, 14],
				"rotation": [0, 180, 0]
			},
			{
				"name": "bone52",
				"parent": "piece20",
				"pivot": [-14, 10, 14],
				"rotation": [10, 0, -10],
				"cubes": [
					{"origin": [-26.80113, 12.25026, 14.28286], "size": [1, 3, 0], "uv": [102, 35]}
				]
			},
			{
				"name": "bone53",
				"parent": "piece20",
				"pivot": [-14, 10, 14],
				"rotation": [10, 0, 10],
				"cubes": [
					{"origin": [-26.81912, 7.975, 13.52902], "size": [1, 3, 0], "uv": [102, 32]}
				]
			},
			{
				"name": "piece21",
				"parent": "crystal3",
				"pivot": [-14, 10, 14],
				"rotation": [180, 0, 0]
			},
			{
				"name": "bone54",
				"parent": "piece21",
				"pivot": [-14, 10, 14],
				"rotation": [10, 0, -10],
				"cubes": [
					{"origin": [-3.19409, 2.31609, 12.5312], "size": [1, 3, 0], "uv": [102, 29]}
				]
			},
			{
				"name": "bone55",
				"parent": "piece21",
				"pivot": [-14, 10, 14],
				"rotation": [10, 0, 10],
				"cubes": [
					{"origin": [-1.18566, 6.59135, 13.28504], "size": [1, 3, 0], "uv": [102, 26]}
				]
			},
			{
				"name": "piece22",
				"parent": "crystal3",
				"pivot": [-14, 10, 14],
				"rotation": [180, -90, 0]
			},
			{
				"name": "bone56",
				"parent": "piece22",
				"pivot": [-14, 10, 14],
				"rotation": [10, 0, -10],
				"cubes": [
					{"origin": [-15.8871, 2.41711, 24.84708], "size": [1, 3, 0], "uv": [102, 23]}
				]
			},
			{
				"name": "bone57",
				"parent": "piece22",
				"pivot": [-14, 10, 14],
				"rotation": [10, 0, 10],
				"cubes": [
					{"origin": [-13.87867, 2.28414, 24.82364], "size": [1, 3, 0], "uv": [102, 20]}
				]
			},
			{
				"name": "piece23",
				"parent": "crystal3",
				"pivot": [-14, 10, 14],
				"rotation": [180, 180, 0]
			},
			{
				"name": "bone58",
				"parent": "piece23",
				"pivot": [-14, 10, 14],
				"rotation": [10, 0, -10],
				"cubes": [
					{"origin": [-27.81434, 6.72638, 12.51927], "size": [1, 3, 0], "uv": [102, 9]}
				]
			},
			{
				"name": "bone59",
				"parent": "piece23",
				"pivot": [-14, 10, 14],
				"rotation": [10, 0, 10],
				"cubes": [
					{"origin": [-25.80591, 2.45111, 11.76542], "size": [1, 3, 0], "uv": [102, 6]}
				]
			},
			{
				"name": "piece24",
				"parent": "crystal3",
				"pivot": [-14, 10, 14],
				"rotation": [180, 90, 0]
			},
			{
				"name": "bone60",
				"parent": "piece24",
				"pivot": [-14, 10, 14],
				"rotation": [10, 0, -10],
				"cubes": [
					{"origin": [-15.12133, 6.62535, 0.20338], "size": [1, 3, 0], "uv": [102, 3]}
				]
			},
			{
				"name": "bone61",
				"parent": "piece24",
				"pivot": [-14, 10, 14],
				"rotation": [10, 0, 10],
				"cubes": [
					{"origin": [-13.1129, 6.75833, 0.22683], "size": [1, 3, 0], "uv": [102, 0]}
				]
			},
			{
				"name": "crystal4",
				"parent": "wingLeft",
				"pivot": [-14, 14, 16],
				"cubes": [
					{"origin": [-1.99997, 14.00706, 15.11121], "size": [1, 0, 1], "uv": [45, 6]},
					{"origin": [-1.99899, 19.82597, 15.11118], "size": [1, 0, 1], "uv": [3, 45]}
				]
			},
			{
				"name": "piece25",
				"parent": "crystal4",
				"pivot": [-14, 14, 16]
			},
			{
				"name": "bone62",
				"parent": "piece25",
				"pivot": [-14, 14, 16],
				"rotation": [10, 0, -10],
				"cubes": [
					{"origin": [-2.18088, 12.11003, 14.76324], "size": [1, 3, 0], "uv": [100, 101]}
				]
			},
			{
				"name": "bone63",
				"parent": "piece25",
				"pivot": [-14, 14, 16],
				"rotation": [10, 0, 10],
				"cubes": [
					{"origin": [-2.19887, 16.38529, 15.51709], "size": [1, 3, 0], "uv": [98, 101]}
				]
			},
			{
				"name": "piece26",
				"parent": "crystal4",
				"pivot": [-14, 14, 16],
				"rotation": [0, 90, 0]
			},
			{
				"name": "bone64",
				"parent": "piece26",
				"pivot": [-14, 14, 16],
				"rotation": [10, 0, -10],
				"cubes": [
					{"origin": [-14.10812, 11.94305, 27.82145], "size": [1, 3, 0], "uv": [96, 101]}
				]
			},
			{
				"name": "bone65",
				"parent": "piece26",
				"pivot": [-14, 14, 16],
				"rotation": [10, 0, 10],
				"cubes": [
					{"origin": [-14.12611, 12.07603, 27.8449], "size": [1, 3, 0], "uv": [94, 101]}
				]
			},
			{
				"name": "piece27",
				"parent": "crystal4",
				"pivot": [-14, 14, 16],
				"rotation": [0, -90, 0]
			},
			{
				"name": "bone66",
				"parent": "piece27",
				"pivot": [-14, 14, 16],
				"rotation": [10, 0, -10],
				"cubes": [
					{"origin": [-14.87389, 16.41724, 3.22465], "size": [1, 3, 0], "uv": [80, 101]}
				]
			},
			{
				"name": "bone67",
				"parent": "piece27",
				"pivot": [-14, 14, 16],
				"rotation": [10, 0, 10],
				"cubes": [
					{"origin": [-14.89188, 16.28427, 3.2012], "size": [1, 3, 0], "uv": [78, 101]}
				]
			},
			{
				"name": "piece28",
				"parent": "crystal4",
				"pivot": [-14, 14, 16],
				"rotation": [0, 180, 0]
			},
			{
				"name": "bone68",
				"parent": "piece28",
				"pivot": [-14, 14, 16],
				"rotation": [10, 0, -10],
				"cubes": [
					{"origin": [-26.80113, 16.25026, 16.28286], "size": [1, 3, 0], "uv": [76, 101]}
				]
			},
			{
				"name": "bone69",
				"parent": "piece28",
				"pivot": [-14, 14, 16],
				"rotation": [10, 0, 10],
				"cubes": [
					{"origin": [-26.81912, 11.975, 15.52902], "size": [1, 3, 0], "uv": [74, 101]}
				]
			},
			{
				"name": "piece29",
				"parent": "crystal4",
				"pivot": [-14, 14, 16],
				"rotation": [180, 0, 0]
			},
			{
				"name": "bone70",
				"parent": "piece29",
				"pivot": [-14, 14, 16],
				"rotation": [10, 0, -10],
				"cubes": [
					{"origin": [-3.19409, 6.31609, 14.5312], "size": [1, 3, 0], "uv": [72, 101]}
				]
			},
			{
				"name": "bone71",
				"parent": "piece29",
				"pivot": [-14, 14, 16],
				"rotation": [10, 0, 10],
				"cubes": [
					{"origin": [-1.18566, 10.59135, 15.28504], "size": [1, 3, 0], "uv": [101, 70]}
				]
			},
			{
				"name": "piece30",
				"parent": "crystal4",
				"pivot": [-14, 14, 16],
				"rotation": [180, -90, 0]
			},
			{
				"name": "bone72",
				"parent": "piece30",
				"pivot": [-14, 14, 16],
				"rotation": [10, 0, -10],
				"cubes": [
					{"origin": [-15.8871, 6.41711, 26.84708], "size": [1, 3, 0], "uv": [70, 101]}
				]
			},
			{
				"name": "bone73",
				"parent": "piece30",
				"pivot": [-14, 14, 16],
				"rotation": [10, 0, 10],
				"cubes": [
					{"origin": [-13.87867, 6.28414, 26.82364], "size": [1, 3, 0], "uv": [68, 101]}
				]
			},
			{
				"name": "piece31",
				"parent": "crystal4",
				"pivot": [-14, 14, 16],
				"rotation": [180, 180, 0]
			},
			{
				"name": "bone74",
				"parent": "piece31",
				"pivot": [-14, 14, 16],
				"rotation": [10, 0, -10],
				"cubes": [
					{"origin": [-27.81434, 10.72638, 14.51927], "size": [1, 3, 0], "uv": [66, 101]}
				]
			},
			{
				"name": "bone75",
				"parent": "piece31",
				"pivot": [-14, 14, 16],
				"rotation": [10, 0, 10],
				"cubes": [
					{"origin": [-25.80591, 6.45111, 13.76542], "size": [1, 3, 0], "uv": [64, 101]}
				]
			},
			{
				"name": "piece32",
				"parent": "crystal4",
				"pivot": [-14, 14, 16],
				"rotation": [180, 90, 0]
			},
			{
				"name": "bone76",
				"parent": "piece32",
				"pivot": [-14, 14, 16],
				"rotation": [10, 0, -10],
				"cubes": [
					{"origin": [-15.12133, 10.62535, 2.20338], "size": [1, 3, 0], "uv": [62, 101]}
				]
			},
			{
				"name": "bone77",
				"parent": "piece32",
				"pivot": [-14, 14, 16],
				"rotation": [10, 0, 10],
				"cubes": [
					{"origin": [-13.1129, 10.75833, 2.22683], "size": [1, 3, 0], "uv": [60, 101]}
				]
			},
			{
				"name": "crystal5",
				"parent": "wingLeft",
				"pivot": [-14, 12, 19],
				"cubes": [
					{"origin": [-1.99997, 12.00706, 18.11121], "size": [1, 0, 1], "uv": [42, 2]},
					{"origin": [-1.99899, 17.82597, 18.11118], "size": [1, 0, 1], "uv": [42, 0]}
				]
			},
			{
				"name": "piece33",
				"parent": "crystal5",
				"pivot": [-14, 12, 19]
			},
			{
				"name": "bone78",
				"parent": "piece33",
				"pivot": [-14, 12, 19],
				"rotation": [10, 0, -10],
				"cubes": [
					{"origin": [-2.18088, 10.11003, 17.76324], "size": [1, 3, 0], "uv": [101, 53]}
				]
			},
			{
				"name": "bone79",
				"parent": "piece33",
				"pivot": [-14, 12, 19],
				"rotation": [10, 0, 10],
				"cubes": [
					{"origin": [-2.19887, 14.38529, 18.51709], "size": [1, 3, 0], "uv": [101, 49]}
				]
			},
			{
				"name": "piece34",
				"parent": "crystal5",
				"pivot": [-14, 12, 19],
				"rotation": [0, 90, 0]
			},
			{
				"name": "bone80",
				"parent": "piece34",
				"pivot": [-14, 12, 19],
				"rotation": [10, 0, -10],
				"cubes": [
					{"origin": [-14.10812, 9.94305, 30.82145], "size": [1, 3, 0], "uv": [101, 46]}
				]
			},
			{
				"name": "bone81",
				"parent": "piece34",
				"pivot": [-14, 12, 19],
				"rotation": [10, 0, 10],
				"cubes": [
					{"origin": [-14.12611, 10.07603, 30.8449], "size": [1, 3, 0], "uv": [36, 101]}
				]
			},
			{
				"name": "piece35",
				"parent": "crystal5",
				"pivot": [-14, 12, 19],
				"rotation": [0, -90, 0]
			},
			{
				"name": "bone82",
				"parent": "piece35",
				"pivot": [-14, 12, 19],
				"rotation": [10, 0, -10],
				"cubes": [
					{"origin": [-14.87389, 14.41724, 6.22465], "size": [1, 3, 0], "uv": [34, 101]}
				]
			},
			{
				"name": "bone83",
				"parent": "piece35",
				"pivot": [-14, 12, 19],
				"rotation": [10, 0, 10],
				"cubes": [
					{"origin": [-14.89188, 14.28427, 6.2012], "size": [1, 3, 0], "uv": [32, 101]}
				]
			},
			{
				"name": "piece36",
				"parent": "crystal5",
				"pivot": [-14, 12, 19],
				"rotation": [0, 180, 0]
			},
			{
				"name": "bone84",
				"parent": "piece36",
				"pivot": [-14, 12, 19],
				"rotation": [10, 0, -10],
				"cubes": [
					{"origin": [-26.80113, 14.25026, 19.28286], "size": [1, 3, 0], "uv": [30, 101]}
				]
			},
			{
				"name": "bone85",
				"parent": "piece36",
				"pivot": [-14, 12, 19],
				"rotation": [10, 0, 10],
				"cubes": [
					{"origin": [-26.81912, 9.975, 18.52902], "size": [1, 3, 0], "uv": [28, 101]}
				]
			},
			{
				"name": "piece37",
				"parent": "crystal5",
				"pivot": [-14, 12, 19],
				"rotation": [180, 0, 0]
			},
			{
				"name": "bone86",
				"parent": "piece37",
				"pivot": [-14, 12, 19],
				"rotation": [10, 0, -10],
				"cubes": [
					{"origin": [-3.19409, 4.31609, 17.5312], "size": [1, 3, 0], "uv": [26, 101]}
				]
			},
			{
				"name": "bone87",
				"parent": "piece37",
				"pivot": [-14, 12, 19],
				"rotation": [10, 0, 10],
				"cubes": [
					{"origin": [-1.18566, 8.59135, 18.28504], "size": [1, 3, 0], "uv": [24, 101]}
				]
			},
			{
				"name": "piece38",
				"parent": "crystal5",
				"pivot": [-14, 12, 19],
				"rotation": [180, -90, 0]
			},
			{
				"name": "bone88",
				"parent": "piece38",
				"pivot": [-14, 12, 19],
				"rotation": [10, 0, -10],
				"cubes": [
					{"origin": [-15.8871, 4.41711, 29.84708], "size": [1, 3, 0], "uv": [22, 101]}
				]
			},
			{
				"name": "bone89",
				"parent": "piece38",
				"pivot": [-14, 12, 19],
				"rotation": [10, 0, 10],
				"cubes": [
					{"origin": [-13.87867, 4.28414, 29.82364], "size": [1, 3, 0], "uv": [101, 15]}
				]
			},
			{
				"name": "piece39",
				"parent": "crystal5",
				"pivot": [-14, 12, 19],
				"rotation": [180, 180, 0]
			},
			{
				"name": "bone90",
				"parent": "piece39",
				"pivot": [-14, 12, 19],
				"rotation": [10, 0, -10],
				"cubes": [
					{"origin": [-27.81434, 8.72638, 17.51927], "size": [1, 3, 0], "uv": [8, 101]}
				]
			},
			{
				"name": "bone91",
				"parent": "piece39",
				"pivot": [-14, 12, 19],
				"rotation": [10, 0, 10],
				"cubes": [
					{"origin": [-25.80591, 4.45111, 16.76542], "size": [1, 3, 0], "uv": [6, 101]}
				]
			},
			{
				"name": "piece40",
				"parent": "crystal5",
				"pivot": [-14, 12, 19],
				"rotation": [180, 90, 0]
			},
			{
				"name": "bone92",
				"parent": "piece40",
				"pivot": [-14, 12, 19],
				"rotation": [10, 0, -10],
				"cubes": [
					{"origin": [-15.12133, 8.62535, 5.20338], "size": [1, 3, 0], "uv": [4, 101]}
				]
			},
			{
				"name": "bone93",
				"parent": "piece40",
				"pivot": [-14, 12, 19],
				"rotation": [10, 0, 10],
				"cubes": [
					{"origin": [-13.1129, 8.75833, 5.22683], "size": [1, 3, 0], "uv": [2, 101]}
				]
			},
			{
				"name": "crystal6",
				"parent": "wingLeft",
				"pivot": [-14, 9, 22],
				"cubes": [
					{"origin": [-1.99997, 9.00706, 21.11121], "size": [1, 0, 1], "uv": [41, 4]},
					{"origin": [-1.99899, 14.82597, 21.11118], "size": [1, 0, 1], "uv": [39, 4]}
				]
			},
			{
				"name": "piece41",
				"parent": "crystal6",
				"pivot": [-14, 9, 22]
			},
			{
				"name": "bone94",
				"parent": "piece41",
				"pivot": [-14, 9, 22],
				"rotation": [10, 0, -10],
				"cubes": [
					{"origin": [-2.18088, 7.11003, 20.76324], "size": [1, 3, 0], "uv": [0, 101]}
				]
			},
			{
				"name": "bone95",
				"parent": "piece41",
				"pivot": [-14, 9, 22],
				"rotation": [10, 0, 10],
				"cubes": [
					{"origin": [-2.19887, 11.38529, 21.51709], "size": [1, 3, 0], "uv": [100, 98]}
				]
			},
			{
				"name": "piece42",
				"parent": "crystal6",
				"pivot": [-14, 9, 22],
				"rotation": [0, 90, 0]
			},
			{
				"name": "bone96",
				"parent": "piece42",
				"pivot": [-14, 9, 22],
				"rotation": [10, 0, -10],
				"cubes": [
					{"origin": [-14.10812, 6.94305, 33.82145], "size": [1, 3, 0], "uv": [100, 94]}
				]
			},
			{
				"name": "bone97",
				"parent": "piece42",
				"pivot": [-14, 9, 22],
				"rotation": [10, 0, 10],
				"cubes": [
					{"origin": [-14.12611, 7.07603, 33.8449], "size": [1, 3, 0], "uv": [92, 100]}
				]
			},
			{
				"name": "piece43",
				"parent": "crystal6",
				"pivot": [-14, 9, 22],
				"rotation": [0, -90, 0]
			},
			{
				"name": "bone98",
				"parent": "piece43",
				"pivot": [-14, 9, 22],
				"rotation": [10, 0, -10],
				"cubes": [
					{"origin": [-14.87389, 11.41724, 9.22465], "size": [1, 3, 0], "uv": [100, 91]}
				]
			},
			{
				"name": "bone99",
				"parent": "piece43",
				"pivot": [-14, 9, 22],
				"rotation": [10, 0, 10],
				"cubes": [
					{"origin": [-14.89188, 11.28427, 9.2012], "size": [1, 3, 0], "uv": [90, 100]}
				]
			},
			{
				"name": "piece44",
				"parent": "crystal6",
				"pivot": [-14, 9, 22],
				"rotation": [0, 180, 0]
			},
			{
				"name": "bone100",
				"parent": "piece44",
				"pivot": [-14, 9, 22],
				"rotation": [10, 0, -10],
				"cubes": [
					{"origin": [-26.80113, 11.25026, 22.28286], "size": [1, 3, 0], "uv": [100, 88]}
				]
			},
			{
				"name": "bone101",
				"parent": "piece44",
				"pivot": [-14, 9, 22],
				"rotation": [10, 0, 10],
				"cubes": [
					{"origin": [-26.81912, 6.975, 21.52902], "size": [1, 3, 0], "uv": [100, 85]}
				]
			},
			{
				"name": "piece45",
				"parent": "crystal6",
				"pivot": [-14, 9, 22],
				"rotation": [180, 0, 0]
			},
			{
				"name": "bone102",
				"parent": "piece45",
				"pivot": [-14, 9, 22],
				"rotation": [10, 0, -10],
				"cubes": [
					{"origin": [-3.19409, 1.31609, 20.5312], "size": [1, 3, 0], "uv": [100, 82]}
				]
			},
			{
				"name": "bone103",
				"parent": "piece45",
				"pivot": [-14, 9, 22],
				"rotation": [10, 0, 10],
				"cubes": [
					{"origin": [-1.18566, 5.59135, 21.28504], "size": [1, 3, 0], "uv": [100, 79]}
				]
			},
			{
				"name": "piece46",
				"parent": "crystal6",
				"pivot": [-14, 9, 22],
				"rotation": [180, -90, 0]
			},
			{
				"name": "bone104",
				"parent": "piece46",
				"pivot": [-14, 9, 22],
				"rotation": [10, 0, -10],
				"cubes": [
					{"origin": [-15.8871, 1.41711, 32.84708], "size": [1, 3, 0], "uv": [100, 76]}
				]
			},
			{
				"name": "bone105",
				"parent": "piece46",
				"pivot": [-14, 9, 22],
				"rotation": [10, 0, 10],
				"cubes": [
					{"origin": [-13.87867, 1.28414, 32.82364], "size": [1, 3, 0], "uv": [100, 67]}
				]
			},
			{
				"name": "piece47",
				"parent": "crystal6",
				"pivot": [-14, 9, 22],
				"rotation": [180, 180, 0]
			},
			{
				"name": "bone106",
				"parent": "piece47",
				"pivot": [-14, 9, 22],
				"rotation": [10, 0, -10],
				"cubes": [
					{"origin": [-27.81434, 5.72638, 20.51927], "size": [1, 3, 0], "uv": [100, 64]}
				]
			},
			{
				"name": "bone107",
				"parent": "piece47",
				"pivot": [-14, 9, 22],
				"rotation": [10, 0, 10],
				"cubes": [
					{"origin": [-25.80591, 1.45111, 19.76542], "size": [1, 3, 0], "uv": [100, 61]}
				]
			},
			{
				"name": "piece48",
				"parent": "crystal6",
				"pivot": [-14, 9, 22],
				"rotation": [180, 90, 0]
			},
			{
				"name": "bone108",
				"parent": "piece48",
				"pivot": [-14, 9, 22],
				"rotation": [10, 0, -10],
				"cubes": [
					{"origin": [-15.12133, 5.62535, 8.20338], "size": [1, 3, 0], "uv": [100, 58]}
				]
			},
			{
				"name": "bone109",
				"parent": "piece48",
				"pivot": [-14, 9, 22],
				"rotation": [10, 0, 10],
				"cubes": [
					{"origin": [-13.1129, 5.75833, 8.22683], "size": [1, 3, 0], "uv": [58, 100]}
				]
			},
			{
				"name": "crystal7",
				"parent": "wingLeft",
				"pivot": [-14, 5, 24],
				"cubes": [
					{"origin": [-1.99997, 5.00706, 23.11121], "size": [1, 0, 1], "uv": [38, 19]},
					{"origin": [-1.99899, 10.82597, 23.11118], "size": [1, 0, 1], "uv": [37, 33]}
				]
			},
			{
				"name": "piece49",
				"parent": "crystal7",
				"pivot": [-14, 5, 24]
			},
			{
				"name": "bone110",
				"parent": "piece49",
				"pivot": [-14, 5, 24],
				"rotation": [10, 0, -10],
				"cubes": [
					{"origin": [-2.18088, 3.11003, 22.76324], "size": [1, 3, 0], "uv": [56, 100]}
				]
			},
			{
				"name": "bone111",
				"parent": "piece49",
				"pivot": [-14, 5, 24],
				"rotation": [10, 0, 10],
				"cubes": [
					{"origin": [-2.19887, 7.38529, 23.51709], "size": [1, 3, 0], "uv": [54, 100]}
				]
			},
			{
				"name": "piece50",
				"parent": "crystal7",
				"pivot": [-14, 5, 24],
				"rotation": [0, 90, 0]
			},
			{
				"name": "bone112",
				"parent": "piece50",
				"pivot": [-14, 5, 24],
				"rotation": [10, 0, -10],
				"cubes": [
					{"origin": [-14.10812, 2.94305, 35.82145], "size": [1, 3, 0], "uv": [52, 100]}
				]
			},
			{
				"name": "bone113",
				"parent": "piece50",
				"pivot": [-14, 5, 24],
				"rotation": [10, 0, 10],
				"cubes": [
					{"origin": [-14.12611, 3.07603, 35.8449], "size": [1, 3, 0], "uv": [50, 100]}
				]
			},
			{
				"name": "piece51",
				"parent": "crystal7",
				"pivot": [-14, 5, 24],
				"rotation": [0, -90, 0]
			},
			{
				"name": "bone114",
				"parent": "piece51",
				"pivot": [-14, 5, 24],
				"rotation": [10, 0, -10],
				"cubes": [
					{"origin": [-14.87389, 7.41724, 11.22465], "size": [1, 3, 0], "uv": [100, 43]}
				]
			},
			{
				"name": "bone115",
				"parent": "piece51",
				"pivot": [-14, 5, 24],
				"rotation": [10, 0, 10],
				"cubes": [
					{"origin": [-14.89188, 7.28427, 11.2012], "size": [1, 3, 0], "uv": [100, 40]}
				]
			},
			{
				"name": "piece52",
				"parent": "crystal7",
				"pivot": [-14, 5, 24],
				"rotation": [0, 180, 0]
			},
			{
				"name": "bone116",
				"parent": "piece52",
				"pivot": [-14, 5, 24],
				"rotation": [10, 0, -10],
				"cubes": [
					{"origin": [-26.80113, 7.25026, 24.28286], "size": [1, 3, 0], "uv": [100, 26]}
				]
			},
			{
				"name": "bone117",
				"parent": "piece52",
				"pivot": [-14, 5, 24],
				"rotation": [10, 0, 10],
				"cubes": [
					{"origin": [-26.81912, 2.975, 23.52902], "size": [1, 3, 0], "uv": [100, 23]}
				]
			},
			{
				"name": "piece53",
				"parent": "crystal7",
				"pivot": [-14, 5, 24],
				"rotation": [180, 0, 0]
			},
			{
				"name": "bone118",
				"parent": "piece53",
				"pivot": [-14, 5, 24],
				"rotation": [10, 0, -10],
				"cubes": [
					{"origin": [-3.19409, -2.68391, 22.5312], "size": [1, 3, 0], "uv": [100, 20]}
				]
			},
			{
				"name": "bone119",
				"parent": "piece53",
				"pivot": [-14, 5, 24],
				"rotation": [10, 0, 10],
				"cubes": [
					{"origin": [-1.18566, 1.59135, 23.28504], "size": [1, 3, 0], "uv": [20, 100]}
				]
			},
			{
				"name": "piece54",
				"parent": "crystal7",
				"pivot": [-14, 5, 24],
				"rotation": [180, -90, 0]
			},
			{
				"name": "bone120",
				"parent": "piece54",
				"pivot": [-14, 5, 24],
				"rotation": [10, 0, -10],
				"cubes": [
					{"origin": [-15.8871, -2.58289, 34.84708], "size": [1, 3, 0], "uv": [18, 100]}
				]
			},
			{
				"name": "bone121",
				"parent": "piece54",
				"pivot": [-14, 5, 24],
				"rotation": [10, 0, 10],
				"cubes": [
					{"origin": [-13.87867, -2.71586, 34.82364], "size": [1, 3, 0], "uv": [16, 100]}
				]
			},
			{
				"name": "piece55",
				"parent": "crystal7",
				"pivot": [-14, 5, 24],
				"rotation": [180, 180, 0]
			},
			{
				"name": "bone122",
				"parent": "piece55",
				"pivot": [-14, 5, 24],
				"rotation": [10, 0, -10],
				"cubes": [
					{"origin": [-27.81434, 1.72638, 22.51927], "size": [1, 3, 0], "uv": [14, 100]}
				]
			},
			{
				"name": "bone123",
				"parent": "piece55",
				"pivot": [-14, 5, 24],
				"rotation": [10, 0, 10],
				"cubes": [
					{"origin": [-25.80591, -2.54889, 21.76542], "size": [1, 3, 0], "uv": [12, 100]}
				]
			},
			{
				"name": "piece56",
				"parent": "crystal7",
				"pivot": [-14, 5, 24],
				"rotation": [180, 90, 0]
			},
			{
				"name": "bone124",
				"parent": "piece56",
				"pivot": [-14, 5, 24],
				"rotation": [10, 0, -10],
				"cubes": [
					{"origin": [-15.12133, 1.62535, 10.20338], "size": [1, 3, 0], "uv": [10, 100]}
				]
			},
			{
				"name": "bone125",
				"parent": "piece56",
				"pivot": [-14, 5, 24],
				"rotation": [10, 0, 10],
				"cubes": [
					{"origin": [-13.1129, 1.75833, 10.22683], "size": [1, 3, 0], "uv": [100, 8]}
				]
			},
			{
				"name": "wingRight",
				"pivot": [1, 16, 3],
				"rotation": [15, 60, 0]
			},
			{
				"name": "bone126",
				"parent": "wingRight",
				"pivot": [-10, 16, 3],
				"rotation": [-45, 0, 0],
				"cubes": [
					{"origin": [1, 15.64645, 3.35355], "size": [1, 1, 2], "uv": [54, 48]}
				]
			},
			{
				"name": "bone127",
				"parent": "wingRight",
				"pivot": [-10, 16, 3],
				"rotation": [-30, 0, 0],
				"cubes": [
					{"origin": [1, 15.04935, 5.18185], "size": [1, 1, 2], "uv": [18, 53]}
				]
			},
			{
				"name": "bone128",
				"parent": "wingRight",
				"pivot": [-10, 16, 3],
				"rotation": [-15, 0, 0],
				"cubes": [
					{"origin": [1, 13.9994, 6.79331], "size": [1, 1, 1], "uv": [40, 0]}
				]
			},
			{
				"name": "bone129",
				"parent": "wingRight",
				"pivot": [-10, 16, 3],
				"cubes": [
					{"origin": [1, 12.82697, 7.11219], "size": [1, 1, 2], "uv": [0, 53]}
				]
			},
			{
				"name": "bone130",
				"parent": "wingRight",
				"pivot": [-10, 16, 3],
				"rotation": [30, 0, 0],
				"cubes": [
					{"origin": [1, 10.19598, 6.7068], "size": [1, 1, 3], "uv": [24, 32]}
				]
			},
			{
				"name": "bone131",
				"parent": "wingRight",
				"pivot": [-10, 16, 3],
				"rotation": [60, 0, 0],
				"cubes": [
					{"origin": [1, 7.62017, 5.90624], "size": [1, 1, 4], "uv": [95, 15]}
				]
			},
			{
				"name": "bone132",
				"parent": "wingRight",
				"pivot": [-10, 16, 3],
				"rotation": [90, 0, 0],
				"cubes": [
					{"origin": [1, 5.28973, 4.79107], "size": [1, 1, 5], "uv": [40, 0]}
				]
			},
			{
				"name": "bone133",
				"parent": "wingRight",
				"pivot": [-10, 16, 3],
				"rotation": [150, 0, 0],
				"cubes": [
					{"origin": [1, 4.76363, -8.87983], "size": [1, 1, 8], "uv": [64, 35]}
				]
			},
			{
				"name": "bone134",
				"parent": "wingRight",
				"pivot": [-10, 16, 3],
				"rotation": [135, 0, 0],
				"cubes": [
					{"origin": [1, 2.07177, -11.56685], "size": [1, 1, 6], "uv": [10, 68]}
				]
			},
			{
				"name": "bone135",
				"parent": "wingRight",
				"pivot": [-10, 16, 3],
				"rotation": [120, 0, 0],
				"cubes": [
					{"origin": [1, -1.22381, -11.4656], "size": [1, 1, 4], "uv": [94, 93]}
				]
			},
			{
				"name": "bone136",
				"parent": "wingRight",
				"pivot": [-10, 16, 3],
				"rotation": [105, 0, 0],
				"cubes": [
					{"origin": [1, -4.3809, -10.51485], "size": [1, 1, 4], "uv": [93, 48]}
				]
			},
			{
				"name": "crystal8",
				"parent": "wingRight",
				"pivot": [-11, 6, 8],
				"cubes": [
					{"origin": [1.00003, 6.00706, 7.11121], "size": [1, 0, 1], "uv": [37, 32]},
					{"origin": [1.00101, 11.82597, 7.11118], "size": [1, 0, 1], "uv": [37, 18]}
				]
			},
			{
				"name": "piece57",
				"parent": "crystal8",
				"pivot": [-11, 6, 8]
			},
			{
				"name": "bone137",
				"parent": "piece57",
				"pivot": [-11, 6, 8],
				"rotation": [10, 0, -10],
				"cubes": [
					{"origin": [0.81912, 4.11003, 6.76324], "size": [1, 3, 0], "uv": [88, 99]}
				]
			},
			{
				"name": "bone138",
				"parent": "piece57",
				"pivot": [-11, 6, 8],
				"rotation": [10, 0, 10],
				"cubes": [
					{"origin": [0.80113, 8.38529, 7.51709], "size": [1, 3, 0], "uv": [86, 99]}
				]
			},
			{
				"name": "piece58",
				"parent": "crystal8",
				"pivot": [-11, 6, 8],
				"rotation": [0, 90, 0]
			},
			{
				"name": "bone139",
				"parent": "piece58",
				"pivot": [-11, 6, 8],
				"rotation": [10, 0, -10],
				"cubes": [
					{"origin": [-11.10812, 3.94305, 19.82145], "size": [1, 3, 0], "uv": [84, 99]}
				]
			},
			{
				"name": "bone140",
				"parent": "piece58",
				"pivot": [-11, 6, 8],
				"rotation": [10, 0, 10],
				"cubes": [
					{"origin": [-11.12611, 4.07603, 19.8449], "size": [1, 3, 0], "uv": [82, 99]}
				]
			},
			{
				"name": "piece59",
				"parent": "crystal8",
				"pivot": [-11, 6, 8],
				"rotation": [0, -90, 0]
			},
			{
				"name": "bone141",
				"parent": "piece59",
				"pivot": [-11, 6, 8],
				"rotation": [10, 0, -10],
				"cubes": [
					{"origin": [-11.87389, 8.41724, -4.77535], "size": [1, 3, 0], "uv": [99, 71]}
				]
			},
			{
				"name": "bone142",
				"parent": "piece59",
				"pivot": [-11, 6, 8],
				"rotation": [10, 0, 10],
				"cubes": [
					{"origin": [-11.89188, 8.28427, -4.7988], "size": [1, 3, 0], "uv": [99, 48]}
				]
			},
			{
				"name": "piece60",
				"parent": "crystal8",
				"pivot": [-11, 6, 8],
				"rotation": [0, 180, 0]
			},
			{
				"name": "bone143",
				"parent": "piece60",
				"pivot": [-11, 6, 8],
				"rotation": [10, 0, -10],
				"cubes": [
					{"origin": [-23.80113, 8.25026, 8.28286], "size": [1, 3, 0], "uv": [98, 98]}
				]
			},
			{
				"name": "bone144",
				"parent": "piece60",
				"pivot": [-11, 6, 8],
				"rotation": [10, 0, 10],
				"cubes": [
					{"origin": [-23.81912, 3.975, 7.52902], "size": [1, 3, 0], "uv": [96, 98]}
				]
			},
			{
				"name": "piece61",
				"parent": "crystal8",
				"pivot": [-11, 6, 8],
				"rotation": [180, 0, 0]
			},
			{
				"name": "bone145",
				"parent": "piece61",
				"pivot": [-11, 6, 8],
				"rotation": [10, 0, -10],
				"cubes": [
					{"origin": [-0.19409, -1.68391, 6.5312], "size": [1, 3, 0], "uv": [94, 98]}
				]
			},
			{
				"name": "bone146",
				"parent": "piece61",
				"pivot": [-11, 6, 8],
				"rotation": [10, 0, 10],
				"cubes": [
					{"origin": [1.81434, 2.59135, 7.28504], "size": [1, 3, 0], "uv": [98, 88]}
				]
			},
			{
				"name": "piece62",
				"parent": "crystal8",
				"pivot": [-11, 6, 8],
				"rotation": [180, -90, 0]
			},
			{
				"name": "bone147",
				"parent": "piece62",
				"pivot": [-11, 6, 8],
				"rotation": [10, 0, -10],
				"cubes": [
					{"origin": [-12.8871, -1.58289, 18.84708], "size": [1, 3, 0], "uv": [98, 79]}
				]
			},
			{
				"name": "bone148",
				"parent": "piece62",
				"pivot": [-11, 6, 8],
				"rotation": [10, 0, 10],
				"cubes": [
					{"origin": [-10.87867, -1.71586, 18.82364], "size": [1, 3, 0], "uv": [98, 76]}
				]
			},
			{
				"name": "piece63",
				"parent": "crystal8",
				"pivot": [-11, 6, 8],
				"rotation": [180, 180, 0]
			},
			{
				"name": "bone149",
				"parent": "piece63",
				"pivot": [-11, 6, 8],
				"rotation": [10, 0, -10],
				"cubes": [
					{"origin": [-24.81434, 2.72638, 6.51927], "size": [1, 3, 0], "uv": [98, 68]}
				]
			},
			{
				"name": "bone150",
				"parent": "piece63",
				"pivot": [-11, 6, 8],
				"rotation": [10, 0, 10],
				"cubes": [
					{"origin": [-22.80591, -1.54889, 5.76542], "size": [1, 3, 0], "uv": [64, 98]}
				]
			},
			{
				"name": "piece64",
				"parent": "crystal8",
				"pivot": [-11, 6, 8],
				"rotation": [180, 90, 0]
			},
			{
				"name": "bone151",
				"parent": "piece64",
				"pivot": [-11, 6, 8],
				"rotation": [10, 0, -10],
				"cubes": [
					{"origin": [-12.12133, 2.62535, -5.79662], "size": [1, 3, 0], "uv": [62, 98]}
				]
			},
			{
				"name": "bone152",
				"parent": "piece64",
				"pivot": [-11, 6, 8],
				"rotation": [10, 0, 10],
				"cubes": [
					{"origin": [-10.1129, 2.75833, -5.77317], "size": [1, 3, 0], "uv": [60, 98]}
				]
			},
			{
				"name": "crystal9",
				"parent": "wingRight",
				"pivot": [-11, 7, 11],
				"cubes": [
					{"origin": [1.00003, 7.00706, 10.11121], "size": [1, 0, 1], "uv": [29, 36]},
					{"origin": [1.00101, 12.82597, 10.11118], "size": [1, 0, 1], "uv": [27, 36]}
				]
			},
			{
				"name": "piece65",
				"parent": "crystal9",
				"pivot": [-11, 7, 11]
			},
			{
				"name": "bone153",
				"parent": "piece65",
				"pivot": [-11, 7, 11],
				"rotation": [10, 0, -10],
				"cubes": [
					{"origin": [0.81912, 5.11003, 9.76324], "size": [1, 3, 0], "uv": [98, 58]}
				]
			},
			{
				"name": "bone154",
				"parent": "piece65",
				"pivot": [-11, 7, 11],
				"rotation": [10, 0, 10],
				"cubes": [
					{"origin": [0.80113, 9.38529, 10.51709], "size": [1, 3, 0], "uv": [28, 98]}
				]
			},
			{
				"name": "piece66",
				"parent": "crystal9",
				"pivot": [-11, 7, 11],
				"rotation": [0, 90, 0]
			},
			{
				"name": "bone155",
				"parent": "piece66",
				"pivot": [-11, 7, 11],
				"rotation": [10, 0, -10],
				"cubes": [
					{"origin": [-11.10812, 4.94305, 22.82145], "size": [1, 3, 0], "uv": [26, 98]}
				]
			},
			{
				"name": "bone156",
				"parent": "piece66",
				"pivot": [-11, 7, 11],
				"rotation": [10, 0, 10],
				"cubes": [
					{"origin": [-11.12611, 5.07603, 22.8449], "size": [1, 3, 0], "uv": [24, 98]}
				]
			},
			{
				"name": "piece67",
				"parent": "crystal9",
				"pivot": [-11, 7, 11],
				"rotation": [0, -90, 0]
			},
			{
				"name": "bone157",
				"parent": "piece67",
				"pivot": [-11, 7, 11],
				"rotation": [10, 0, -10],
				"cubes": [
					{"origin": [-11.87389, 9.41724, -1.77535], "size": [1, 3, 0], "uv": [22, 98]}
				]
			},
			{
				"name": "bone158",
				"parent": "piece67",
				"pivot": [-11, 7, 11],
				"rotation": [10, 0, 10],
				"cubes": [
					{"origin": [-11.89188, 9.28427, -1.7988], "size": [1, 3, 0], "uv": [98, 20]}
				]
			},
			{
				"name": "piece68",
				"parent": "crystal9",
				"pivot": [-11, 7, 11],
				"rotation": [0, 180, 0]
			},
			{
				"name": "bone159",
				"parent": "piece68",
				"pivot": [-11, 7, 11],
				"rotation": [10, 0, -10],
				"cubes": [
					{"origin": [-23.80113, 9.25026, 11.28286], "size": [1, 3, 0], "uv": [92, 97]}
				]
			},
			{
				"name": "bone160",
				"parent": "piece68",
				"pivot": [-11, 7, 11],
				"rotation": [10, 0, 10],
				"cubes": [
					{"origin": [-23.81912, 4.975, 10.52902], "size": [1, 3, 0], "uv": [90, 97]}
				]
			},
			{
				"name": "piece69",
				"parent": "crystal9",
				"pivot": [-11, 7, 11],
				"rotation": [180, 0, 0]
			},
			{
				"name": "bone161",
				"parent": "piece69",
				"pivot": [-11, 7, 11],
				"rotation": [10, 0, -10],
				"cubes": [
					{"origin": [-0.19409, -0.68391, 9.5312], "size": [1, 3, 0], "uv": [97, 53]}
				]
			},
			{
				"name": "bone162",
				"parent": "piece69",
				"pivot": [-11, 7, 11],
				"rotation": [10, 0, 10],
				"cubes": [
					{"origin": [1.81434, 3.59135, 10.28504], "size": [1, 3, 0], "uv": [97, 15]}
				]
			},
			{
				"name": "piece70",
				"parent": "crystal9",
				"pivot": [-11, 7, 11],
				"rotation": [180, -90, 0]
			},
			{
				"name": "bone163",
				"parent": "piece70",
				"pivot": [-11, 7, 11],
				"rotation": [10, 0, -10],
				"cubes": [
					{"origin": [-12.8871, -0.58289, 21.84708], "size": [1, 3, 0], "uv": [2, 97]}
				]
			},
			{
				"name": "bone164",
				"parent": "piece70",
				"pivot": [-11, 7, 11],
				"rotation": [10, 0, 10],
				"cubes": [
					{"origin": [-10.87867, -0.71586, 21.82364], "size": [1, 3, 0], "uv": [0, 97]}
				]
			},
			{
				"name": "piece71",
				"parent": "crystal9",
				"pivot": [-11, 7, 11],
				"rotation": [180, 180, 0]
			},
			{
				"name": "bone165",
				"parent": "piece71",
				"pivot": [-11, 7, 11],
				"rotation": [10, 0, -10],
				"cubes": [
					{"origin": [-24.81434, 3.72638, 9.51927], "size": [1, 3, 0], "uv": [96, 88]}
				]
			},
			{
				"name": "bone166",
				"parent": "piece71",
				"pivot": [-11, 7, 11],
				"rotation": [10, 0, 10],
				"cubes": [
					{"origin": [-22.80591, -0.54889, 8.76542], "size": [1, 3, 0], "uv": [96, 76]}
				]
			},
			{
				"name": "piece72",
				"parent": "crystal9",
				"pivot": [-11, 7, 11],
				"rotation": [180, 90, 0]
			},
			{
				"name": "bone167",
				"parent": "piece72",
				"pivot": [-11, 7, 11],
				"rotation": [10, 0, -10],
				"cubes": [
					{"origin": [-12.12133, 3.62535, -2.79662], "size": [1, 3, 0], "uv": [96, 68]}
				]
			},
			{
				"name": "bone168",
				"parent": "piece72",
				"pivot": [-11, 7, 11],
				"rotation": [10, 0, 10],
				"cubes": [
					{"origin": [-10.1129, 3.75833, -2.77317], "size": [1, 3, 0], "uv": [64, 95]}
				]
			},
			{
				"name": "crystal10",
				"parent": "wingRight",
				"pivot": [-11, 10, 14],
				"cubes": [
					{"origin": [1.00003, 10.00706, 13.11121], "size": [1, 0, 1], "uv": [25, 36]},
					{"origin": [1.00101, 15.82597, 13.11118], "size": [1, 0, 1], "uv": [23, 36]}
				]
			},
			{
				"name": "piece73",
				"parent": "crystal10",
				"pivot": [-11, 10, 14]
			},
			{
				"name": "bone169",
				"parent": "piece73",
				"pivot": [-11, 10, 14],
				"rotation": [10, 0, -10],
				"cubes": [
					{"origin": [0.81912, 8.11003, 12.76324], "size": [1, 3, 0], "uv": [62, 95]}
				]
			},
			{
				"name": "bone170",
				"parent": "piece73",
				"pivot": [-11, 10, 14],
				"rotation": [10, 0, 10],
				"cubes": [
					{"origin": [0.80113, 12.38529, 13.51709], "size": [1, 3, 0], "uv": [60, 95]}
				]
			},
			{
				"name": "piece74",
				"parent": "crystal10",
				"pivot": [-11, 10, 14],
				"rotation": [0, 90, 0]
			},
			{
				"name": "bone171",
				"parent": "piece74",
				"pivot": [-11, 10, 14],
				"rotation": [10, 0, -10],
				"cubes": [
					{"origin": [-11.10812, 7.94305, 25.82145], "size": [1, 3, 0], "uv": [58, 95]}
				]
			},
			{
				"name": "bone172",
				"parent": "piece74",
				"pivot": [-11, 10, 14],
				"rotation": [10, 0, 10],
				"cubes": [
					{"origin": [-11.12611, 8.07603, 25.8449], "size": [1, 3, 0], "uv": [56, 95]}
				]
			},
			{
				"name": "piece75",
				"parent": "crystal10",
				"pivot": [-11, 10, 14],
				"rotation": [0, -90, 0]
			},
			{
				"name": "bone173",
				"parent": "piece75",
				"pivot": [-11, 10, 14],
				"rotation": [10, 0, -10],
				"cubes": [
					{"origin": [-11.87389, 12.41724, 1.22465], "size": [1, 3, 0], "uv": [95, 53]}
				]
			},
			{
				"name": "bone174",
				"parent": "piece75",
				"pivot": [-11, 10, 14],
				"rotation": [10, 0, 10],
				"cubes": [
					{"origin": [-11.89188, 12.28427, 1.2012], "size": [1, 3, 0], "uv": [52, 95]}
				]
			},
			{
				"name": "piece76",
				"parent": "crystal10",
				"pivot": [-11, 10, 14],
				"rotation": [0, 180, 0]
			},
			{
				"name": "bone175",
				"parent": "piece76",
				"pivot": [-11, 10, 14],
				"rotation": [10, 0, -10],
				"cubes": [
					{"origin": [-23.80113, 12.25026, 14.28286], "size": [1, 3, 0], "uv": [95, 15]}
				]
			},
			{
				"name": "bone176",
				"parent": "piece76",
				"pivot": [-11, 10, 14],
				"rotation": [10, 0, 10],
				"cubes": [
					{"origin": [-23.81912, 7.975, 13.52902], "size": [1, 3, 0], "uv": [94, 76]}
				]
			},
			{
				"name": "piece77",
				"parent": "crystal10",
				"pivot": [-11, 10, 14],
				"rotation": [180, 0, 0]
			},
			{
				"name": "bone177",
				"parent": "piece77",
				"pivot": [-11, 10, 14],
				"rotation": [10, 0, -10],
				"cubes": [
					{"origin": [-0.19409, 2.31609, 12.5312], "size": [1, 3, 0], "uv": [94, 68]}
				]
			},
			{
				"name": "bone178",
				"parent": "piece77",
				"pivot": [-11, 10, 14],
				"rotation": [10, 0, 10],
				"cubes": [
					{"origin": [1.81434, 6.59135, 13.28504], "size": [1, 3, 0], "uv": [50, 94]}
				]
			},
			{
				"name": "piece78",
				"parent": "crystal10",
				"pivot": [-11, 10, 14],
				"rotation": [180, -90, 0]
			},
			{
				"name": "bone179",
				"parent": "piece78",
				"pivot": [-11, 10, 14],
				"rotation": [10, 0, -10],
				"cubes": [
					{"origin": [-12.8871, 2.41711, 24.84708], "size": [1, 3, 0], "uv": [94, 48]}
				]
			},
			{
				"name": "bone180",
				"parent": "piece78",
				"pivot": [-11, 10, 14],
				"rotation": [10, 0, 10],
				"cubes": [
					{"origin": [-10.87867, 2.28414, 24.82364], "size": [1, 3, 0], "uv": [94, 8]}
				]
			},
			{
				"name": "piece79",
				"parent": "crystal10",
				"pivot": [-11, 10, 14],
				"rotation": [180, 180, 0]
			},
			{
				"name": "bone181",
				"parent": "piece79",
				"pivot": [-11, 10, 14],
				"rotation": [10, 0, -10],
				"cubes": [
					{"origin": [-24.81434, 6.72638, 12.51927], "size": [1, 3, 0], "uv": [2, 94]}
				]
			},
			{
				"name": "bone182",
				"parent": "piece79",
				"pivot": [-11, 10, 14],
				"rotation": [10, 0, 10],
				"cubes": [
					{"origin": [-22.80591, 2.45111, 11.76542], "size": [1, 3, 0], "uv": [0, 94]}
				]
			},
			{
				"name": "piece80",
				"parent": "crystal10",
				"pivot": [-11, 10, 14],
				"rotation": [180, 90, 0]
			},
			{
				"name": "bone183",
				"parent": "piece80",
				"pivot": [-11, 10, 14],
				"rotation": [10, 0, -10],
				"cubes": [
					{"origin": [-12.12133, 6.62535, 0.20338], "size": [1, 3, 0], "uv": [92, 48]}
				]
			},
			{
				"name": "bone184",
				"parent": "piece80",
				"pivot": [-11, 10, 14],
				"rotation": [10, 0, 10],
				"cubes": [
					{"origin": [-10.1129, 6.75833, 0.22683], "size": [1, 3, 0], "uv": [92, 32]}
				]
			},
			{
				"name": "crystal11",
				"parent": "wingRight",
				"pivot": [-11, 14, 16],
				"cubes": [
					{"origin": [1.00003, 14.00706, 15.11121], "size": [1, 0, 1], "uv": [28, 34]},
					{"origin": [1.00101, 19.82597, 15.11118], "size": [1, 0, 1], "uv": [31, 32]}
				]
			},
			{
				"name": "piece81",
				"parent": "crystal11",
				"pivot": [-11, 14, 16]
			},
			{
				"name": "bone185",
				"parent": "piece81",
				"pivot": [-11, 14, 16],
				"rotation": [10, 0, -10],
				"cubes": [
					{"origin": [0.81912, 12.11003, 14.76324], "size": [1, 3, 0], "uv": [92, 29]}
				]
			},
			{
				"name": "bone186",
				"parent": "piece81",
				"pivot": [-11, 14, 16],
				"rotation": [10, 0, 10],
				"cubes": [
					{"origin": [0.80113, 16.38529, 15.51709], "size": [1, 3, 0], "uv": [92, 3]}
				]
			},
			{
				"name": "piece82",
				"parent": "crystal11",
				"pivot": [-11, 14, 16],
				"rotation": [0, 90, 0]
			},
			{
				"name": "bone187",
				"parent": "piece82",
				"pivot": [-11, 14, 16],
				"rotation": [10, 0, -10],
				"cubes": [
					{"origin": [-11.10812, 11.94305, 27.82145], "size": [1, 3, 0], "uv": [92, 0]}
				]
			},
			{
				"name": "bone188",
				"parent": "piece82",
				"pivot": [-11, 14, 16],
				"rotation": [10, 0, 10],
				"cubes": [
					{"origin": [-11.12611, 12.07603, 27.8449], "size": [1, 3, 0], "uv": [90, 82]}
				]
			},
			{
				"name": "piece83",
				"parent": "crystal11",
				"pivot": [-11, 14, 16],
				"rotation": [0, -90, 0]
			},
			{
				"name": "bone189",
				"parent": "piece83",
				"pivot": [-11, 14, 16],
				"rotation": [10, 0, -10],
				"cubes": [
					{"origin": [-11.87389, 16.41724, 3.22465], "size": [1, 3, 0], "uv": [90, 63]}
				]
			},
			{
				"name": "bone190",
				"parent": "piece83",
				"pivot": [-11, 14, 16],
				"rotation": [10, 0, 10],
				"cubes": [
					{"origin": [-11.89188, 16.28427, 3.2012], "size": [1, 3, 0], "uv": [90, 60]}
				]
			},
			{
				"name": "piece84",
				"parent": "crystal11",
				"pivot": [-11, 14, 16],
				"rotation": [0, 180, 0]
			},
			{
				"name": "bone191",
				"parent": "piece84",
				"pivot": [-11, 14, 16],
				"rotation": [10, 0, -10],
				"cubes": [
					{"origin": [-23.80113, 16.25026, 16.28286], "size": [1, 3, 0], "uv": [90, 42]}
				]
			},
			{
				"name": "bone192",
				"parent": "piece84",
				"pivot": [-11, 14, 16],
				"rotation": [10, 0, 10],
				"cubes": [
					{"origin": [-23.81912, 11.975, 15.52902], "size": [1, 3, 0], "uv": [34, 90]}
				]
			},
			{
				"name": "piece85",
				"parent": "crystal11",
				"pivot": [-11, 14, 16],
				"rotation": [180, 0, 0]
			},
			{
				"name": "bone193",
				"parent": "piece85",
				"pivot": [-11, 14, 16],
				"rotation": [10, 0, -10],
				"cubes": [
					{"origin": [-0.19409, 6.31609, 14.5312], "size": [1, 3, 0], "uv": [32, 90]}
				]
			},
			{
				"name": "bone194",
				"parent": "piece85",
				"pivot": [-11, 14, 16],
				"rotation": [10, 0, 10],
				"cubes": [
					{"origin": [1.81434, 10.59135, 15.28504], "size": [1, 3, 0], "uv": [30, 90]}
				]
			},
			{
				"name": "piece86",
				"parent": "crystal11",
				"pivot": [-11, 14, 16],
				"rotation": [180, -90, 0]
			},
			{
				"name": "bone195",
				"parent": "piece86",
				"pivot": [-11, 14, 16],
				"rotation": [10, 0, -10],
				"cubes": [
					{"origin": [-12.8871, 6.41711, 26.84708], "size": [1, 3, 0], "uv": [90, 24]}
				]
			},
			{
				"name": "bone196",
				"parent": "piece86",
				"pivot": [-11, 14, 16],
				"rotation": [10, 0, 10],
				"cubes": [
					{"origin": [-10.87867, 6.28414, 26.82364], "size": [1, 3, 0], "uv": [89, 21]}
				]
			},
			{
				"name": "piece87",
				"parent": "crystal11",
				"pivot": [-11, 14, 16],
				"rotation": [180, 180, 0]
			},
			{
				"name": "bone197",
				"parent": "piece87",
				"pivot": [-11, 14, 16],
				"rotation": [10, 0, -10],
				"cubes": [
					{"origin": [-24.81434, 10.72638, 14.51927], "size": [1, 3, 0], "uv": [88, 63]}
				]
			},
			{
				"name": "bone198",
				"parent": "piece87",
				"pivot": [-11, 14, 16],
				"rotation": [10, 0, 10],
				"cubes": [
					{"origin": [-22.80591, 6.45111, 13.76542], "size": [1, 3, 0], "uv": [88, 60]}
				]
			},
			{
				"name": "piece88",
				"parent": "crystal11",
				"pivot": [-11, 14, 16],
				"rotation": [180, 90, 0]
			},
			{
				"name": "bone199",
				"parent": "piece88",
				"pivot": [-11, 14, 16],
				"rotation": [10, 0, -10],
				"cubes": [
					{"origin": [-12.12133, 10.62535, 2.20338], "size": [1, 3, 0], "uv": [26, 87]}
				]
			},
			{
				"name": "bone200",
				"parent": "piece88",
				"pivot": [-11, 14, 16],
				"rotation": [10, 0, 10],
				"cubes": [
					{"origin": [-10.1129, 10.75833, 2.22683], "size": [1, 3, 0], "uv": [24, 87]}
				]
			},
			{
				"name": "crystal12",
				"parent": "wingRight",
				"pivot": [-11, 12, 19],
				"cubes": [
					{"origin": [1.00003, 12.00706, 18.11121], "size": [1, 0, 1], "uv": [5, 30]},
					{"origin": [1.00101, 17.82597, 18.11118], "size": [1, 0, 1], "uv": [5, 29]}
				]
			},
			{
				"name": "piece89",
				"parent": "crystal12",
				"pivot": [-11, 12, 19]
			},
			{
				"name": "bone201",
				"parent": "piece89",
				"pivot": [-11, 12, 19],
				"rotation": [10, 0, -10],
				"cubes": [
					{"origin": [0.81912, 10.11003, 17.76324], "size": [1, 3, 0], "uv": [87, 21]}
				]
			},
			{
				"name": "bone202",
				"parent": "piece89",
				"pivot": [-11, 12, 19],
				"rotation": [10, 0, 10],
				"cubes": [
					{"origin": [0.80113, 14.38529, 18.51709], "size": [1, 3, 0], "uv": [52, 86]}
				]
			},
			{
				"name": "piece90",
				"parent": "crystal12",
				"pivot": [-11, 12, 19],
				"rotation": [0, 90, 0]
			},
			{
				"name": "bone203",
				"parent": "piece90",
				"pivot": [-11, 12, 19],
				"rotation": [10, 0, -10],
				"cubes": [
					{"origin": [-11.10812, 9.94305, 30.82145], "size": [1, 3, 0], "uv": [84, 76]}
				]
			},
			{
				"name": "bone204",
				"parent": "piece90",
				"pivot": [-11, 12, 19],
				"rotation": [10, 0, 10],
				"cubes": [
					{"origin": [-11.12611, 10.07603, 30.8449], "size": [1, 3, 0], "uv": [84, 52]}
				]
			},
			{
				"name": "piece91",
				"parent": "crystal12",
				"pivot": [-11, 12, 19],
				"rotation": [0, -90, 0]
			},
			{
				"name": "bone205",
				"parent": "piece91",
				"pivot": [-11, 12, 19],
				"rotation": [10, 0, -10],
				"cubes": [
					{"origin": [-11.87389, 14.41724, 6.22465], "size": [1, 3, 0], "uv": [83, 35]}
				]
			},
			{
				"name": "bone206",
				"parent": "piece91",
				"pivot": [-11, 12, 19],
				"rotation": [10, 0, 10],
				"cubes": [
					{"origin": [-11.89188, 14.28427, 6.2012], "size": [1, 3, 0], "uv": [83, 7]}
				]
			},
			{
				"name": "piece92",
				"parent": "crystal12",
				"pivot": [-11, 12, 19],
				"rotation": [0, 180, 0]
			},
			{
				"name": "bone207",
				"parent": "piece92",
				"pivot": [-11, 12, 19],
				"rotation": [10, 0, -10],
				"cubes": [
					{"origin": [-23.80113, 14.25026, 19.28286], "size": [1, 3, 0], "uv": [22, 81]}
				]
			},
			{
				"name": "bone208",
				"parent": "piece92",
				"pivot": [-11, 12, 19],
				"rotation": [10, 0, 10],
				"cubes": [
					{"origin": [-23.81912, 9.975, 18.52902], "size": [1, 3, 0], "uv": [22, 78]}
				]
			},
			{
				"name": "piece93",
				"parent": "crystal12",
				"pivot": [-11, 12, 19],
				"rotation": [180, 0, 0]
			},
			{
				"name": "bone209",
				"parent": "piece93",
				"pivot": [-11, 12, 19],
				"rotation": [10, 0, -10],
				"cubes": [
					{"origin": [-0.19409, 4.31609, 17.5312], "size": [1, 3, 0], "uv": [11, 77]}
				]
			},
			{
				"name": "bone210",
				"parent": "piece93",
				"pivot": [-11, 12, 19],
				"rotation": [10, 0, 10],
				"cubes": [
					{"origin": [1.81434, 8.59135, 18.28504], "size": [1, 3, 0], "uv": [9, 77]}
				]
			},
			{
				"name": "piece94",
				"parent": "crystal12",
				"pivot": [-11, 12, 19],
				"rotation": [180, -90, 0]
			},
			{
				"name": "bone211",
				"parent": "piece94",
				"pivot": [-11, 12, 19],
				"rotation": [10, 0, -10],
				"cubes": [
					{"origin": [-12.8871, 4.41711, 29.84708], "size": [1, 3, 0], "uv": [7, 77]}
				]
			},
			{
				"name": "bone212",
				"parent": "piece94",
				"pivot": [-11, 12, 19],
				"rotation": [10, 0, 10],
				"cubes": [
					{"origin": [-10.87867, 4.28414, 29.82364], "size": [1, 3, 0], "uv": [0, 77]}
				]
			},
			{
				"name": "piece95",
				"parent": "crystal12",
				"pivot": [-11, 12, 19],
				"rotation": [180, 180, 0]
			},
			{
				"name": "bone213",
				"parent": "piece95",
				"pivot": [-11, 12, 19],
				"rotation": [10, 0, -10],
				"cubes": [
					{"origin": [-24.81434, 8.72638, 17.51927], "size": [1, 3, 0], "uv": [76, 73]}
				]
			},
			{
				"name": "bone214",
				"parent": "piece95",
				"pivot": [-11, 12, 19],
				"rotation": [10, 0, 10],
				"cubes": [
					{"origin": [-22.80591, 4.45111, 16.76542], "size": [1, 3, 0], "uv": [76, 70]}
				]
			},
			{
				"name": "piece96",
				"parent": "crystal12",
				"pivot": [-11, 12, 19],
				"rotation": [180, 90, 0]
			},
			{
				"name": "bone215",
				"parent": "piece96",
				"pivot": [-11, 12, 19],
				"rotation": [10, 0, -10],
				"cubes": [
					{"origin": [-12.12133, 8.62535, 5.20338], "size": [1, 3, 0], "uv": [43, 76]}
				]
			},
			{
				"name": "bone216",
				"parent": "piece96",
				"pivot": [-11, 12, 19],
				"rotation": [10, 0, 10],
				"cubes": [
					{"origin": [-10.1129, 8.75833, 5.22683], "size": [1, 3, 0], "uv": [36, 76]}
				]
			},
			{
				"name": "crystal13",
				"parent": "wingRight",
				"pivot": [-11, 9, 22],
				"cubes": [
					{"origin": [1.00003, 9.00706, 21.11121], "size": [1, 0, 1], "uv": [8, 20]},
					{"origin": [1.00101, 14.82597, 21.11118], "size": [1, 0, 1], "uv": [6, 20]}
				]
			},
			{
				"name": "piece97",
				"parent": "crystal13",
				"pivot": [-11, 9, 22]
			},
			{
				"name": "bone217",
				"parent": "piece97",
				"pivot": [-11, 9, 22],
				"rotation": [10, 0, -10],
				"cubes": [
					{"origin": [0.81912, 7.11003, 20.76324], "size": [1, 3, 0], "uv": [76, 9]}
				]
			},
			{
				"name": "bone218",
				"parent": "piece97",
				"pivot": [-11, 9, 22],
				"rotation": [10, 0, 10],
				"cubes": [
					{"origin": [0.80113, 11.38529, 21.51709], "size": [1, 3, 0], "uv": [21, 75]}
				]
			},
			{
				"name": "piece98",
				"parent": "crystal13",
				"pivot": [-11, 9, 22],
				"rotation": [0, 90, 0]
			},
			{
				"name": "bone219",
				"parent": "piece98",
				"pivot": [-11, 9, 22],
				"rotation": [10, 0, -10],
				"cubes": [
					{"origin": [-11.10812, 6.94305, 33.82145], "size": [1, 3, 0], "uv": [19, 75]}
				]
			},
			{
				"name": "bone220",
				"parent": "piece98",
				"pivot": [-11, 9, 22],
				"rotation": [10, 0, 10],
				"cubes": [
					{"origin": [-11.12611, 7.07603, 33.8449], "size": [1, 3, 0], "uv": [75, 0]}
				]
			},
			{
				"name": "piece99",
				"parent": "crystal13",
				"pivot": [-11, 9, 22],
				"rotation": [0, -90, 0]
			},
			{
				"name": "bone221",
				"parent": "piece99",
				"pivot": [-11, 9, 22],
				"rotation": [10, 0, -10],
				"cubes": [
					{"origin": [-11.87389, 11.41724, 9.22465], "size": [1, 3, 0], "uv": [74, 35]}
				]
			},
			{
				"name": "bone222",
				"parent": "piece99",
				"pivot": [-11, 9, 22],
				"rotation": [10, 0, 10],
				"cubes": [
					{"origin": [-11.89188, 11.28427, 9.2012], "size": [1, 3, 0], "uv": [74, 9]}
				]
			},
			{
				"name": "piece100",
				"parent": "crystal13",
				"pivot": [-11, 9, 22],
				"rotation": [0, 180, 0]
			},
			{
				"name": "bone223",
				"parent": "piece100",
				"pivot": [-11, 9, 22],
				"rotation": [10, 0, -10],
				"cubes": [
					{"origin": [-23.80113, 11.25026, 22.28286], "size": [1, 3, 0], "uv": [72, 73]}
				]
			},
			{
				"name": "bone224",
				"parent": "piece100",
				"pivot": [-11, 9, 22],
				"rotation": [10, 0, 10],
				"cubes": [
					{"origin": [-23.81912, 6.975, 21.52902], "size": [1, 3, 0], "uv": [70, 73]}
				]
			},
			{
				"name": "piece101",
				"parent": "crystal13",
				"pivot": [-11, 9, 22],
				"rotation": [180, 0, 0]
			},
			{
				"name": "bone225",
				"parent": "piece101",
				"pivot": [-11, 9, 22],
				"rotation": [10, 0, -10],
				"cubes": [
					{"origin": [-0.19409, 1.31609, 20.5312], "size": [1, 3, 0], "uv": [68, 73]}
				]
			},
			{
				"name": "bone226",
				"parent": "piece101",
				"pivot": [-11, 9, 22],
				"rotation": [10, 0, 10],
				"cubes": [
					{"origin": [1.81434, 5.59135, 21.28504], "size": [1, 3, 0], "uv": [72, 70]}
				]
			},
			{
				"name": "piece102",
				"parent": "crystal13",
				"pivot": [-11, 9, 22],
				"rotation": [180, -90, 0]
			},
			{
				"name": "bone227",
				"parent": "piece102",
				"pivot": [-11, 9, 22],
				"rotation": [10, 0, -10],
				"cubes": [
					{"origin": [-12.8871, 1.41711, 32.84708], "size": [1, 3, 0], "uv": [22, 71]}
				]
			},
			{
				"name": "bone228",
				"parent": "piece102",
				"pivot": [-11, 9, 22],
				"rotation": [10, 0, 10],
				"cubes": [
					{"origin": [-10.87867, 1.28414, 32.82364], "size": [1, 3, 0], "uv": [20, 71]}
				]
			},
			{
				"name": "piece103",
				"parent": "crystal13",
				"pivot": [-11, 9, 22],
				"rotation": [180, 180, 0]
			},
			{
				"name": "bone229",
				"parent": "piece103",
				"pivot": [-11, 9, 22],
				"rotation": [10, 0, -10],
				"cubes": [
					{"origin": [-24.81434, 5.72638, 20.51927], "size": [1, 3, 0], "uv": [18, 71]}
				]
			},
			{
				"name": "bone230",
				"parent": "piece103",
				"pivot": [-11, 9, 22],
				"rotation": [10, 0, 10],
				"cubes": [
					{"origin": [-22.80591, 1.45111, 19.76542], "size": [1, 3, 0], "uv": [70, 70]}
				]
			},
			{
				"name": "piece104",
				"parent": "crystal13",
				"pivot": [-11, 9, 22],
				"rotation": [180, 90, 0]
			},
			{
				"name": "bone231",
				"parent": "piece104",
				"pivot": [-11, 9, 22],
				"rotation": [10, 0, -10],
				"cubes": [
					{"origin": [-12.12133, 5.62535, 8.20338], "size": [1, 3, 0], "uv": [68, 70]}
				]
			},
			{
				"name": "bone232",
				"parent": "piece104",
				"pivot": [-11, 9, 22],
				"rotation": [10, 0, 10],
				"cubes": [
					{"origin": [-10.1129, 5.75833, 8.22683], "size": [1, 3, 0], "uv": [14, 70]}
				]
			},
			{
				"name": "crystal14",
				"parent": "wingRight",
				"pivot": [-11, 5, 24],
				"cubes": [
					{"origin": [1.00003, 5.00706, 23.11121], "size": [1, 0, 1], "uv": [3, 1]},
					{"origin": [1.00101, 10.82597, 23.11118], "size": [1, 0, 1], "uv": [3, 0]}
				]
			},
			{
				"name": "piece105",
				"parent": "crystal14",
				"pivot": [-11, 5, 24]
			},
			{
				"name": "bone233",
				"parent": "piece105",
				"pivot": [-11, 5, 24],
				"rotation": [10, 0, -10],
				"cubes": [
					{"origin": [0.81912, 3.11003, 22.76324], "size": [1, 3, 0], "uv": [12, 70]}
				]
			},
			{
				"name": "bone234",
				"parent": "piece105",
				"pivot": [-11, 5, 24],
				"rotation": [10, 0, 10],
				"cubes": [
					{"origin": [0.80113, 7.38529, 23.51709], "size": [1, 3, 0], "uv": [10, 70]}
				]
			},
			{
				"name": "piece106",
				"parent": "crystal14",
				"pivot": [-11, 5, 24],
				"rotation": [0, 90, 0]
			},
			{
				"name": "bone235",
				"parent": "piece106",
				"pivot": [-11, 5, 24],
				"rotation": [10, 0, -10],
				"cubes": [
					{"origin": [-11.10812, 2.94305, 35.82145], "size": [1, 3, 0], "uv": [22, 68]}
				]
			},
			{
				"name": "bone236",
				"parent": "piece106",
				"pivot": [-11, 5, 24],
				"rotation": [10, 0, 10],
				"cubes": [
					{"origin": [-11.12611, 3.07603, 35.8449], "size": [1, 3, 0], "uv": [20, 68]}
				]
			},
			{
				"name": "piece107",
				"parent": "crystal14",
				"pivot": [-11, 5, 24],
				"rotation": [0, -90, 0]
			},
			{
				"name": "bone237",
				"parent": "piece107",
				"pivot": [-11, 5, 24],
				"rotation": [10, 0, -10],
				"cubes": [
					{"origin": [-11.87389, 7.41724, 11.22465], "size": [1, 3, 0], "uv": [80, 125]}
				]
			},
			{
				"name": "bone238",
				"parent": "piece107",
				"pivot": [-11, 5, 24],
				"rotation": [10, 0, 10],
				"cubes": [
					{"origin": [-11.89188, 7.28427, 11.2012], "size": [1, 3, 0], "uv": [126, 80]}
				]
			},
			{
				"name": "piece108",
				"parent": "crystal14",
				"pivot": [-11, 5, 24],
				"rotation": [0, 180, 0]
			},
			{
				"name": "bone239",
				"parent": "piece108",
				"pivot": [-11, 5, 24],
				"rotation": [10, 0, -10],
				"cubes": [
					{"origin": [-23.80113, 7.25026, 24.28286], "size": [1, 3, 0], "uv": [126, 125]}
				]
			},
			{
				"name": "bone240",
				"parent": "piece108",
				"pivot": [-11, 5, 24],
				"rotation": [10, 0, 10],
				"cubes": [
					{"origin": [-23.81912, 2.975, 23.52902], "size": [1, 3, 0], "uv": [123, 122]}
				]
			},
			{
				"name": "piece109",
				"parent": "crystal14",
				"pivot": [-11, 5, 24],
				"rotation": [180, 0, 0]
			},
			{
				"name": "bone241",
				"parent": "piece109",
				"pivot": [-11, 5, 24],
				"rotation": [10, 0, -10],
				"cubes": [
					{"origin": [-0.19409, -2.68391, 22.5312], "size": [1, 3, 0], "uv": [56, 35]}
				]
			},
			{
				"name": "bone242",
				"parent": "piece109",
				"pivot": [-11, 5, 24],
				"rotation": [10, 0, 10],
				"cubes": [
					{"origin": [1.81434, 1.59135, 23.28504], "size": [1, 3, 0], "uv": [56, 32]}
				]
			},
			{
				"name": "piece110",
				"parent": "crystal14",
				"pivot": [-11, 5, 24],
				"rotation": [180, -90, 0]
			},
			{
				"name": "bone243",
				"parent": "piece110",
				"pivot": [-11, 5, 24],
				"rotation": [10, 0, -10],
				"cubes": [
					{"origin": [-12.8871, -2.58289, 34.84708], "size": [1, 3, 0], "uv": [28, 56]}
				]
			},
			{
				"name": "bone244",
				"parent": "piece110",
				"pivot": [-11, 5, 24],
				"rotation": [10, 0, 10],
				"cubes": [
					{"origin": [-10.87867, -2.71586, 34.82364], "size": [1, 3, 0], "uv": [36, 53]}
				]
			},
			{
				"name": "piece111",
				"parent": "crystal14",
				"pivot": [-11, 5, 24],
				"rotation": [180, 180, 0]
			},
			{
				"name": "bone245",
				"parent": "piece111",
				"pivot": [-11, 5, 24],
				"rotation": [10, 0, -10],
				"cubes": [
					{"origin": [-24.81434, 1.72638, 22.51927], "size": [1, 3, 0], "uv": [125, 41]}
				]
			},
			{
				"name": "bone246",
				"parent": "piece111",
				"pivot": [-11, 5, 24],
				"rotation": [10, 0, 10],
				"cubes": [
					{"origin": [-22.80591, -2.54889, 21.76542], "size": [1, 3, 0], "uv": [123, 41]}
				]
			},
			{
				"name": "piece112",
				"parent": "crystal14",
				"pivot": [-11, 5, 24],
				"rotation": [180, 90, 0]
			},
			{
				"name": "bone247",
				"parent": "piece112",
				"pivot": [-11, 5, 24],
				"rotation": [10, 0, -10],
				"cubes": [
					{"origin": [-12.12133, 1.62535, 10.20338], "size": [1, 3, 0], "uv": [24, 32]}
				]
			},
			{
				"name": "bone248",
				"parent": "piece112",
				"pivot": [-11, 5, 24],
				"rotation": [10, 0, 10],
				"cubes": [
					{"origin": [-10.1129, 1.75833, 10.22683], "size": [1, 3, 0], "uv": [0, 18]}
				]
			}
		]
	}
}