{
	"format_version": "1.10.0",
	"geometry.model": {
		"texturewidth": 128,
		"textureheight": 128,
		"visible_bounds_width": 4,
		"visible_bounds_height": 4,
		"visible_bounds_offset": [0, 1, 0],
		"bones": [
			{
				"name": "head",
				"pivot": [0, 18, 0],
				"cubes": [
					{"origin": [-4, 18, -4], "size": [8, 8, 8], "uv": [46, 0]},
					{"origin": [-4, 18, -4], "size": [8, 8, 8], "uv": [34, 36], "inflate": 0.1}
				]
			},
			{
				"name": "blink",
				"parent": "head",
				"pivot": [0, 18, 0],
				"cubes": [
					{"origin": [-4, 18, -4.001], "size": [8, 8, 0], "uv": [0, 78]}
				]
			},
			{
				"name": "les",
				"parent": "head",
				"pivot": [0, 18, 0],
				"cubes": [
					{"origin": [-4.5, 25.5, -1], "size": [9, 1, 1], "uv": [24, 60]},
					{"origin": [-2.5, 26, 0], "size": [5, 1, 0], "uv": [40, 5]},
					{"origin": [2.5, 25.75, -1], "size": [1, 1, 1], "uv": [50, 1]},
					{"origin": [0.5, 26, -1], "size": [1, 1, 1], "uv": [49, 5]},
					{"origin": [-1.5, 26, -1], "size": [1, 1, 1], "uv": [48, 32]},
					{"origin": [-3.5, 25.75, -1], "size": [1, 1, 1], "uv": [48, 30]},
					{"origin": [-4.75, 18.5, -1.001], "size": [1, 1, 1], "uv": [47, 34]},
					{"origin": [-5.25, 20.5, -1], "size": [2, 1, 1], "uv": [36, 40]},
					{"origin": [-5.25, 22.5, -1], "size": [2, 1, 1], "uv": [40, 18]},
					{"origin": [-5, 19.5, -0.001], "size": [1, 5, 0], "uv": [46, 30]},
					{"origin": [-4.75, 24.5, -1], "size": [1, 1, 1], "uv": [47, 0]},
					{"origin": [3.75, 18.5, -1.001], "size": [1, 1, 1], "uv": [46, 6]},
					{"origin": [3.25, 20.5, -1], "size": [2, 1, 1], "uv": [34, 36]},
					{"origin": [3.25, 22.5, -1], "size": [2, 1, 1], "uv": [0, 4]},
					{"origin": [4, 19.5, -0.001], "size": [1, 5, 0], "uv": [46, 23]},
					{"origin": [3.75, 24.5, -1], "size": [1, 1, 1], "uv": [38, 42]}
				]
			},
			{
				"name": "braidRight",
				"parent": "head",
				"pivot": [-4, 18, -4],
				"rotation": [-40, 45, 0]
			},
			{
				"name": "bone87",
				"parent": "braidRight",
				"pivot": [-4, 7.84736, 11.90358],
				"rotation": [0, -135, 0],
				"cubes": [
					{"origin": [-14.24553, 15, 21.14911], "size": [1, 0.5, 1], "uv": [124, 105]},
					{"origin": [-15.24553, 17, 22.14911], "size": [1, 0.5, 1], "uv": [83, 126]},
					{"origin": [-16.24553, 19, 23.14911], "size": [1, 0.5, 1], "uv": [122, 123]},
					{"origin": [-14.49553, 15.5, 21.39911], "size": [1, 0.5, 1], "uv": [122, 122]},
					{"origin": [-15.49553, 17.5, 22.39911], "size": [1, 0.5, 1], "uv": [122, 108]},
					{"origin": [-16.49553, 19.5, 23.39911], "size": [1, 0.5, 1], "uv": [122, 105]},
					{"origin": [-14.74553, 16, 21.64911], "size": [1, 0.5, 1], "uv": [86, 124]},
					{"origin": [-15.74553, 18, 22.64911], "size": [1, 0.5, 1], "uv": [122, 87]},
					{"origin": [-16.74553, 20, 23.64911], "size": [1, 0.5, 1], "uv": [122, 86]},
					{"origin": [-14.99553, 16.5, 21.89911], "size": [1, 0.5, 1], "uv": [122, 85]},
					{"origin": [-15.99553, 18.5, 22.89911], "size": [1, 0.5, 1], "uv": [121, 121]},
					{"origin": [-16.99553, 20.5, 23.89911], "size": [1, 0.5, 1], "uv": [118, 123]}
				]
			},
			{
				"name": "decoration",
				"parent": "head",
				"pivot": [0, 10, 0],
				"rotation": [0, 45, 0]
			},
			{
				"name": "bone94",
				"parent": "decoration",
				"pivot": [0, 10, -10.5],
				"rotation": [0, 0, -10],
				"cubes": [
					{"origin": [0.11073, 16.29924, -7.07936], "size": [1, 1, 1], "uv": [34, 42]},
					{"origin": [1.11073, 15.29924, -6.57936], "size": [1, 1, 0], "uv": [0, 19]}
				]
			},
			{
				"name": "bone95",
				"parent": "decoration",
				"pivot": [0, 10, -10.5],
				"rotation": [0, 0, 10],
				"cubes": [
					{"origin": [-1.11073, 16.29924, -7.07936], "size": [1, 1, 1], "uv": [31, 41]},
					{"origin": [-2.11073, 15.29924, -6.57936], "size": [1, 1, 0], "uv": [0, 18]}
				]
			},
			{
				"name": "armRight",
				"pivot": [-3, 17.5, 0],
				"rotation": [0, 0, 25],
				"cubes": [
					{"origin": [-5, 8.5, -1], "size": [2, 8, 2], "uv": [36, 86]},
					{"origin": [-5.5, 9.5, -1.5], "size": [3, 8, 3], "uv": [16, 78], "inflate": -0.2}
				]
			},
			{
				"name": "armLeft",
				"pivot": [3, 17.5, 0],
				"rotation": [0, 0, -25],
				"cubes": [
					{"origin": [2.5, 9.5, -1.5], "size": [3, 8, 3], "uv": [78, 7], "inflate": -0.2},
					{"origin": [3, 8.5, -1], "size": [2, 8, 2], "uv": [28, 84]}
				]
			},
			{
				"name": "body",
				"pivot": [0, 10.5, 0],
				"cubes": [
					{"origin": [-3, 8.999, -3], "size": [6, 9, 6], "uv": [58, 76]},
					{"origin": [-3, 8.999, -3], "size": [6, 9, 6], "uv": [34, 71], "inflate": 0.1},
					{"origin": [-3, 11.999, -3], "size": [6, 1, 6], "uv": [70, 0], "inflate": 0.2}
				]
			},
			{
				"name": "sittingRotationSkirt",
				"parent": "body",
				"pivot": [0, 10.5, 0]
			},
			{
				"name": "bone",
				"parent": "sittingRotationSkirt",
				"pivot": [0, 15.5, 0]
			},
			{
				"name": "bone2",
				"parent": "bone",
				"pivot": [0, 5, 0]
			},
			{
				"name": "bone3",
				"parent": "bone2",
				"pivot": [0, 5, 6.19607],
				"rotation": [33, 0, 0]
			},
			{
				"name": "bone4",
				"parent": "bone3",
				"pivot": [0, 5, 6.19607],
				"rotation": [0, -45, 0],
				"cubes": [
					{"origin": [-1, 5, 5.19607], "size": [2, 7, 2], "uv": [16, 98]}
				]
			},
			{
				"name": "bone5",
				"parent": "bone",
				"pivot": [0, 5, 0],
				"rotation": [0, -25.71429, 0]
			},
			{
				"name": "bone6",
				"parent": "bone5",
				"pivot": [0, 5, 6.19607],
				"rotation": [33, 0, 0]
			},
			{
				"name": "bone7",
				"parent": "bone6",
				"pivot": [0, 5, 6.19607],
				"rotation": [0, -45, 0],
				"cubes": [
					{"origin": [-1, 5, 5.19607], "size": [2, 7, 2], "uv": [98, 9]}
				]
			},
			{
				"name": "bone8",
				"parent": "bone",
				"pivot": [0, 5, 0],
				"rotation": [0, -51.42857, 0]
			},
			{
				"name": "bone9",
				"parent": "bone8",
				"pivot": [0, 5, 6.19607],
				"rotation": [33, 0, 0]
			},
			{
				"name": "bone10",
				"parent": "bone9",
				"pivot": [0, 5, 6.19607],
				"rotation": [0, -45, 0],
				"cubes": [
					{"origin": [-1, 5, 5.19607], "size": [2, 7, 2], "uv": [0, 97]}
				]
			},
			{
				"name": "bone11",
				"parent": "bone",
				"pivot": [0, 5, 0],
				"rotation": [0, -77.14286, 0]
			},
			{
				"name": "bone12",
				"parent": "bone11",
				"pivot": [0, 5, 6.19607],
				"rotation": [33, 0, 0]
			},
			{
				"name": "bone13",
				"parent": "bone12",
				"pivot": [0, 5, 6.19607],
				"rotation": [0, -45, 0],
				"cubes": [
					{"origin": [-1, 5, 5.19607], "size": [2, 7, 2], "uv": [96, 92]}
				]
			},
			{
				"name": "bone14",
				"parent": "bone",
				"pivot": [0, 5, 0],
				"rotation": [0, -102.85714, 0]
			},
			{
				"name": "bone15",
				"parent": "bone14",
				"pivot": [0, 5, 6.19607],
				"rotation": [33, 0, 0]
			},
			{
				"name": "bone16",
				"parent": "bone15",
				"pivot": [0, 5, 6.19607],
				"rotation": [0, -45, 0],
				"cubes": [
					{"origin": [-1, 5, 5.19607], "size": [2, 7, 2], "uv": [96, 78]}
				]
			},
			{
				"name": "bone17",
				"parent": "bone",
				"pivot": [0, 5, 0],
				"rotation": [0, -128.57143, 0]
			},
			{
				"name": "bone18",
				"parent": "bone17",
				"pivot": [0, 5, 6.19607],
				"rotation": [33, 0, 0]
			},
			{
				"name": "bone19",
				"parent": "bone18",
				"pivot": [0, 5, 6.19607],
				"rotation": [0, -45, 0],
				"cubes": [
					{"origin": [-1, 5, 5.19607], "size": [2, 7, 2], "uv": [34, 96]}
				]
			},
			{
				"name": "bone20",
				"parent": "bone",
				"pivot": [0, 5, 0],
				"rotation": [0, -154.28571, 0]
			},
			{
				"name": "bone21",
				"parent": "bone20",
				"pivot": [0, 5, 6.19607],
				"rotation": [33, 0, 0]
			},
			{
				"name": "bone22",
				"parent": "bone21",
				"pivot": [0, 5, 6.19607],
				"rotation": [0, -45, 0],
				"cubes": [
					{"origin": [-1, 5, 5.19607], "size": [2, 7, 2], "uv": [8, 96]}
				]
			},
			{
				"name": "bone23",
				"parent": "bone",
				"pivot": [0, 5, 0],
				"rotation": [0, -180, 0]
			},
			{
				"name": "bone24",
				"parent": "bone23",
				"pivot": [0, 5, 6.19607],
				"rotation": [33, 0, 0]
			},
			{
				"name": "bone25",
				"parent": "bone24",
				"pivot": [0, 5, 6.19607],
				"rotation": [0, -45, 0],
				"cubes": [
					{"origin": [-1, 5, 5.19607], "size": [2, 7, 2], "uv": [96, 0]}
				]
			},
			{
				"name": "bone26",
				"parent": "bone",
				"pivot": [0, 5, 0],
				"rotation": [0, -205.71429, 0]
			},
			{
				"name": "bone27",
				"parent": "bone26",
				"pivot": [0, 5, 6.19607],
				"rotation": [33, 0, 0]
			},
			{
				"name": "bone28",
				"parent": "bone27",
				"pivot": [0, 5, 6.19607],
				"rotation": [0, -45, 0],
				"cubes": [
					{"origin": [-1, 5, 5.19607], "size": [2, 7, 2], "uv": [42, 95]}
				]
			},
			{
				"name": "bone29",
				"parent": "bone",
				"pivot": [0, 5, 0],
				"rotation": [0, -231.42857, 0]
			},
			{
				"name": "bone30",
				"parent": "bone29",
				"pivot": [0, 5, 6.19607],
				"rotation": [33, 0, 0]
			},
			{
				"name": "bone31",
				"parent": "bone30",
				"pivot": [0, 5, 6.19607],
				"rotation": [0, -45, 0]
			},
			{
				"name": "bone32",
				"parent": "bone",
				"pivot": [0, 5, 0],
				"rotation": [0, -257.14286, 0]
			},
			{
				"name": "bone33",
				"parent": "bone32",
				"pivot": [0, 5, 6.19607],
				"rotation": [33, 0, 0]
			},
			{
				"name": "bone34",
				"parent": "bone33",
				"pivot": [0, 5, 6.19607],
				"rotation": [0, -45, 0]
			},
			{
				"name": "bone35",
				"parent": "bone",
				"pivot": [0, 5, 0],
				"rotation": [0, -282.85714, 0]
			},
			{
				"name": "bone36",
				"parent": "bone35",
				"pivot": [0, 5, 6.19607],
				"rotation": [33, 0, 0]
			},
			{
				"name": "bone37",
				"parent": "bone36",
				"pivot": [0, 5, 6.19607],
				"rotation": [0, -45, 0]
			},
			{
				"name": "bone38",
				"parent": "bone",
				"pivot": [0, 5, 0],
				"rotation": [0, -308.57143, 0]
			},
			{
				"name": "bone39",
				"parent": "bone38",
				"pivot": [0, 5, 6.19607],
				"rotation": [33, 0, 0]
			},
			{
				"name": "bone40",
				"parent": "bone39",
				"pivot": [0, 5, 6.19607],
				"rotation": [0, -45, 0]
			},
			{
				"name": "bone41",
				"parent": "bone",
				"pivot": [0, 5, 0],
				"rotation": [0, -334.28571, 0]
			},
			{
				"name": "bone42",
				"parent": "bone41",
				"pivot": [0, 5, 6.19607],
				"rotation": [33, 0, 0]
			},
			{
				"name": "bone43",
				"parent": "bone42",
				"pivot": [0, 5, 6.19607],
				"rotation": [0, -45, 0],
				"cubes": [
					{"origin": [-1, 5, 5.19607], "size": [2, 7, 2], "uv": [94, 36]}
				]
			},
			{
				"name": "bone44",
				"parent": "sittingRotationSkirt",
				"pivot": [0, 14.5, 0]
			},
			{
				"name": "bone45",
				"parent": "bone44",
				"pivot": [0, 4, 0]
			},
			{
				"name": "bone46",
				"parent": "bone45",
				"pivot": [0, 4, 6.19607],
				"rotation": [33, 0, 0]
			},
			{
				"name": "bone47",
				"parent": "bone46",
				"pivot": [0, 4, 6.19607],
				"rotation": [0, -45, 0],
				"cubes": [
					{"origin": [-1, 4, 5.19607], "size": [2, 7, 2], "uv": [26, 94]}
				]
			},
			{
				"name": "bone48",
				"parent": "bone44",
				"pivot": [0, 4, 0],
				"rotation": [0, -25.71429, 0]
			},
			{
				"name": "bone49",
				"parent": "bone48",
				"pivot": [0, 4, 6.19607],
				"rotation": [33, 0, 0]
			},
			{
				"name": "bone50",
				"parent": "bone49",
				"pivot": [0, 4, 6.19607],
				"rotation": [0, -45, 0],
				"cubes": [
					{"origin": [-1, 4, 5.19607], "size": [2, 7, 2], "uv": [92, 69]}
				]
			},
			{
				"name": "bone51",
				"parent": "bone44",
				"pivot": [0, 4, 0],
				"rotation": [0, -51.42857, 0]
			},
			{
				"name": "bone52",
				"parent": "bone51",
				"pivot": [0, 4, 6.19607],
				"rotation": [33, 0, 0]
			},
			{
				"name": "bone53",
				"parent": "bone52",
				"pivot": [0, 4, 6.19607],
				"rotation": [0, -45, 0],
				"cubes": [
					{"origin": [-1, 4, 5.19607], "size": [2, 7, 2], "uv": [68, 91]}
				]
			},
			{
				"name": "bone54",
				"parent": "bone44",
				"pivot": [0, 4, 0],
				"rotation": [0, -77.14286, 0]
			},
			{
				"name": "bone55",
				"parent": "bone54",
				"pivot": [0, 4, 6.19607],
				"rotation": [33, 0, 0]
			},
			{
				"name": "bone56",
				"parent": "bone55",
				"pivot": [0, 4, 6.19607],
				"rotation": [0, -45, 0],
				"cubes": [
					{"origin": [-1, 4, 5.19607], "size": [2, 7, 2], "uv": [60, 91]}
				]
			},
			{
				"name": "bone57",
				"parent": "bone44",
				"pivot": [0, 4, 0],
				"rotation": [0, -102.85714, 0]
			},
			{
				"name": "bone58",
				"parent": "bone57",
				"pivot": [0, 4, 6.19607],
				"rotation": [33, 0, 0]
			},
			{
				"name": "bone59",
				"parent": "bone58",
				"pivot": [0, 4, 6.19607],
				"rotation": [0, -45, 0],
				"cubes": [
					{"origin": [-1, 4, 5.19607], "size": [2, 7, 2], "uv": [91, 16]}
				]
			},
			{
				"name": "bone60",
				"parent": "bone44",
				"pivot": [0, 4, 0],
				"rotation": [0, -128.57143, 0]
			},
			{
				"name": "bone61",
				"parent": "bone60",
				"pivot": [0, 4, 6.19607],
				"rotation": [33, 0, 0]
			},
			{
				"name": "bone62",
				"parent": "bone61",
				"pivot": [0, 4, 6.19607],
				"rotation": [0, -45, 0],
				"cubes": [
					{"origin": [-1, 4, 5.19607], "size": [2, 7, 2], "uv": [90, 85]}
				]
			},
			{
				"name": "bone63",
				"parent": "bone44",
				"pivot": [0, 4, 0],
				"rotation": [0, -154.28571, 0]
			},
			{
				"name": "bone64",
				"parent": "bone63",
				"pivot": [0, 4, 6.19607],
				"rotation": [33, 0, 0]
			},
			{
				"name": "bone65",
				"parent": "bone64",
				"pivot": [0, 4, 6.19607],
				"rotation": [0, -45, 0],
				"cubes": [
					{"origin": [-1, 4, 5.19607], "size": [2, 7, 2], "uv": [90, 25]}
				]
			},
			{
				"name": "bone66",
				"parent": "bone44",
				"pivot": [0, 4, 0],
				"rotation": [0, -180, 0]
			},
			{
				"name": "bone67",
				"parent": "bone66",
				"pivot": [0, 4, 6.19607],
				"rotation": [33, 0, 0]
			},
			{
				"name": "bone68",
				"parent": "bone67",
				"pivot": [0, 4, 6.19607],
				"rotation": [0, -45, 0],
				"cubes": [
					{"origin": [-1, 4, 5.19607], "size": [2, 7, 2], "uv": [90, 7]}
				]
			},
			{
				"name": "bone69",
				"parent": "bone44",
				"pivot": [0, 4, 0],
				"rotation": [0, -205.71429, 0]
			},
			{
				"name": "bone70",
				"parent": "bone69",
				"pivot": [0, 4, 6.19607],
				"rotation": [33, 0, 0]
			},
			{
				"name": "bone71",
				"parent": "bone70",
				"pivot": [0, 4, 6.19607],
				"rotation": [0, -45, 0],
				"cubes": [
					{"origin": [-1, 4, 5.19607], "size": [2, 7, 2], "uv": [52, 89]}
				]
			},
			{
				"name": "bone72",
				"parent": "bone44",
				"pivot": [0, 4, 0],
				"rotation": [0, -231.42857, 0]
			},
			{
				"name": "bone73",
				"parent": "bone72",
				"pivot": [0, 4, 6.19607],
				"rotation": [33, 0, 0]
			},
			{
				"name": "bone74",
				"parent": "bone73",
				"pivot": [0, 4, 6.19607],
				"rotation": [0, -45, 0],
				"cubes": [
					{"origin": [-1, 4, 5.19607], "size": [2, 7, 2], "uv": [18, 89]}
				]
			},
			{
				"name": "bone75",
				"parent": "bone44",
				"pivot": [0, 4, 0],
				"rotation": [0, -257.14286, 0]
			},
			{
				"name": "bone76",
				"parent": "bone75",
				"pivot": [0, 4, 6.19607],
				"rotation": [33, 0, 0]
			},
			{
				"name": "bone77",
				"parent": "bone76",
				"pivot": [0, 4, 6.19607],
				"rotation": [0, -45, 0],
				"cubes": [
					{"origin": [-1, 4, 5.19607], "size": [2, 7, 2], "uv": [88, 43]}
				]
			},
			{
				"name": "bone78",
				"parent": "bone44",
				"pivot": [0, 4, 0],
				"rotation": [0, -282.85714, 0]
			},
			{
				"name": "bone79",
				"parent": "bone78",
				"pivot": [0, 4, 6.19607],
				"rotation": [33, 0, 0]
			},
			{
				"name": "bone80",
				"parent": "bone79",
				"pivot": [0, 4, 6.19607],
				"rotation": [0, -45, 0],
				"cubes": [
					{"origin": [-1, 4, 5.19607], "size": [2, 7, 2], "uv": [82, 87]}
				]
			},
			{
				"name": "bone81",
				"parent": "bone44",
				"pivot": [0, 4, 0],
				"rotation": [0, -308.57143, 0]
			},
			{
				"name": "bone82",
				"parent": "bone81",
				"pivot": [0, 4, 6.19607],
				"rotation": [33, 0, 0]
			},
			{
				"name": "bone83",
				"parent": "bone82",
				"pivot": [0, 4, 6.19607],
				"rotation": [0, -45, 0],
				"cubes": [
					{"origin": [-1, 4, 5.19607], "size": [2, 7, 2], "uv": [10, 87]}
				]
			},
			{
				"name": "bone84",
				"parent": "bone44",
				"pivot": [0, 4, 0],
				"rotation": [0, -334.28571, 0]
			},
			{
				"name": "bone85",
				"parent": "bone84",
				"pivot": [0, 4, 6.19607],
				"rotation": [33, 0, 0]
			},
			{
				"name": "bone86",
				"parent": "bone85",
				"pivot": [0, 4, 6.19607],
				"rotation": [0, -45, 0],
				"cubes": [
					{"origin": [-1, 4, 5.19607], "size": [2, 7, 2], "uv": [44, 86]}
				]
			},
			{
				"name": "cape",
				"parent": "body",
				"pivot": [0, 11.6, 0.2]
			},
			{
				"name": "capeInner",
				"parent": "cape",
				"pivot": [0, 0.25, 0]
			},
			{
				"name": "cape7",
				"parent": "capeInner",
				"pivot": [0, 19.25, -2.7],
				"rotation": [5, 0, 0]
			},
			{
				"name": "cape8",
				"parent": "cape7",
				"pivot": [0, 17.25, -1.7],
				"rotation": [5, 0, 0]
			},
			{
				"name": "cape9",
				"parent": "cape8",
				"pivot": [0, 15.25, -0.7],
				"rotation": [5, 0, 0]
			},
			{
				"name": "cape10",
				"parent": "cape9",
				"pivot": [0, 13.25, -0.7],
				"rotation": [5, 0, 0]
			},
			{
				"name": "capeOutter",
				"parent": "cape",
				"pivot": [0, 0.35, 0.2],
				"cubes": [
					{"origin": [-4, 19.85, -3.8], "size": [8, 5, 8], "uv": [0, 57], "inflate": 0.5}
				]
			},
			{
				"name": "cape2",
				"parent": "capeOutter",
				"pivot": [0, 19.35, -2.5],
				"rotation": [5, 0, 0],
				"cubes": [
					{"origin": [-5.5, 17.35, -2.5], "size": [11, 2, 7], "uv": [59, 53], "inflate": 0.01}
				]
			},
			{
				"name": "cape3",
				"parent": "cape2",
				"pivot": [0, 17.35, -1.5],
				"rotation": [5, 0, 0],
				"cubes": [
					{"origin": [-6.5, 15.35, -1.5], "size": [13, 2, 6], "uv": [28, 52], "inflate": 0.01}
				]
			},
			{
				"name": "cape4",
				"parent": "cape3",
				"pivot": [0, 15.35, -0.5],
				"rotation": [5, 0, 0],
				"cubes": [
					{"origin": [-7.5, 13.35, -0.5], "size": [15, 2, 5], "uv": [41, 16], "inflate": 0.01}
				]
			},
			{
				"name": "cape5",
				"parent": "cape4",
				"pivot": [0, 13.35, -0.5],
				"rotation": [5, 0, 0],
				"cubes": [
					{"origin": [-8.5, 1.44397, -1.4658], "size": [17, 12, 6], "uv": [0, 0], "inflate": 0.01}
				]
			},
			{
				"name": "bone91",
				"parent": "body",
				"pivot": [0, 10.5, 0],
				"rotation": [0, 0, 15],
				"cubes": [
					{"origin": [-3, 9.999, -3], "size": [6, 1, 6], "uv": [66, 38], "inflate": 0.2}
				]
			},
			{
				"name": "yaodai",
				"parent": "body",
				"pivot": [0, 10.5, 0]
			},
			{
				"name": "bone92",
				"parent": "yaodai",
				"pivot": [0, 10.5, 0],
				"cubes": [
					{"origin": [3, 11.5, -1], "size": [1, 1, 2], "uv": [0, 18]},
					{"origin": [3, 9.6, -1], "size": [1, 2, 2], "uv": [0, 0], "inflate": -0.1}
				]
			},
			{
				"name": "xz",
				"parent": "body",
				"pivot": [-8, 10.5, 6]
			},
			{
				"name": "bone93",
				"parent": "xz",
				"pivot": [-8, 10.5, 6],
				"cubes": [
					{"origin": [-3, 8.5, 11], "size": [10, 14, 7], "uv": [0, 36]},
					{"origin": [-3, 19.5, 11], "size": [10, 1, 7], "uv": [0, 70], "inflate": 0.1},
					{"origin": [-3, 10.5, 11], "size": [10, 1, 7], "uv": [60, 45], "inflate": 0.1}
				]
			},
			{
				"name": "legLeft",
				"pivot": [2, 9, 0],
				"cubes": [
					{"origin": [0.499, 0.1, -1.5], "size": [2.75, 8.9, 3], "uv": [0, 86]},
					{"origin": [0.499, 0.1, -1.5], "size": [2.75, 6, 3], "uv": [84, 62], "inflate": 0.1},
					{"origin": [0.499, 0.1, -1.5], "size": [2.75, 2, 3], "uv": [40, 0], "inflate": 0.2},
					{"origin": [0.499, 8.1, -1.5], "size": [2.75, -1, 3], "uv": [10, 125], "inflate": 0.1}
				]
			},
			{
				"name": "xiaodao",
				"parent": "legLeft",
				"pivot": [5, 10, 0]
			},
			{
				"name": "bone89",
				"parent": "xiaodao",
				"pivot": [5, 10, 0],
				"cubes": [
					{"origin": [3, 7, -1], "size": [1, 2, 1], "uv": [3, 40]},
					{"origin": [3, 5, -1], "size": [1, 3, 1], "uv": [0, 37], "inflate": -0.2}
				]
			},
			{
				"name": "bone90",
				"parent": "bone89",
				"pivot": [5, 10, 0],
				"cubes": [
					{"origin": [3, 7, -1.5], "size": [1, 1, 2], "uv": [0, 21]}
				]
			},
			{
				"name": "legRight",
				"pivot": [-2, 9, 0],
				"cubes": [
					{"origin": [-3.249, 0.2, -1.5], "size": [2.75, 8.8, 3], "uv": [82, 76]},
					{"origin": [-3.249, 0.2, -1.5], "size": [2.75, 6, 3], "uv": [81, 18], "inflate": 0.1},
					{"origin": [-3.249, 0.2, -1.5], "size": [2.75, 2, 3], "uv": [27, 36], "inflate": 0.2}
				]
			}
		]
	}
}