{
	"format_version": "1.10.0",
	"geometry.model": {
		"texturewidth": 128,
		"textureheight": 128,
		"visible_bounds_width": 5,
		"visible_bounds_height": 4,
		"visible_bounds_offset": [0, 1, 0],
		"bones": [
			{
				"name": "head",
				"pivot": [0, 18, 0],
				"cubes": [
					{"origin": [-4, 18, -4], "size": [8, 8, 8], "uv": [50, 36]},
					{"origin": [-4, 18, -4], "size": [8, 8, 8], "uv": [27, 3], "inflate": 0.1}
				]
			},
			{
				"name": "blink",
				"parent": "head",
				"pivot": [0, 18, 0],
				"cubes": [
					{"origin": [-4, 18, -4.001], "size": [8, 8, 0], "uv": [70, 77]}
				]
			},
			{
				"name": "hat",
				"parent": "head",
				"pivot": [0, 18, 0],
				"cubes": [
					{"origin": [-4.5, 24.001, -4.5], "size": [9, 3, 9], "uv": [0, 11]},
					{"origin": [-5.5, 23.999, -5.5], "size": [11, 0, 11], "uv": [0, 0]},
					{"origin": [-2.5, 24, -5.5], "size": [2, 1, 1], "uv": [18, 23]},
					{"origin": [3.5, 24, -5.5], "size": [2, 1, 2], "uv": [52, 81]},
					{"origin": [4.5, 24, 0.5], "size": [1, 1, 2], "uv": [58, 27]},
					{"origin": [4.5, 24, -2.5], "size": [1, 1, 2], "uv": [58, 23]},
					{"origin": [0.5, 24, 4.5], "size": [2, 1, 1], "uv": [12, 23]},
					{"origin": [3.5, 24, 3.5], "size": [2, 1, 2], "uv": [16, 80]},
					{"origin": [-2.5, 24, 4.5], "size": [2, 1, 1], "uv": [6, 23]},
					{"origin": [-5.5, 24, 0.5], "size": [1, 1, 2], "uv": [58, 20]},
					{"origin": [-5.5, 24, -2.5], "size": [1, 1, 2], "uv": [50, 30]},
					{"origin": [-5.5, 24, -5.5], "size": [2, 1, 2], "uv": [52, 78]},
					{"origin": [-5.5, 24, 3.5], "size": [2, 1, 2], "uv": [70, 15]},
					{"origin": [0.5, 24, -5.5], "size": [2, 1, 1], "uv": [0, 23]}
				]
			},
			{
				"name": "decoration",
				"parent": "hat",
				"pivot": [0, 18, 0],
				"rotation": [0, 0, -135]
			},
			{
				"name": "band2",
				"parent": "decoration",
				"pivot": [0, 18, 0],
				"rotation": [0, -45, 0],
				"cubes": [
					{"origin": [5.75, 14.64645, -9.75], "size": [1, 3, 3], "uv": [50, 36]}
				]
			},
			{
				"name": "band",
				"parent": "decoration",
				"pivot": [0, 18, 0],
				"rotation": [0, -45, 0],
				"cubes": [
					{"origin": [5.75, 14.64645, -6.75], "size": [4, 3, 1], "uv": [92, 85]}
				]
			},
			{
				"name": "armRight",
				"pivot": [-3, 17.5, 0],
				"rotation": [0, 0, 25],
				"cubes": [
					{"origin": [-5, 8.5, -1], "size": [2, 8, 2], "uv": [37, 66]},
					{"origin": [-5.5, 15.5, -1.5], "size": [3, 2, 3], "uv": [90, 80], "inflate": -0.2},
					{"origin": [-5.5, 14.5, -1.5], "size": [3, 2, 3], "uv": [43, 20], "inflate": -0.3},
					{"origin": [-5.5, 13.5, -1.5], "size": [3, 2, 3], "uv": [89, 89], "inflate": -0.2},
					{"origin": [-5.5, 9.5, -1.5], "size": [3, 1, 3], "uv": [79, 92], "inflate": -0.2},
					{"origin": [-5.5, 9, -1.5], "size": [3, 1, 3], "uv": [91, 34], "inflate": -0.1},
					{"origin": [-5.5, 10, -1.5], "size": [3, 1, 3], "uv": [91, 6], "inflate": -0.1}
				]
			},
			{
				"name": "armLeft",
				"pivot": [3, 17.5, 0],
				"rotation": [0, 0, -25],
				"cubes": [
					{"origin": [2.5, 15.5, -1.5], "size": [3, 2, 3], "uv": [90, 40], "inflate": -0.2},
					{"origin": [2.5, 13.5, -1.5], "size": [3, 2, 3], "uv": [85, 18], "inflate": -0.2},
					{"origin": [2.5, 14.5, -1.5], "size": [3, 2, 3], "uv": [76, 15], "inflate": -0.3},
					{"origin": [2.5, 9.5, -1.5], "size": [3, 1, 3], "uv": [92, 49], "inflate": -0.2},
					{"origin": [2.5, 9, -1.5], "size": [3, 1, 3], "uv": [67, 62], "inflate": -0.1},
					{"origin": [2.5, 10, -1.5], "size": [3, 1, 3], "uv": [61, 15], "inflate": -0.1},
					{"origin": [2.5, 9.5, -1.5], "size": [3, 1, 3], "uv": [92, 45], "inflate": -0.2},
					{"origin": [3, 8.5, -1], "size": [2, 8, 2], "uv": [51, 0]}
				]
			},
			{
				"name": "body",
				"pivot": [0, 10.5, 0],
				"cubes": [
					{"origin": [-3, 8.999, -3], "size": [6, 9, 6], "uv": [0, 65]},
					{"origin": [-3, 8.999, -3], "size": [6, 9, 6], "uv": [61, 0], "inflate": 0.1},
					{"origin": [-3, 11.999, -3], "size": [6, 1, 6], "uv": [67, 20], "inflate": 0.12}
				]
			},
			{
				"name": "sittingRotationSkirt",
				"parent": "body",
				"pivot": [0, 10.5, 0]
			},
			{
				"name": "bone",
				"parent": "sittingRotationSkirt",
				"pivot": [0, 15.5, 0]
			},
			{
				"name": "bone2",
				"parent": "bone",
				"pivot": [0, 5, 0]
			},
			{
				"name": "bone3",
				"parent": "bone2",
				"pivot": [0, 5, 6.19607],
				"rotation": [36, 0, 0]
			},
			{
				"name": "bone4",
				"parent": "bone3",
				"pivot": [0, 5, 6.19607],
				"rotation": [0, -45, 0],
				"cubes": [
					{"origin": [-1, 5, 5.19607], "size": [2, 7, 2], "uv": [89, 71]}
				]
			},
			{
				"name": "bone5",
				"parent": "bone",
				"pivot": [0, 5, 0],
				"rotation": [0, -25.71429, 0]
			},
			{
				"name": "bone6",
				"parent": "bone5",
				"pivot": [0, 5, 6.19607],
				"rotation": [36, 0, 0]
			},
			{
				"name": "bone7",
				"parent": "bone6",
				"pivot": [0, 5, 6.19607],
				"rotation": [0, -45, 0],
				"cubes": [
					{"origin": [-1, 5, 5.19607], "size": [2, 7, 2], "uv": [89, 62]}
				]
			},
			{
				"name": "bone8",
				"parent": "bone",
				"pivot": [0, 5, 0],
				"rotation": [0, -51.42857, 0]
			},
			{
				"name": "bone9",
				"parent": "bone8",
				"pivot": [0, 5, 6.19607],
				"rotation": [36, 0, 0]
			},
			{
				"name": "bone10",
				"parent": "bone9",
				"pivot": [0, 5, 6.19607],
				"rotation": [0, -45, 0],
				"cubes": [
					{"origin": [-1, 5, 5.19607], "size": [2, 7, 2], "uv": [89, 25]}
				]
			},
			{
				"name": "bone11",
				"parent": "bone",
				"pivot": [0, 5, 0],
				"rotation": [0, -77.14286, 0]
			},
			{
				"name": "bone12",
				"parent": "bone11",
				"pivot": [0, 5, 6.19607],
				"rotation": [36, 0, 0]
			},
			{
				"name": "bone13",
				"parent": "bone12",
				"pivot": [0, 5, 6.19607],
				"rotation": [0, -45, 0],
				"cubes": [
					{"origin": [-1, 5, 5.19607], "size": [2, 7, 2], "uv": [8, 89]}
				]
			},
			{
				"name": "bone14",
				"parent": "bone",
				"pivot": [0, 5, 0],
				"rotation": [0, -102.85714, 0]
			},
			{
				"name": "bone15",
				"parent": "bone14",
				"pivot": [0, 5, 6.19607],
				"rotation": [36, 0, 0]
			},
			{
				"name": "bone16",
				"parent": "bone15",
				"pivot": [0, 5, 6.19607],
				"rotation": [0, -45, 0],
				"cubes": [
					{"origin": [-1, 5, 5.19607], "size": [2, 7, 2], "uv": [0, 89]}
				]
			},
			{
				"name": "bone17",
				"parent": "bone",
				"pivot": [0, 5, 0],
				"rotation": [0, -128.57143, 0]
			},
			{
				"name": "bone18",
				"parent": "bone17",
				"pivot": [0, 5, 6.19607],
				"rotation": [36, 0, 0]
			},
			{
				"name": "bone19",
				"parent": "bone18",
				"pivot": [0, 5, 6.19607],
				"rotation": [0, -45, 0],
				"cubes": [
					{"origin": [-1, 5, 5.19607], "size": [2, 7, 2], "uv": [87, 53]}
				]
			},
			{
				"name": "bone20",
				"parent": "bone",
				"pivot": [0, 5, 0],
				"rotation": [0, -154.28571, 0]
			},
			{
				"name": "bone21",
				"parent": "bone20",
				"pivot": [0, 5, 6.19607],
				"rotation": [36, 0, 0]
			},
			{
				"name": "bone22",
				"parent": "bone21",
				"pivot": [0, 5, 6.19607],
				"rotation": [0, -45, 0],
				"cubes": [
					{"origin": [-1, 5, 5.19607], "size": [2, 7, 2], "uv": [40, 87]}
				]
			},
			{
				"name": "bone23",
				"parent": "bone",
				"pivot": [0, 5, 0],
				"rotation": [0, -180, 0]
			},
			{
				"name": "bone24",
				"parent": "bone23",
				"pivot": [0, 5, 6.19607],
				"rotation": [36, 0, 0]
			},
			{
				"name": "bone25",
				"parent": "bone24",
				"pivot": [0, 5, 6.19607],
				"rotation": [0, -45, 0],
				"cubes": [
					{"origin": [-1, 5, 5.19607], "size": [2, 7, 2], "uv": [32, 87]}
				]
			},
			{
				"name": "bone26",
				"parent": "bone",
				"pivot": [0, 5, 0],
				"rotation": [0, -205.71429, 0]
			},
			{
				"name": "bone27",
				"parent": "bone26",
				"pivot": [0, 5, 6.19607],
				"rotation": [36, 0, 0]
			},
			{
				"name": "bone28",
				"parent": "bone27",
				"pivot": [0, 5, 6.19607],
				"rotation": [0, -45, 0],
				"cubes": [
					{"origin": [-1, 5, 5.19607], "size": [2, 7, 2], "uv": [74, 85]}
				]
			},
			{
				"name": "bone29",
				"parent": "bone",
				"pivot": [0, 5, 0],
				"rotation": [0, -231.42857, 0]
			},
			{
				"name": "bone30",
				"parent": "bone29",
				"pivot": [0, 5, 6.19607],
				"rotation": [36, 0, 0]
			},
			{
				"name": "bone31",
				"parent": "bone30",
				"pivot": [0, 5, 6.19607],
				"rotation": [0, -45, 0],
				"cubes": [
					{"origin": [-1, 5, 5.19607], "size": [2, 7, 2], "uv": [66, 85]}
				]
			},
			{
				"name": "bone32",
				"parent": "bone",
				"pivot": [0, 5, 0],
				"rotation": [0, -257.14286, 0]
			},
			{
				"name": "bone33",
				"parent": "bone32",
				"pivot": [0, 5, 6.19607],
				"rotation": [36, 0, 0]
			},
			{
				"name": "bone34",
				"parent": "bone33",
				"pivot": [0, 5, 6.19607],
				"rotation": [0, -45, 0],
				"cubes": [
					{"origin": [-1, 5, 5.19607], "size": [2, 7, 2], "uv": [58, 85]}
				]
			},
			{
				"name": "bone35",
				"parent": "bone",
				"pivot": [0, 5, 0],
				"rotation": [0, -282.85714, 0]
			},
			{
				"name": "bone36",
				"parent": "bone35",
				"pivot": [0, 5, 6.19607],
				"rotation": [36, 0, 0]
			},
			{
				"name": "bone37",
				"parent": "bone36",
				"pivot": [0, 5, 6.19607],
				"rotation": [0, -45, 0],
				"cubes": [
					{"origin": [-1, 5, 5.19607], "size": [2, 7, 2], "uv": [50, 85]}
				]
			},
			{
				"name": "bone38",
				"parent": "bone",
				"pivot": [0, 5, 0],
				"rotation": [0, -308.57143, 0]
			},
			{
				"name": "bone39",
				"parent": "bone38",
				"pivot": [0, 5, 6.19607],
				"rotation": [36, 0, 0]
			},
			{
				"name": "bone40",
				"parent": "bone39",
				"pivot": [0, 5, 6.19607],
				"rotation": [0, -45, 0],
				"cubes": [
					{"origin": [-1, 5, 5.19607], "size": [2, 7, 2], "uv": [24, 85]}
				]
			},
			{
				"name": "bone41",
				"parent": "bone",
				"pivot": [0, 5, 0],
				"rotation": [0, -334.28571, 0]
			},
			{
				"name": "bone42",
				"parent": "bone41",
				"pivot": [0, 5, 6.19607],
				"rotation": [36, 0, 0]
			},
			{
				"name": "bone43",
				"parent": "bone42",
				"pivot": [0, 5, 6.19607],
				"rotation": [0, -45, 0],
				"cubes": [
					{"origin": [-1, 5, 5.19607], "size": [2, 7, 2], "uv": [16, 85]}
				]
			},
			{
				"name": "bone44",
				"parent": "sittingRotationSkirt",
				"pivot": [0, 16.5, 0]
			},
			{
				"name": "bone45",
				"parent": "bone44",
				"pivot": [0, 6, 0]
			},
			{
				"name": "bone46",
				"parent": "bone45",
				"pivot": [0, 6, 6.19607],
				"rotation": [36, 0, 0]
			},
			{
				"name": "bone47",
				"parent": "bone46",
				"pivot": [0, 6, 6.19607],
				"rotation": [0, -45, 0],
				"cubes": [
					{"origin": [-1, 6, 5.19607], "size": [2, 7, 2], "uv": [85, 9]}
				]
			},
			{
				"name": "bone48",
				"parent": "bone44",
				"pivot": [0, 6, 0],
				"rotation": [0, -25.71429, 0]
			},
			{
				"name": "bone49",
				"parent": "bone48",
				"pivot": [0, 6, 6.19607],
				"rotation": [36, 0, 0]
			},
			{
				"name": "bone50",
				"parent": "bone49",
				"pivot": [0, 6, 6.19607],
				"rotation": [0, -45, 0],
				"cubes": [
					{"origin": [-1, 6, 5.19607], "size": [2, 7, 2], "uv": [85, 0]}
				]
			},
			{
				"name": "bone51",
				"parent": "bone44",
				"pivot": [0, 6, 0],
				"rotation": [0, -51.42857, 0]
			},
			{
				"name": "bone52",
				"parent": "bone51",
				"pivot": [0, 6, 6.19607],
				"rotation": [36, 0, 0]
			},
			{
				"name": "bone53",
				"parent": "bone52",
				"pivot": [0, 6, 6.19607],
				"rotation": [0, -45, 0],
				"cubes": [
					{"origin": [-1, 6, 5.19607], "size": [2, 7, 2], "uv": [84, 83]}
				]
			},
			{
				"name": "bone54",
				"parent": "bone44",
				"pivot": [0, 6, 0],
				"rotation": [0, -77.14286, 0]
			},
			{
				"name": "bone55",
				"parent": "bone54",
				"pivot": [0, 6, 6.19607],
				"rotation": [36, 0, 0]
			},
			{
				"name": "bone56",
				"parent": "bone55",
				"pivot": [0, 6, 6.19607],
				"rotation": [0, -45, 0],
				"cubes": [
					{"origin": [-1, 6, 5.19607], "size": [2, 7, 2], "uv": [84, 44]}
				]
			},
			{
				"name": "bone57",
				"parent": "bone44",
				"pivot": [0, 6, 0],
				"rotation": [0, -102.85714, 0]
			},
			{
				"name": "bone58",
				"parent": "bone57",
				"pivot": [0, 6, 6.19607],
				"rotation": [36, 0, 0]
			},
			{
				"name": "bone59",
				"parent": "bone58",
				"pivot": [0, 6, 6.19607],
				"rotation": [0, -45, 0],
				"cubes": [
					{"origin": [-1, 6, 5.19607], "size": [2, 7, 2], "uv": [83, 34]}
				]
			},
			{
				"name": "bone60",
				"parent": "bone44",
				"pivot": [0, 6, 0],
				"rotation": [0, -128.57143, 0]
			},
			{
				"name": "bone61",
				"parent": "bone60",
				"pivot": [0, 6, 6.19607],
				"rotation": [36, 0, 0]
			},
			{
				"name": "bone62",
				"parent": "bone61",
				"pivot": [0, 6, 6.19607],
				"rotation": [0, -45, 0],
				"cubes": [
					{"origin": [-1, 6, 5.19607], "size": [2, 7, 2], "uv": [81, 62]}
				]
			},
			{
				"name": "bone63",
				"parent": "bone44",
				"pivot": [0, 6, 0],
				"rotation": [0, -154.28571, 0]
			},
			{
				"name": "bone64",
				"parent": "bone63",
				"pivot": [0, 6, 6.19607],
				"rotation": [36, 0, 0]
			},
			{
				"name": "bone65",
				"parent": "bone64",
				"pivot": [0, 6, 6.19607],
				"rotation": [0, -45, 0],
				"cubes": [
					{"origin": [-1, 6, 5.19607], "size": [2, 7, 2], "uv": [8, 80]}
				]
			},
			{
				"name": "bone66",
				"parent": "bone44",
				"pivot": [0, 6, 0],
				"rotation": [0, -180, 0]
			},
			{
				"name": "bone67",
				"parent": "bone66",
				"pivot": [0, 6, 6.19607],
				"rotation": [36, 0, 0]
			},
			{
				"name": "bone68",
				"parent": "bone67",
				"pivot": [0, 6, 6.19607],
				"rotation": [0, -45, 0],
				"cubes": [
					{"origin": [-1, 6, 5.19607], "size": [2, 7, 2], "uv": [0, 80]}
				]
			},
			{
				"name": "bone69",
				"parent": "bone44",
				"pivot": [0, 6, 0],
				"rotation": [0, -205.71429, 0]
			},
			{
				"name": "bone70",
				"parent": "bone69",
				"pivot": [0, 6, 6.19607],
				"rotation": [36, 0, 0]
			},
			{
				"name": "bone71",
				"parent": "bone70",
				"pivot": [0, 6, 6.19607],
				"rotation": [0, -45, 0],
				"cubes": [
					{"origin": [-1, 6, 5.19607], "size": [2, 7, 2], "uv": [78, 52]}
				]
			},
			{
				"name": "bone72",
				"parent": "bone44",
				"pivot": [0, 6, 0],
				"rotation": [0, -231.42857, 0]
			},
			{
				"name": "bone73",
				"parent": "bone72",
				"pivot": [0, 6, 6.19607],
				"rotation": [36, 0, 0]
			},
			{
				"name": "bone74",
				"parent": "bone73",
				"pivot": [0, 6, 6.19607],
				"rotation": [0, -45, 0],
				"cubes": [
					{"origin": [-1, 6, 5.19607], "size": [2, 7, 2], "uv": [44, 78]}
				]
			},
			{
				"name": "bone75",
				"parent": "bone44",
				"pivot": [0, 6, 0],
				"rotation": [0, -257.14286, 0]
			},
			{
				"name": "bone76",
				"parent": "bone75",
				"pivot": [0, 6, 6.19607],
				"rotation": [36, 0, 0]
			},
			{
				"name": "bone77",
				"parent": "bone76",
				"pivot": [0, 6, 6.19607],
				"rotation": [0, -45, 0],
				"cubes": [
					{"origin": [-1, 6, 5.19607], "size": [2, 7, 2], "uv": [36, 78]}
				]
			},
			{
				"name": "bone78",
				"parent": "bone44",
				"pivot": [0, 6, 0],
				"rotation": [0, -282.85714, 0]
			},
			{
				"name": "bone79",
				"parent": "bone78",
				"pivot": [0, 6, 6.19607],
				"rotation": [36, 0, 0]
			},
			{
				"name": "bone80",
				"parent": "bone79",
				"pivot": [0, 6, 6.19607],
				"rotation": [0, -45, 0],
				"cubes": [
					{"origin": [-1, 6, 5.19607], "size": [2, 7, 2], "uv": [67, 52]}
				]
			},
			{
				"name": "bone81",
				"parent": "bone44",
				"pivot": [0, 6, 0],
				"rotation": [0, -308.57143, 0]
			},
			{
				"name": "bone82",
				"parent": "bone81",
				"pivot": [0, 6, 6.19607],
				"rotation": [36, 0, 0]
			},
			{
				"name": "bone83",
				"parent": "bone82",
				"pivot": [0, 6, 6.19607],
				"rotation": [0, -45, 0],
				"cubes": [
					{"origin": [-1, 6, 5.19607], "size": [2, 7, 2], "uv": [50, 67]}
				]
			},
			{
				"name": "bone84",
				"parent": "bone44",
				"pivot": [0, 6, 0],
				"rotation": [0, -334.28571, 0]
			},
			{
				"name": "bone85",
				"parent": "bone84",
				"pivot": [0, 6, 6.19607],
				"rotation": [36, 0, 0]
			},
			{
				"name": "bone86",
				"parent": "bone85",
				"pivot": [0, 6, 6.19607],
				"rotation": [0, -45, 0],
				"cubes": [
					{"origin": [-1, 6, 5.19607], "size": [2, 7, 2], "uv": [0, 11]}
				]
			},
			{
				"name": "hu2",
				"parent": "body",
				"pivot": [0, 9.5, 0],
				"cubes": [
					{"origin": [-0.5, 14, -3.5], "size": [1, 3, 1], "uv": [67, 20]},
					{"origin": [-0.5, 15, -4], "size": [1, 1, 1], "uv": [50, 42]}
				]
			},
			{
				"name": "bone121",
				"parent": "hu2",
				"pivot": [0, 9.5, 0],
				"rotation": [0, 0, 30],
				"cubes": [
					{"origin": [-3.68301, 13.14711, -3.5], "size": [1, 2, 1], "uv": [31, 70]}
				]
			},
			{
				"name": "bone122",
				"parent": "hu2",
				"pivot": [0, 9.5, 0],
				"rotation": [0, 0, -30],
				"cubes": [
					{"origin": [2.68301, 13.14711, -3.5], "size": [1, 2, 1], "uv": [67, 30]}
				]
			},
			{
				"name": "hu",
				"parent": "body",
				"pivot": [0, 10.5, 0],
				"cubes": [
					{"origin": [-1, 11.5, 3], "size": [2, 2, 1], "uv": [50, 27]}
				]
			},
			{
				"name": "bone117",
				"parent": "hu",
				"pivot": [0, 10.5, 0],
				"rotation": [0, -10, -15],
				"cubes": [
					{"origin": [2, 11.5, 3], "size": [3, 2, 1], "uv": [41, 0]}
				]
			},
			{
				"name": "bone118",
				"parent": "hu",
				"pivot": [0, 10.5, 0],
				"rotation": [0, 10, 15],
				"cubes": [
					{"origin": [-5, 11.5, 3], "size": [3, 2, 1], "uv": [33, 0]}
				]
			},
			{
				"name": "bone119",
				"parent": "hu",
				"pivot": [-2, 9.5, 1],
				"rotation": [25, 0, 37.5],
				"cubes": [
					{"origin": [-2.8, 1.5, 4], "size": [1.8, 10, 1], "uv": [16, 94]}
				]
			},
			{
				"name": "bone120",
				"parent": "hu",
				"pivot": [2, 9.5, 1],
				"rotation": [25, 0, -37.5],
				"cubes": [
					{"origin": [1, 1.5, 4], "size": [1.8, 10, 1], "uv": [94, 10]}
				]
			},
			{
				"name": "legLeft",
				"pivot": [2, 9, 0],
				"cubes": [
					{"origin": [0.499, 0.1, -1.5], "size": [2.75, 8.9, 3], "uv": [52, 52]},
					{"origin": [0.499, 0.1, -1.5], "size": [2.75, 4, 3], "uv": [76, 27], "inflate": 0.1},
					{"origin": [0.499, 0.1, -1.5], "size": [2.75, 2, 3], "uv": [25, 65], "inflate": 0.2}
				]
			},
			{
				"name": "hu4",
				"parent": "legLeft",
				"pivot": [2, -3.5, 1],
				"cubes": [
					{"origin": [1.5, 1, -2.5], "size": [1, 3, 1], "uv": [0, 65]},
					{"origin": [1.5, 2, -3], "size": [1, 1, 1], "uv": [24, 23]}
				]
			},
			{
				"name": "bone123",
				"parent": "hu4",
				"pivot": [2, -3.5, 1],
				"rotation": [0, 0, 30],
				"cubes": [
					{"origin": [-1.68301, 0.14711, -2.5], "size": [1, 2, 1], "uv": [52, 20]}
				]
			},
			{
				"name": "bone124",
				"parent": "hu4",
				"pivot": [2, -3.5, 1],
				"rotation": [0, 0, -30],
				"cubes": [
					{"origin": [4.68301, 0.14711, -2.5], "size": [1, 2, 1], "uv": [7, 0]}
				]
			},
			{
				"name": "legRight",
				"pivot": [-2, 9, 0],
				"cubes": [
					{"origin": [-3.249, 0.2, -1.5], "size": [2.75, 8.8, 3], "uv": [0, 0]},
					{"origin": [-3.249, 0.2, -1.5], "size": [2.75, 4, 3], "uv": [26, 77], "inflate": 0.1},
					{"origin": [-3.249, 0.2, -1.5], "size": [2.75, 2, 3], "uv": [24, 71], "inflate": 0.2}
				]
			},
			{
				"name": "hu3",
				"parent": "legRight",
				"pivot": [-2, -3.5, 1],
				"cubes": [
					{"origin": [-2.5, 1, -2.5], "size": [1, 3, 1], "uv": [18, 65]},
					{"origin": [-2.5, 2, -3], "size": [1, 1, 1], "uv": [49, 0]}
				]
			},
			{
				"name": "bone87",
				"parent": "hu3",
				"pivot": [-2, -3.5, 1],
				"rotation": [0, 0, 30],
				"cubes": [
					{"origin": [-5.68301, 0.14711, -2.5], "size": [1, 2, 1], "uv": [67, 27]}
				]
			},
			{
				"name": "bone116",
				"parent": "hu3",
				"pivot": [-2, -3.5, 1],
				"rotation": [0, 0, -30],
				"cubes": [
					{"origin": [0.68301, 0.14711, -2.5], "size": [1, 2, 1], "uv": [61, 62]}
				]
			},
			{
				"name": "wingRight",
				"pivot": [-1, 16, 3],
				"rotation": [0, -60, 0],
				"cubes": [
					{"origin": [-1.5, 13.17, 10], "size": [0, 20, 25], "uv": [0, 0]}
				]
			},
			{
				"name": "bone102",
				"parent": "wingRight",
				"pivot": [-1, 18, 3],
				"rotation": [-15, 0, 0],
				"cubes": [
					{"origin": [-2, 16.06815, 3.51764], "size": [1, 1, 3], "uv": [61, 67]}
				]
			},
			{
				"name": "bone103",
				"parent": "wingRight",
				"pivot": [-2, 18, 3],
				"cubes": [
					{"origin": [-2, 15.22354, 5.89778], "size": [1, 1, 2], "uv": [58, 30]}
				]
			},
			{
				"name": "bone104",
				"parent": "wingRight",
				"pivot": [-1, 18, 3],
				"rotation": [30, 0, 0],
				"cubes": [
					{"origin": [-2, 13.14663, 5.85337], "size": [1, 1, 3], "uv": [59, 0]}
				]
			},
			{
				"name": "bone105",
				"parent": "wingRight",
				"pivot": [-1, 18, 3],
				"rotation": [45, 0, 0],
				"cubes": [
					{"origin": [-2, 11.79704, 7.39778], "size": [1, 1, 3], "uv": [38, 19]}
				]
			},
			{
				"name": "bone106",
				"parent": "wingRight",
				"pivot": [-1, 18, 3],
				"rotation": [60, 0, 0],
				"cubes": [
					{"origin": [-2, 10.09371, 8.54026], "size": [1, 1, 4], "uv": [44, 92]}
				]
			},
			{
				"name": "bone107",
				"parent": "wingRight",
				"pivot": [-1, 18, 3],
				"rotation": [90, 0, 0],
				"cubes": [
					{"origin": [-2, 6.38283, 7.30896], "size": [1, 1, 7], "uv": [74, 36]}
				]
			},
			{
				"name": "bone108",
				"parent": "wingRight",
				"pivot": [-2, 18, 3],
				"rotation": [25, 0, 0],
				"cubes": [
					{"origin": [-2, 20.94978, 16.55657], "size": [1, 1, 15], "uv": [44, 4]}
				]
			},
			{
				"name": "bone109",
				"parent": "bone108",
				"pivot": [-13, 18, 3],
				"rotation": [-25, 0, 0],
				"cubes": [
					{"origin": [-2, 32.64824, 27.21179], "size": [1, 1, 8], "uv": [61, 67]}
				]
			},
			{
				"name": "bone110",
				"parent": "wingRight",
				"pivot": [-1, 27, 16],
				"rotation": [-10, 0, 0],
				"cubes": [
					{"origin": [-2, 26.07135, 14.1733], "size": [1, 1, 13], "uv": [37, 52]}
				]
			},
			{
				"name": "bone111",
				"parent": "bone110",
				"pivot": [-12, 8.33727, -2.58557],
				"rotation": [-25, 0, 0],
				"cubes": [
					{"origin": [-2, 36.89275, 16.46776], "size": [1, 1, 7], "uv": [67, 27]}
				]
			},
			{
				"name": "bone112",
				"parent": "wingRight",
				"pivot": [-1, 27, 16],
				"rotation": [-45, 0, 0],
				"cubes": [
					{"origin": [-2, 25.19154, 15.03631], "size": [1, 1, 11], "uv": [24, 65]}
				]
			},
			{
				"name": "bone113",
				"parent": "bone112",
				"pivot": [-12, 8.33727, -2.58557],
				"rotation": [-25, 0, 0],
				"cubes": [
					{"origin": [-2, 35.61486, 15.80912], "size": [1, 1, 6], "uv": [50, 20]}
				]
			},
			{
				"name": "bone114",
				"parent": "wingRight",
				"pivot": [-1, 27, 16],
				"rotation": [-80, 0, 0],
				"cubes": [
					{"origin": [-2, 24.96584, 16.24788], "size": [1, 1, 9], "uv": [50, 67]}
				]
			},
			{
				"name": "bone115",
				"parent": "bone114",
				"pivot": [-12, 8.33727, -2.58557],
				"rotation": [-25, 0, 0],
				"cubes": [
					{"origin": [-2, 35.07711, 15.18995], "size": [1, 1, 5], "uv": [31, 19]}
				]
			},
			{
				"name": "wingLeft",
				"pivot": [2, 16, 3],
				"rotation": [0, 60, 0],
				"cubes": [
					{"origin": [1.5, 13.17, 10], "size": [0, 20, 25], "uv": [0, 20]}
				]
			},
			{
				"name": "bone88",
				"parent": "wingLeft",
				"pivot": [2, 18, 3],
				"rotation": [-15, 0, 0],
				"cubes": [
					{"origin": [1, 16.06815, 3.51764], "size": [1, 1, 3], "uv": [71, 71]}
				]
			},
			{
				"name": "bone89",
				"parent": "wingLeft",
				"pivot": [1, 18, 3],
				"cubes": [
					{"origin": [1, 15.22354, 5.89778], "size": [1, 1, 2], "uv": [59, 52]}
				]
			},
			{
				"name": "bone90",
				"parent": "wingLeft",
				"pivot": [2, 18, 3],
				"rotation": [30, 0, 0],
				"cubes": [
					{"origin": [1, 13.14663, 5.85337], "size": [1, 1, 3], "uv": [71, 67]}
				]
			},
			{
				"name": "bone91",
				"parent": "wingLeft",
				"pivot": [2, 18, 3],
				"rotation": [45, 0, 0],
				"cubes": [
					{"origin": [1, 11.79704, 7.39778], "size": [1, 1, 3], "uv": [61, 71]}
				]
			},
			{
				"name": "bone92",
				"parent": "wingLeft",
				"pivot": [2, 18, 3],
				"rotation": [60, 0, 0],
				"cubes": [
					{"origin": [1, 10.09371, 8.54026], "size": [1, 1, 4], "uv": [93, 0]}
				]
			},
			{
				"name": "bone93",
				"parent": "wingLeft",
				"pivot": [2, 18, 3],
				"rotation": [90, 0, 0],
				"cubes": [
					{"origin": [1, 6.38283, 7.30896], "size": [1, 1, 7], "uv": [54, 77]}
				]
			},
			{
				"name": "bone94",
				"parent": "wingLeft",
				"pivot": [1, 18, 3],
				"rotation": [25, 0, 0],
				"cubes": [
					{"origin": [1, 20.94978, 16.55657], "size": [1, 1, 15], "uv": [50, 20]}
				]
			},
			{
				"name": "bone95",
				"parent": "bone94",
				"pivot": [-10, 18, 3],
				"rotation": [-25, 0, 0],
				"cubes": [
					{"origin": [1, 32.64824, 27.21179], "size": [1, 1, 8], "uv": [71, 68]}
				]
			},
			{
				"name": "bone96",
				"parent": "wingLeft",
				"pivot": [2, 27, 16],
				"rotation": [-10, 0, 0],
				"cubes": [
					{"origin": [1, 26.07135, 14.1733], "size": [1, 1, 13], "uv": [52, 53]}
				]
			},
			{
				"name": "bone97",
				"parent": "bone96",
				"pivot": [-9, 8.33727, -2.58557],
				"rotation": [-25, 0, 0],
				"cubes": [
					{"origin": [1, 36.89275, 16.46776], "size": [1, 1, 7], "uv": [17, 77]}
				]
			},
			{
				"name": "bone98",
				"parent": "wingLeft",
				"pivot": [2, 27, 16],
				"rotation": [-45, 0, 0],
				"cubes": [
					{"origin": [1, 25.19154, 15.03631], "size": [1, 1, 11], "uv": [37, 66]}
				]
			},
			{
				"name": "bone99",
				"parent": "bone98",
				"pivot": [-9, 8.33727, -2.58557],
				"rotation": [-25, 0, 0],
				"cubes": [
					{"origin": [1, 35.61486, 15.80912], "size": [1, 1, 6], "uv": [50, 27]}
				]
			},
			{
				"name": "bone100",
				"parent": "wingLeft",
				"pivot": [2, 27, 16],
				"rotation": [-80, 0, 0],
				"cubes": [
					{"origin": [1, 24.96584, 16.24788], "size": [1, 1, 9], "uv": [67, 52]}
				]
			},
			{
				"name": "bone101",
				"parent": "bone100",
				"pivot": [-9, 8.33727, -2.58557],
				"rotation": [-25, 0, 0],
				"cubes": [
					{"origin": [1, 35.07711, 15.18995], "size": [1, 1, 5], "uv": [18, 65]}
				]
			}
		]
	}
}