{
	"format_version": "1.10.0",
	"geometry.model": {
		"texturewidth": 128,
		"textureheight": 128,
		"visible_bounds_width": 3,
		"visible_bounds_height": 4,
		"visible_bounds_offset": [0, 1, 0],
		"bones": [
			{
				"name": "head",
				"pivot": [0, 18, 0],
				"cubes": [
					{"origin": [-4, 18, -4], "size": [8, 8, 8], "uv": [24, 31]},
					{"origin": [-4, 18, -4], "size": [8, 8, 8], "uv": [0, 23], "inflate": 0.1}
				]
			},
			{
				"name": "blink",
				"parent": "head",
				"pivot": [0, 18, 0],
				"cubes": [
					{"origin": [-4, 18, -4.001], "size": [8, 8, 0], "uv": [53, 54]}
				]
			},
			{
				"name": "hairSnake",
				"parent": "head",
				"pivot": [3, 22, -3]
			},
			{
				"name": "hairUpper",
				"parent": "hairSnake",
				"pivot": [3, 22, -3],
				"rotation": [-5, 0, -5],
				"cubes": [
					{"origin": [3, 17, -4], "size": [1, 5, 1], "uv": [4, 23]},
					{"origin": [2, 18, -5], "size": [3, 5, 3], "uv": [36, 63], "inflate": -0.9}
				]
			},
			{
				"name": "hairLower",
				"parent": "hairSnake",
				"pivot": [3, 22, -3],
				"cubes": [
					{"origin": [3.42272, 14.21196, -4.43197], "size": [1, 3, 1], "uv": [24, 47], "inflate": 0.03}
				]
			},
			{
				"name": "snake",
				"parent": "hairLower",
				"pivot": [3, 22, -3]
			},
			{
				"name": "snake1",
				"parent": "snake",
				"pivot": [3, 22, -3],
				"rotation": [0, 0, -15],
				"cubes": [
					{"origin": [1.59339, 16.54339, -4.97576], "size": [2, 1, 1], "uv": [37, 47], "inflate": -0.46},
					{"origin": [1.33634, 15.48688, -4.95197], "size": [2, 1, 1], "uv": [47, 29], "inflate": -0.4},
					{"origin": [1.05767, 14.44688, -4.95197], "size": [2, 1, 1], "uv": [47, 27], "inflate": -0.32}
				]
			},
			{
				"name": "snake2",
				"parent": "snake",
				"pivot": [3, 22, -3],
				"rotation": [-15, 0, 0],
				"cubes": [
					{"origin": [2.89816, 16.26449, -3.55428], "size": [1, 1, 2], "uv": [18, 42], "inflate": -0.46},
					{"origin": [2.89816, 15.22449, -3.27561], "size": [1, 1, 2], "uv": [0, 42], "inflate": -0.38},
					{"origin": [2.89816, 14.18449, -2.99694], "size": [1, 1, 2], "uv": [40, 7], "inflate": -0.3}
				]
			},
			{
				"name": "snake3",
				"parent": "snake",
				"pivot": [3, 22, -3],
				"rotation": [0, 0, 15],
				"cubes": [
					{"origin": [4.30248, 16.48334, -3.90741], "size": [2, 1, 1], "uv": [46, 15], "inflate": -0.44},
					{"origin": [4.58114, 15.44334, -3.90741], "size": [2, 1, 1], "uv": [45, 0], "inflate": -0.36},
					{"origin": [4.85981, 14.40334, -3.90741], "size": [2, 1, 1], "uv": [42, 26], "inflate": -0.3}
				]
			},
			{
				"name": "snake4",
				"parent": "snake",
				"pivot": [3, 22, -3],
				"rotation": [15, 0, 0],
				"cubes": [
					{"origin": [3.94272, 16.22573, -6.38108], "size": [1, 1, 2], "uv": [18, 39], "inflate": -0.42},
					{"origin": [3.94272, 15.18573, -6.65975], "size": [1, 1, 2], "uv": [0, 39], "inflate": -0.34},
					{"origin": [3.94272, 14.14573, -6.93842], "size": [1, 1, 2], "uv": [36, 6], "inflate": -0.3}
				]
			},
			{
				"name": "snakeHead",
				"parent": "hairLower",
				"pivot": [3, 22, -3],
				"cubes": [
					{"origin": [2.94272, 12.46144, -6.25925], "size": [3, 3, 3], "uv": [36, 0], "inflate": -1.26}
				]
			},
			{
				"name": "frog",
				"parent": "head",
				"pivot": [0, 18, 0],
				"rotation": [0, 0, 25],
				"cubes": [
					{"origin": [-7, 18.9, -9.11], "size": [13, 13, 10], "uv": [0, 0], "inflate": -5}
				]
			},
			{
				"name": "armRight",
				"pivot": [-3, 17.5, 0],
				"rotation": [0, 0, 25],
				"cubes": [
					{"origin": [-5, 9.5, -1], "size": [2, 8, 2], "uv": [68, 31]}
				]
			},
			{
				"name": "decorationRight",
				"parent": "armRight",
				"pivot": [-3, 17.5, 0]
			},
			{
				"name": "bone3",
				"parent": "decorationRight",
				"pivot": [-3, 17.5, 0],
				"cubes": [
					{"origin": [-5.5, 10.5, -1.5], "size": [3, 6, 3], "uv": [24, 62], "inflate": -0.49}
				]
			},
			{
				"name": "bone4",
				"parent": "decorationRight",
				"pivot": [-3, 16, -1],
				"rotation": [-24, 0, 0],
				"cubes": [
					{"origin": [-5.5, 10.92907, -1.48138], "size": [3, 6, 3], "uv": [12, 62], "inflate": -0.49}
				]
			},
			{
				"name": "bone5",
				"parent": "decorationRight",
				"pivot": [-3, 16, 1],
				"rotation": [24, 0, 0],
				"cubes": [
					{"origin": [-5.5, 10.92907, -1.51862], "size": [3, 6, 3], "uv": [0, 61], "inflate": -0.49}
				]
			},
			{
				"name": "bone6",
				"parent": "decorationRight",
				"pivot": [-3, 17.5, 0],
				"rotation": [0, 0, -45],
				"cubes": [
					{"origin": [-6.97487, 16.35355, -2.5], "size": [3, 4, 5], "uv": [37, 54], "inflate": -1.5},
					{"origin": [-5.56066, 14.93934, -2.5], "size": [4, 3, 5], "uv": [24, 47], "inflate": -1.5}
				]
			},
			{
				"name": "bone7",
				"parent": "decorationRight",
				"pivot": [-3, 17.5, 0],
				"rotation": [45, 0, 0],
				"cubes": [
					{"origin": [-6.5, 15.64645, -3.26777], "size": [5, 4, 3], "uv": [18, 55], "inflate": -1.5},
					{"origin": [-6.5, 14.23223, -1.85355], "size": [5, 3, 4], "uv": [0, 54], "inflate": -1.5}
				]
			},
			{
				"name": "bone8",
				"parent": "decorationRight",
				"pivot": [-3, 17.5, 0],
				"cubes": [
					{"origin": [-5.5, 15.5, -1.5], "size": [3, 1, 3], "uv": [79, 57], "inflate": -0.4}
				]
			},
			{
				"name": "decoration",
				"parent": "decorationRight",
				"pivot": [-5.3, 16.05, -0.1],
				"rotation": [-15, 0, 0],
				"mirror": true
			},
			{
				"name": "bone9",
				"parent": "decoration",
				"pivot": [-5.3, 16.05, -0.1],
				"rotation": [30, 0, 10],
				"mirror": true,
				"cubes": [
					{"origin": [-5.7, 14.45, -0.5], "size": [1, 2, 1], "uv": [64, 3], "inflate": -0.4, "mirror": false}
				]
			},
			{
				"name": "bone10",
				"parent": "bone9",
				"pivot": [-5.3, 16.05, -0.1],
				"rotation": [30, 0, 0],
				"mirror": true,
				"cubes": [
					{"origin": [-5.7, 13.41077, -1.1], "size": [1, 2, 1], "uv": [64, 0], "inflate": -0.4, "mirror": false}
				]
			},
			{
				"name": "bone11",
				"parent": "decoration",
				"pivot": [-5.3, 16.05, -0.1],
				"rotation": [0, 0, 10],
				"mirror": true,
				"cubes": [
					{"origin": [-5.7, 14.45, -0.5], "size": [1, 2, 1], "uv": [45, 63], "inflate": -0.4, "mirror": false}
				]
			},
			{
				"name": "bone12",
				"parent": "bone11",
				"pivot": [-5.3, 16.05, -0.1],
				"rotation": [30, 0, 0],
				"mirror": true,
				"cubes": [
					{"origin": [-5.7, 13.41077, -1.1], "size": [1, 2, 1], "uv": [57, 62], "inflate": -0.4, "mirror": false}
				]
			},
			{
				"name": "bone13",
				"parent": "decoration",
				"pivot": [-5.3, 16.05, -0.1],
				"rotation": [-15, 20, 20],
				"mirror": true,
				"cubes": [
					{"origin": [-5.7, 14.45, -0.6], "size": [1, 2, 1], "uv": [21, 62], "inflate": -0.4, "mirror": false}
				]
			},
			{
				"name": "bone14",
				"parent": "bone13",
				"pivot": [-5.3, 16.05, -0.1],
				"rotation": [-38, 0, 0],
				"mirror": true,
				"cubes": [
					{"origin": [-5.7, 14.45, -0.6], "size": [1, 2, 1], "uv": [33, 61], "inflate": -0.4, "mirror": false}
				]
			},
			{
				"name": "bone15",
				"parent": "bone13",
				"pivot": [-5.3, 16.05, -0.1],
				"rotation": [-109, 0, 0],
				"mirror": true,
				"cubes": [
					{"origin": [-5.7, 14.74613, 0.46718], "size": [1, 2, 1], "uv": [9, 61], "inflate": -0.4, "mirror": false}
				]
			},
			{
				"name": "bone16",
				"parent": "decoration",
				"pivot": [-5.3, 16.05, -0.1],
				"rotation": [100, -20, 20],
				"mirror": true,
				"cubes": [
					{"origin": [-5.7, 14.45, -0.6], "size": [1, 2, 1], "uv": [56, 47], "inflate": -0.4, "mirror": false}
				]
			},
			{
				"name": "bone17",
				"parent": "bone16",
				"pivot": [-5.3, 16.05, -0.1],
				"rotation": [-38, 0, 0],
				"mirror": true,
				"cubes": [
					{"origin": [-5.7, 14.45, -0.6], "size": [1, 2, 1], "uv": [56, 44], "inflate": -0.4, "mirror": false}
				]
			},
			{
				"name": "bone18",
				"parent": "bone16",
				"pivot": [-5.3, 16.05, -0.1],
				"rotation": [-109, 0, 0],
				"mirror": true,
				"cubes": [
					{"origin": [-5.7, 14.74613, 0.46718], "size": [1, 2, 1], "uv": [35, 55], "inflate": -0.4, "mirror": false}
				]
			},
			{
				"name": "armLeft",
				"pivot": [3, 17.5, 0],
				"rotation": [0, 0, -25],
				"cubes": [
					{"origin": [3, 9.5, -1], "size": [2, 8, 2], "uv": [0, 0]}
				]
			},
			{
				"name": "decorationRight2",
				"parent": "armLeft",
				"pivot": [3, 17.5, 0]
			},
			{
				"name": "bone103",
				"parent": "decorationRight2",
				"pivot": [3, 17.5, 0],
				"cubes": [
					{"origin": [2.5, 10.5, -1.5], "size": [3, 6, 3], "uv": [60, 44], "inflate": -0.49}
				]
			},
			{
				"name": "bone104",
				"parent": "decorationRight2",
				"pivot": [3, 16, -1],
				"rotation": [-24, 0, 0],
				"cubes": [
					{"origin": [2.5, 10.92907, -1.48138], "size": [3, 6, 3], "uv": [60, 22], "inflate": -0.49}
				]
			},
			{
				"name": "bone105",
				"parent": "decorationRight2",
				"pivot": [3, 16, 1],
				"rotation": [24, 0, 0],
				"cubes": [
					{"origin": [2.5, 10.92907, -1.51862], "size": [3, 6, 3], "uv": [56, 35], "inflate": -0.49}
				]
			},
			{
				"name": "bone106",
				"parent": "decorationRight2",
				"pivot": [3, 17.5, 0],
				"rotation": [0, 0, 45],
				"cubes": [
					{"origin": [3.97487, 16.35355, -2.5], "size": [3, 4, 5], "uv": [48, 26], "inflate": -1.5},
					{"origin": [1.56066, 14.93934, -2.5], "size": [4, 3, 5], "uv": [42, 18], "inflate": -1.5}
				]
			},
			{
				"name": "bone107",
				"parent": "decorationRight2",
				"pivot": [3, 17.5, 0],
				"rotation": [45, 0, 0],
				"cubes": [
					{"origin": [1.5, 15.64645, -3.26777], "size": [5, 4, 3], "uv": [55, 15], "inflate": -1.5},
					{"origin": [1.5, 14.23223, -1.85355], "size": [5, 3, 4], "uv": [42, 47], "inflate": -1.5}
				]
			},
			{
				"name": "bone108",
				"parent": "decorationRight2",
				"pivot": [3, 17.5, 0],
				"cubes": [
					{"origin": [2.5, 15.5, -1.5], "size": [3, 1, 3], "uv": [78, 71], "inflate": -0.4}
				]
			},
			{
				"name": "decoration2",
				"parent": "decorationRight2",
				"pivot": [5.3, 16.05, -0.1],
				"rotation": [-15, 0, 0]
			},
			{
				"name": "bone109",
				"parent": "decoration2",
				"pivot": [5.3, 16.05, -0.1],
				"rotation": [30, 0, -10],
				"cubes": [
					{"origin": [4.7, 14.45, -0.5], "size": [1, 2, 1], "uv": [31, 55], "inflate": -0.4}
				]
			},
			{
				"name": "bone110",
				"parent": "bone109",
				"pivot": [5.3, 16.05, -0.1],
				"rotation": [30, 0, 0],
				"cubes": [
					{"origin": [4.7, 13.41077, -1.1], "size": [1, 2, 1], "uv": [48, 54], "inflate": -0.4}
				]
			},
			{
				"name": "bone111",
				"parent": "decoration2",
				"pivot": [5.3, 16.05, -0.1],
				"rotation": [0, 0, -10],
				"cubes": [
					{"origin": [4.7, 14.45, -0.5], "size": [1, 2, 1], "uv": [14, 54], "inflate": -0.4}
				]
			},
			{
				"name": "bone112",
				"parent": "bone111",
				"pivot": [5.3, 16.05, -0.1],
				"rotation": [30, 0, 0],
				"cubes": [
					{"origin": [4.7, 13.41077, -1.1], "size": [1, 2, 1], "uv": [0, 54], "inflate": -0.4}
				]
			},
			{
				"name": "bone113",
				"parent": "decoration2",
				"pivot": [5.3, 16.05, -0.1],
				"rotation": [-15, -20, -20],
				"cubes": [
					{"origin": [4.7, 14.45, -0.6], "size": [1, 2, 1], "uv": [52, 35], "inflate": -0.4}
				]
			},
			{
				"name": "bone114",
				"parent": "bone113",
				"pivot": [5.3, 16.05, -0.1],
				"rotation": [-38, 0, 0],
				"cubes": [
					{"origin": [4.7, 14.45, -0.6], "size": [1, 2, 1], "uv": [52, 15], "inflate": -0.4}
				]
			},
			{
				"name": "bone115",
				"parent": "bone113",
				"pivot": [5.3, 16.05, -0.1],
				"rotation": [-109, 0, 0],
				"cubes": [
					{"origin": [4.7, 14.74613, 0.46718], "size": [1, 2, 1], "uv": [37, 49], "inflate": -0.4}
				]
			},
			{
				"name": "bone116",
				"parent": "decoration2",
				"pivot": [5.3, 16.05, -0.1],
				"rotation": [100, 20, -20],
				"cubes": [
					{"origin": [4.7, 14.45, -0.6], "size": [1, 2, 1], "uv": [42, 48], "inflate": -0.4}
				]
			},
			{
				"name": "bone117",
				"parent": "bone116",
				"pivot": [5.3, 16.05, -0.1],
				"rotation": [-38, 0, 0],
				"cubes": [
					{"origin": [4.7, 14.45, -0.6], "size": [1, 2, 1], "uv": [48, 35], "inflate": -0.4}
				]
			},
			{
				"name": "bone118",
				"parent": "bone116",
				"pivot": [5.3, 16.05, -0.1],
				"rotation": [-109, 0, 0],
				"cubes": [
					{"origin": [4.7, 14.74613, 0.46718], "size": [1, 2, 1], "uv": [48, 2], "inflate": -0.4}
				]
			},
			{
				"name": "body",
				"pivot": [0, 10.5, 0],
				"cubes": [
					{"origin": [-3, 8.999, -3], "size": [6, 9, 6], "uv": [46, 0]},
					{"origin": [-3, 8.999, -3], "size": [6, 9, 6], "uv": [0, 39], "inflate": 0.1},
					{"origin": [-3, 9.999, -3], "size": [6, 1, 6], "uv": [24, 23], "inflate": 0.12}
				]
			},
			{
				"name": "sittingRotationSkirt",
				"parent": "body",
				"pivot": [0, 10.5, 0]
			},
			{
				"name": "bone",
				"parent": "sittingRotationSkirt",
				"pivot": [0, 16.5, 0]
			},
			{
				"name": "bone2",
				"parent": "bone",
				"pivot": [0, 6, 0]
			},
			{
				"name": "bone19",
				"parent": "bone2",
				"pivot": [0, 6, 6.19607],
				"rotation": [38, 0, 0]
			},
			{
				"name": "bone20",
				"parent": "bone19",
				"pivot": [0, 6, 6.19607],
				"rotation": [0, -45, 0],
				"cubes": [
					{"origin": [-1, 6, 5.19607], "size": [2, 7, 2], "uv": [40, 80]}
				]
			},
			{
				"name": "bone21",
				"parent": "bone",
				"pivot": [0, 6, 0],
				"rotation": [0, -25.71429, 0]
			},
			{
				"name": "bone22",
				"parent": "bone21",
				"pivot": [0, 6, 6.19607],
				"rotation": [38, 0, 0]
			},
			{
				"name": "bone23",
				"parent": "bone22",
				"pivot": [0, 6, 6.19607],
				"rotation": [0, -45, 0],
				"cubes": [
					{"origin": [-1, 6, 5.19607], "size": [2, 7, 2], "uv": [80, 36]}
				]
			},
			{
				"name": "bone24",
				"parent": "bone",
				"pivot": [0, 6, 0],
				"rotation": [0, -51.42857, 0]
			},
			{
				"name": "bone25",
				"parent": "bone24",
				"pivot": [0, 6, 6.19607],
				"rotation": [38, 0, 0]
			},
			{
				"name": "bone26",
				"parent": "bone25",
				"pivot": [0, 6, 6.19607],
				"rotation": [0, -45, 0],
				"cubes": [
					{"origin": [-1, 6, 5.19607], "size": [2, 7, 2], "uv": [32, 80]}
				]
			},
			{
				"name": "bone27",
				"parent": "bone",
				"pivot": [0, 6, 0],
				"rotation": [0, -77.14286, 0]
			},
			{
				"name": "bone28",
				"parent": "bone27",
				"pivot": [0, 6, 6.19607],
				"rotation": [38, 0, 0]
			},
			{
				"name": "bone29",
				"parent": "bone28",
				"pivot": [0, 6, 6.19607],
				"rotation": [0, -45, 0],
				"cubes": [
					{"origin": [-1, 6, 5.19607], "size": [2, 7, 2], "uv": [24, 80]}
				]
			},
			{
				"name": "bone30",
				"parent": "bone",
				"pivot": [0, 6, 0],
				"rotation": [0, -102.85714, 0]
			},
			{
				"name": "bone31",
				"parent": "bone30",
				"pivot": [0, 6, 6.19607],
				"rotation": [38, 0, 0]
			},
			{
				"name": "bone32",
				"parent": "bone31",
				"pivot": [0, 6, 6.19607],
				"rotation": [0, -45, 0],
				"cubes": [
					{"origin": [-1, 6, 5.19607], "size": [2, 7, 2], "uv": [80, 18]}
				]
			},
			{
				"name": "bone33",
				"parent": "bone",
				"pivot": [0, 6, 0],
				"rotation": [0, -128.57143, 0]
			},
			{
				"name": "bone34",
				"parent": "bone33",
				"pivot": [0, 6, 6.19607],
				"rotation": [38, 0, 0]
			},
			{
				"name": "bone35",
				"parent": "bone34",
				"pivot": [0, 6, 6.19607],
				"rotation": [0, -45, 0],
				"cubes": [
					{"origin": [-1, 6, 5.19607], "size": [2, 7, 2], "uv": [16, 80]}
				]
			},
			{
				"name": "bone36",
				"parent": "bone",
				"pivot": [0, 6, 0],
				"rotation": [0, -154.28571, 0]
			},
			{
				"name": "bone37",
				"parent": "bone36",
				"pivot": [0, 6, 6.19607],
				"rotation": [38, 0, 0]
			},
			{
				"name": "bone38",
				"parent": "bone37",
				"pivot": [0, 6, 6.19607],
				"rotation": [0, -45, 0],
				"cubes": [
					{"origin": [-1, 6, 5.19607], "size": [2, 7, 2], "uv": [8, 80]}
				]
			},
			{
				"name": "bone39",
				"parent": "bone",
				"pivot": [0, 6, 0],
				"rotation": [0, -180, 0]
			},
			{
				"name": "bone40",
				"parent": "bone39",
				"pivot": [0, 6, 6.19607],
				"rotation": [38, 0, 0]
			},
			{
				"name": "bone41",
				"parent": "bone40",
				"pivot": [0, 6, 6.19607],
				"rotation": [0, -45, 0],
				"cubes": [
					{"origin": [-1, 6, 5.19607], "size": [2, 7, 2], "uv": [79, 48]}
				]
			},
			{
				"name": "bone42",
				"parent": "bone",
				"pivot": [0, 6, 0],
				"rotation": [0, -205.71429, 0]
			},
			{
				"name": "bone43",
				"parent": "bone42",
				"pivot": [0, 6, 6.19607],
				"rotation": [38, 0, 0]
			},
			{
				"name": "bone44",
				"parent": "bone43",
				"pivot": [0, 6, 6.19607],
				"rotation": [0, -45, 0],
				"cubes": [
					{"origin": [-1, 6, 5.19607], "size": [2, 7, 2], "uv": [0, 79]}
				]
			},
			{
				"name": "bone45",
				"parent": "bone",
				"pivot": [0, 6, 0],
				"rotation": [0, -231.42857, 0]
			},
			{
				"name": "bone46",
				"parent": "bone45",
				"pivot": [0, 6, 6.19607],
				"rotation": [38, 0, 0]
			},
			{
				"name": "bone47",
				"parent": "bone46",
				"pivot": [0, 6, 6.19607],
				"rotation": [0, -45, 0],
				"cubes": [
					{"origin": [-1, 6, 5.19607], "size": [2, 7, 2], "uv": [78, 62]}
				]
			},
			{
				"name": "bone48",
				"parent": "bone",
				"pivot": [0, 6, 0],
				"rotation": [0, -257.14286, 0]
			},
			{
				"name": "bone49",
				"parent": "bone48",
				"pivot": [0, 6, 6.19607],
				"rotation": [38, 0, 0]
			},
			{
				"name": "bone50",
				"parent": "bone49",
				"pivot": [0, 6, 6.19607],
				"rotation": [0, -45, 0],
				"cubes": [
					{"origin": [-1, 6, 5.19607], "size": [2, 7, 2], "uv": [78, 9]}
				]
			},
			{
				"name": "bone51",
				"parent": "bone",
				"pivot": [0, 6, 0],
				"rotation": [0, -282.85714, 0]
			},
			{
				"name": "bone52",
				"parent": "bone51",
				"pivot": [0, 6, 6.19607],
				"rotation": [38, 0, 0]
			},
			{
				"name": "bone53",
				"parent": "bone52",
				"pivot": [0, 6, 6.19607],
				"rotation": [0, -45, 0],
				"cubes": [
					{"origin": [-1, 6, 5.19607], "size": [2, 7, 2], "uv": [78, 0]}
				]
			},
			{
				"name": "bone54",
				"parent": "bone",
				"pivot": [0, 6, 0],
				"rotation": [0, -308.57143, 0]
			},
			{
				"name": "bone55",
				"parent": "bone54",
				"pivot": [0, 6, 6.19607],
				"rotation": [38, 0, 0]
			},
			{
				"name": "bone56",
				"parent": "bone55",
				"pivot": [0, 6, 6.19607],
				"rotation": [0, -45, 0],
				"cubes": [
					{"origin": [-1, 6, 5.19607], "size": [2, 7, 2], "uv": [76, 27]}
				]
			},
			{
				"name": "bone57",
				"parent": "bone",
				"pivot": [0, 6, 0],
				"rotation": [0, -334.28571, 0]
			},
			{
				"name": "bone58",
				"parent": "bone57",
				"pivot": [0, 6, 6.19607],
				"rotation": [38, 0, 0]
			},
			{
				"name": "bone59",
				"parent": "bone58",
				"pivot": [0, 6, 6.19607],
				"rotation": [0, -45, 0],
				"cubes": [
					{"origin": [-1, 6, 5.19607], "size": [2, 7, 2], "uv": [72, 73]}
				]
			},
			{
				"name": "bone60",
				"parent": "sittingRotationSkirt",
				"pivot": [0, 15.5, 0]
			},
			{
				"name": "bone61",
				"parent": "bone60",
				"pivot": [0, 5, 0]
			},
			{
				"name": "bone62",
				"parent": "bone61",
				"pivot": [0, 5, 6.19607],
				"rotation": [38, 0, 0]
			},
			{
				"name": "bone63",
				"parent": "bone62",
				"pivot": [0, 5, 6.19607],
				"rotation": [0, -45, 0],
				"cubes": [
					{"origin": [-1, 5, 5.19607], "size": [2, 7, 2], "uv": [64, 73]}
				]
			},
			{
				"name": "bone64",
				"parent": "bone60",
				"pivot": [0, 5, 0],
				"rotation": [0, -25.71429, 0]
			},
			{
				"name": "bone65",
				"parent": "bone64",
				"pivot": [0, 5, 6.19607],
				"rotation": [38, 0, 0]
			},
			{
				"name": "bone66",
				"parent": "bone65",
				"pivot": [0, 5, 6.19607],
				"rotation": [0, -45, 0],
				"cubes": [
					{"origin": [-1, 5, 5.19607], "size": [2, 7, 2], "uv": [56, 73]}
				]
			},
			{
				"name": "bone67",
				"parent": "bone60",
				"pivot": [0, 5, 0],
				"rotation": [0, -51.42857, 0]
			},
			{
				"name": "bone68",
				"parent": "bone67",
				"pivot": [0, 5, 6.19607],
				"rotation": [38, 0, 0]
			},
			{
				"name": "bone69",
				"parent": "bone68",
				"pivot": [0, 5, 6.19607],
				"rotation": [0, -45, 0],
				"cubes": [
					{"origin": [-1, 5, 5.19607], "size": [2, 7, 2], "uv": [48, 73]}
				]
			},
			{
				"name": "bone70",
				"parent": "bone60",
				"pivot": [0, 5, 0],
				"rotation": [0, -77.14286, 0]
			},
			{
				"name": "bone71",
				"parent": "bone70",
				"pivot": [0, 5, 6.19607],
				"rotation": [38, 0, 0]
			},
			{
				"name": "bone72",
				"parent": "bone71",
				"pivot": [0, 5, 6.19607],
				"rotation": [0, -45, 0],
				"cubes": [
					{"origin": [-1, 5, 5.19607], "size": [2, 7, 2], "uv": [72, 41]}
				]
			},
			{
				"name": "bone73",
				"parent": "bone60",
				"pivot": [0, 5, 0],
				"rotation": [0, -102.85714, 0]
			},
			{
				"name": "bone74",
				"parent": "bone73",
				"pivot": [0, 5, 6.19607],
				"rotation": [38, 0, 0]
			},
			{
				"name": "bone75",
				"parent": "bone74",
				"pivot": [0, 5, 6.19607],
				"rotation": [0, -45, 0],
				"cubes": [
					{"origin": [-1, 5, 5.19607], "size": [2, 7, 2], "uv": [72, 18]}
				]
			},
			{
				"name": "bone76",
				"parent": "bone60",
				"pivot": [0, 5, 0],
				"rotation": [0, -128.57143, 0]
			},
			{
				"name": "bone77",
				"parent": "bone76",
				"pivot": [0, 5, 6.19607],
				"rotation": [38, 0, 0]
			},
			{
				"name": "bone78",
				"parent": "bone77",
				"pivot": [0, 5, 6.19607],
				"rotation": [0, -45, 0],
				"cubes": [
					{"origin": [-1, 5, 5.19607], "size": [2, 7, 2], "uv": [40, 71]}
				]
			},
			{
				"name": "bone79",
				"parent": "bone60",
				"pivot": [0, 5, 0],
				"rotation": [0, -154.28571, 0]
			},
			{
				"name": "bone80",
				"parent": "bone79",
				"pivot": [0, 5, 6.19607],
				"rotation": [38, 0, 0]
			},
			{
				"name": "bone81",
				"parent": "bone80",
				"pivot": [0, 5, 6.19607],
				"rotation": [0, -45, 0],
				"cubes": [
					{"origin": [-1, 5, 5.19607], "size": [2, 7, 2], "uv": [32, 71]}
				]
			},
			{
				"name": "bone82",
				"parent": "bone60",
				"pivot": [0, 5, 0],
				"rotation": [0, -180, 0]
			},
			{
				"name": "bone83",
				"parent": "bone82",
				"pivot": [0, 5, 6.19607],
				"rotation": [38, 0, 0]
			},
			{
				"name": "bone84",
				"parent": "bone83",
				"pivot": [0, 5, 6.19607],
				"rotation": [0, -45, 0],
				"cubes": [
					{"origin": [-1, 5, 5.19607], "size": [2, 7, 2], "uv": [24, 71]}
				]
			},
			{
				"name": "bone85",
				"parent": "bone60",
				"pivot": [0, 5, 0],
				"rotation": [0, -205.71429, 0]
			},
			{
				"name": "bone86",
				"parent": "bone85",
				"pivot": [0, 5, 6.19607],
				"rotation": [38, 0, 0]
			},
			{
				"name": "bone87",
				"parent": "bone86",
				"pivot": [0, 5, 6.19607],
				"rotation": [0, -45, 0],
				"cubes": [
					{"origin": [-1, 5, 5.19607], "size": [2, 7, 2], "uv": [16, 71]}
				]
			},
			{
				"name": "bone88",
				"parent": "bone60",
				"pivot": [0, 5, 0],
				"rotation": [0, -231.42857, 0]
			},
			{
				"name": "bone89",
				"parent": "bone88",
				"pivot": [0, 5, 6.19607],
				"rotation": [38, 0, 0]
			},
			{
				"name": "bone90",
				"parent": "bone89",
				"pivot": [0, 5, 6.19607],
				"rotation": [0, -45, 0],
				"cubes": [
					{"origin": [-1, 5, 5.19607], "size": [2, 7, 2], "uv": [8, 71]}
				]
			},
			{
				"name": "bone91",
				"parent": "bone60",
				"pivot": [0, 5, 0],
				"rotation": [0, -257.14286, 0]
			},
			{
				"name": "bone92",
				"parent": "bone91",
				"pivot": [0, 5, 6.19607],
				"rotation": [38, 0, 0]
			},
			{
				"name": "bone93",
				"parent": "bone92",
				"pivot": [0, 5, 6.19607],
				"rotation": [0, -45, 0],
				"cubes": [
					{"origin": [-1, 5, 5.19607], "size": [2, 7, 2], "uv": [70, 64]}
				]
			},
			{
				"name": "bone94",
				"parent": "bone60",
				"pivot": [0, 5, 0],
				"rotation": [0, -282.85714, 0]
			},
			{
				"name": "bone95",
				"parent": "bone94",
				"pivot": [0, 5, 6.19607],
				"rotation": [38, 0, 0]
			},
			{
				"name": "bone96",
				"parent": "bone95",
				"pivot": [0, 5, 6.19607],
				"rotation": [0, -45, 0],
				"cubes": [
					{"origin": [-1, 5, 5.19607], "size": [2, 7, 2], "uv": [70, 9]}
				]
			},
			{
				"name": "bone97",
				"parent": "bone60",
				"pivot": [0, 5, 0],
				"rotation": [0, -308.57143, 0]
			},
			{
				"name": "bone98",
				"parent": "bone97",
				"pivot": [0, 5, 6.19607],
				"rotation": [38, 0, 0]
			},
			{
				"name": "bone99",
				"parent": "bone98",
				"pivot": [0, 5, 6.19607],
				"rotation": [0, -45, 0],
				"cubes": [
					{"origin": [-1, 5, 5.19607], "size": [2, 7, 2], "uv": [70, 0]}
				]
			},
			{
				"name": "bone100",
				"parent": "bone60",
				"pivot": [0, 5, 0],
				"rotation": [0, -334.28571, 0]
			},
			{
				"name": "bone101",
				"parent": "bone100",
				"pivot": [0, 5, 6.19607],
				"rotation": [38, 0, 0]
			},
			{
				"name": "bone102",
				"parent": "bone101",
				"pivot": [0, 5, 6.19607],
				"rotation": [0, -45, 0],
				"cubes": [
					{"origin": [-1, 5, 5.19607], "size": [2, 7, 2], "uv": [0, 70]}
				]
			},
			{
				"name": "chestPlate",
				"parent": "body",
				"pivot": [0, 10.5, 0]
			},
			{
				"name": "attackShow",
				"parent": "chestPlate",
				"pivot": [0, 10.5, 0]
			},
			{
				"name": "sinFloat",
				"parent": "attackShow",
				"pivot": [0, 14.5, 0],
				"rotation": [0, 0, 20],
				"cubes": [
					{"origin": [10, 14.5, -4], "size": [1, 7, 1], "uv": [0, 23], "inflate": -0.2},
					{"origin": [9.5, 19.5, -3.5], "size": [2, 5, 0], "uv": [24, 23]}
				]
			},
			{
				"name": "legLeft",
				"pivot": [2, 9, 0],
				"cubes": [
					{"origin": [0.499, 0.1, -1.5], "size": [2.75, 8.9, 3], "uv": [60, 62]},
					{"origin": [0.499, 0.1, -1.5], "size": [2.75, 4, 3], "uv": [69, 50], "inflate": 0.1},
					{"origin": [0.499, 0.1, -1.5], "size": [2.75, 2, 3], "uv": [48, 82], "inflate": 0.2}
				]
			},
			{
				"name": "legRight",
				"pivot": [-2, 9, 0],
				"cubes": [
					{"origin": [-3.249, 0.2, -1.5], "size": [2.75, 8.8, 3], "uv": [50, 62]},
					{"origin": [-3.249, 0.2, -1.5], "size": [2.75, 4, 3], "uv": [69, 57], "inflate": 0.1},
					{"origin": [-3.249, 0.2, -1.5], "size": [2.75, 2, 3], "uv": [77, 79], "inflate": 0.2}
				]
			}
		]
	}
}