{
	"format_version": "1.10.0",
	"geometry.model": {
		"texturewidth": 128,
		"textureheight": 128,
		"visible_bounds_width": 4,
		"visible_bounds_height": 4,
		"visible_bounds_offset": [0, 1, 0],
		"bones": [
			{
				"name": "head",
				"pivot": [0, 18, 0],
				"cubes": [
					{"origin": [-4, 18, -4], "size": [8, 8, 8], "uv": [40, 20]},
					{"origin": [-4, 18, -4], "size": [8, 8, 8], "uv": [28, 4], "inflate": 0.1}
				]
			},
			{
				"name": "blink",
				"parent": "head",
				"pivot": [0, 18, 0],
				"cubes": [
					{"origin": [-4, 18, -4.001], "size": [8, 8, 0], "uv": [52, 0]}
				]
			},
			{
				"name": "ahoge",
				"parent": "head",
				"pivot": [0, -3, 0],
				"cubes": [
					{"origin": [-4.5, 26.98205, 0], "size": [9, 2, 0], "uv": [0, 15]}
				]
			},
			{
				"name": "bone189",
				"parent": "ahoge",
				"pivot": [0, 27, 0],
				"rotation": [0, 0, -30],
				"cubes": [
					{"origin": [-0.5, 27, -0.5], "size": [1, 2, 1], "uv": [62, 36]}
				]
			},
			{
				"name": "bone190",
				"parent": "ahoge",
				"pivot": [0, 27, 0],
				"rotation": [0, 0, 30],
				"cubes": [
					{"origin": [-0.5, 27, -0.5], "size": [1, 2, 1], "uv": [56, 51]}
				]
			},
			{
				"name": "bone191",
				"parent": "ahoge",
				"pivot": [0, 27, 0],
				"rotation": [0, 0, -60],
				"cubes": [
					{"origin": [0.43301, 28.48205, -0.5], "size": [1, 2, 1], "uv": [29, 56]}
				]
			},
			{
				"name": "bone192",
				"parent": "ahoge",
				"pivot": [0, 27, 0],
				"rotation": [0, 0, 60],
				"cubes": [
					{"origin": [-1.43301, 28.48205, -0.5], "size": [1, 2, 1], "uv": [25, 56]}
				]
			},
			{
				"name": "bone193",
				"parent": "ahoge",
				"pivot": [0, 27, 0],
				"rotation": [0, 0, -90],
				"cubes": [
					{"origin": [1.98205, 22.70096, -0.5], "size": [1, 2, 1], "uv": [56, 8]},
					{"origin": [1.98205, 29.29904, -0.5], "size": [1, 2, 1], "uv": [52, 8]}
				]
			},
			{
				"name": "cap",
				"parent": "head",
				"pivot": [0, 18, 0],
				"cubes": [
					{"origin": [-4.5, 24, -4.5], "size": [9, 3, 9], "uv": [0, 0]},
					{"origin": [-4.5, 24, -7.5], "size": [9, 0, 3], "uv": [0, 12]}
				]
			},
			{
				"name": "ear",
				"parent": "head",
				"pivot": [0, 0, 0],
				"rotation": [0, 0, -20]
			},
			{
				"name": "bone194",
				"parent": "ear",
				"pivot": [0, 0, 0],
				"cubes": [
					{"origin": [10.94119, 18.86633, -0.63447], "size": [4, 0, 1], "uv": [113, 121], "mirror": true},
					{"origin": [10.99079, 18.95218, -0.63497], "size": [4, 0, 1], "uv": [109, 97], "mirror": true}
				]
			},
			{
				"name": "bone195",
				"parent": "ear",
				"pivot": [0, 0, 0],
				"rotation": [30, 0, 0],
				"cubes": [
					{"origin": [10.94119, 16.65496, 7.88369], "size": [3, 0, 1], "uv": [105, 116], "mirror": true},
					{"origin": [10.99076, 16.72956, 7.92619], "size": [3, 0, 1], "uv": [105, 115], "mirror": true}
				]
			},
			{
				"name": "bone196",
				"parent": "ear",
				"pivot": [0, 0, 0],
				"rotation": [-30, 0, 0],
				"cubes": [
					{"origin": [10.94119, 16.52148, -9.11661], "size": [3, 0, 1], "uv": [105, 116], "mirror": true},
					{"origin": [10.99076, 16.59558, -9.15997], "size": [3, 0, 1], "uv": [105, 115], "mirror": true}
				]
			},
			{
				"name": "ear2",
				"parent": "head",
				"pivot": [0, 0, 0],
				"rotation": [0, 0, 20]
			},
			{
				"name": "bone129",
				"parent": "ear2",
				"pivot": [0, 0, 0],
				"cubes": [
					{"origin": [-14.94119, 18.86633, -0.63447], "size": [4, 0, 1], "uv": [113, 121]},
					{"origin": [-14.99079, 18.95218, -0.63497], "size": [4, 0, 1], "uv": [109, 97]}
				]
			},
			{
				"name": "bone130",
				"parent": "ear2",
				"pivot": [0, 0, 0],
				"rotation": [30, 0, 0],
				"cubes": [
					{"origin": [-13.94119, 16.65496, 7.88369], "size": [3, 0, 1], "uv": [105, 116]},
					{"origin": [-13.99076, 16.72956, 7.92619], "size": [3, 0, 1], "uv": [105, 115]}
				]
			},
			{
				"name": "bone131",
				"parent": "ear2",
				"pivot": [0, 0, 0],
				"rotation": [-30, 0, 0],
				"cubes": [
					{"origin": [-13.94119, 16.52148, -9.11661], "size": [3, 0, 1], "uv": [105, 116]},
					{"origin": [-13.99076, 16.59558, -9.15997], "size": [3, 0, 1], "uv": [105, 115]}
				]
			},
			{
				"name": "armRight",
				"pivot": [-3, 17.5, 0],
				"rotation": [0, 0, 25],
				"cubes": [
					{"origin": [-5, 8.5, -1], "size": [2, 8, 2], "uv": [67, 62]},
					{"origin": [-5.5, 9.5, -1.5], "size": [3, 8, 3], "uv": [60, 8], "inflate": -0.2}
				]
			},
			{
				"name": "armLeft",
				"pivot": [3, 17.5, 0],
				"rotation": [0, 0, -25],
				"cubes": [
					{"origin": [2.5, 9.5, -1.5], "size": [3, 8, 3], "uv": [58, 51], "inflate": -0.2},
					{"origin": [3, 8.5, -1], "size": [2, 8, 2], "uv": [24, 67]}
				]
			},
			{
				"name": "body",
				"pivot": [0, 10.5, 0],
				"cubes": [
					{"origin": [-3, 8.999, -3], "size": [6, 9, 6], "uv": [0, 56]},
					{"origin": [-3, 8.999, -3], "size": [6, 9, 6], "uv": [34, 51], "inflate": 0.1},
					{"origin": [-3, 8.999, -3], "size": [6, 9, 6], "uv": [40, 36], "inflate": 0.12}
				]
			},
			{
				"name": "sittingRotationSkirt",
				"parent": "body",
				"pivot": [0, 10.5, 0]
			},
			{
				"name": "bone",
				"parent": "sittingRotationSkirt",
				"pivot": [0, 16.5, 0]
			},
			{
				"name": "bone2",
				"parent": "bone",
				"pivot": [0, 6, 0]
			},
			{
				"name": "bone3",
				"parent": "bone2",
				"pivot": [0, 6, 6.19607],
				"rotation": [39, 0, 0]
			},
			{
				"name": "bone4",
				"parent": "bone3",
				"pivot": [0, 6, 6.19607],
				"rotation": [0, -45, 0],
				"cubes": [
					{"origin": [-1, 6, 5.19607], "size": [2, 7, 2], "uv": [59, 81]}
				]
			},
			{
				"name": "bone5",
				"parent": "bone",
				"pivot": [0, 6, 0],
				"rotation": [0, -25.71429, 0]
			},
			{
				"name": "bone6",
				"parent": "bone5",
				"pivot": [0, 6, 6.19607],
				"rotation": [39, 0, 0]
			},
			{
				"name": "bone7",
				"parent": "bone6",
				"pivot": [0, 6, 6.19607],
				"rotation": [0, -45, 0],
				"cubes": [
					{"origin": [-1, 6, 5.19607], "size": [2, 7, 2], "uv": [80, 25]}
				]
			},
			{
				"name": "bone8",
				"parent": "bone",
				"pivot": [0, 6, 0],
				"rotation": [0, -51.42857, 0]
			},
			{
				"name": "bone9",
				"parent": "bone8",
				"pivot": [0, 6, 6.19607],
				"rotation": [39, 0, 0]
			},
			{
				"name": "bone10",
				"parent": "bone9",
				"pivot": [0, 6, 6.19607],
				"rotation": [0, -45, 0],
				"cubes": [
					{"origin": [-1, 6, 5.19607], "size": [2, 7, 2], "uv": [16, 80]}
				]
			},
			{
				"name": "bone11",
				"parent": "bone",
				"pivot": [0, 6, 0],
				"rotation": [0, -77.14286, 0]
			},
			{
				"name": "bone12",
				"parent": "bone11",
				"pivot": [0, 6, 6.19607],
				"rotation": [39, 0, 0]
			},
			{
				"name": "bone13",
				"parent": "bone12",
				"pivot": [0, 6, 6.19607],
				"rotation": [0, -45, 0],
				"cubes": [
					{"origin": [-1, 6, 5.19607], "size": [2, 7, 2], "uv": [8, 80]}
				]
			},
			{
				"name": "bone14",
				"parent": "bone",
				"pivot": [0, 6, 0],
				"rotation": [0, -102.85714, 0]
			},
			{
				"name": "bone15",
				"parent": "bone14",
				"pivot": [0, 6, 6.19607],
				"rotation": [39, 0, 0]
			},
			{
				"name": "bone16",
				"parent": "bone15",
				"pivot": [0, 6, 6.19607],
				"rotation": [0, -45, 0],
				"cubes": [
					{"origin": [-1, 6, 5.19607], "size": [2, 7, 2], "uv": [0, 80]}
				]
			},
			{
				"name": "bone17",
				"parent": "bone",
				"pivot": [0, 6, 0],
				"rotation": [0, -128.57143, 0]
			},
			{
				"name": "bone18",
				"parent": "bone17",
				"pivot": [0, 6, 6.19607],
				"rotation": [39, 0, 0]
			},
			{
				"name": "bone19",
				"parent": "bone18",
				"pivot": [0, 6, 6.19607],
				"rotation": [0, -45, 0],
				"cubes": [
					{"origin": [-1, 6, 5.19607], "size": [2, 7, 2], "uv": [79, 74]}
				]
			},
			{
				"name": "bone20",
				"parent": "bone",
				"pivot": [0, 6, 0],
				"rotation": [0, -154.28571, 0]
			},
			{
				"name": "bone21",
				"parent": "bone20",
				"pivot": [0, 6, 6.19607],
				"rotation": [39, 0, 0]
			},
			{
				"name": "bone22",
				"parent": "bone21",
				"pivot": [0, 6, 6.19607],
				"rotation": [0, -45, 0],
				"cubes": [
					{"origin": [-1, 6, 5.19607], "size": [2, 7, 2], "uv": [51, 78]}
				]
			},
			{
				"name": "bone23",
				"parent": "bone",
				"pivot": [0, 6, 0],
				"rotation": [0, -180, 0]
			},
			{
				"name": "bone24",
				"parent": "bone23",
				"pivot": [0, 6, 6.19607],
				"rotation": [39, 0, 0]
			},
			{
				"name": "bone25",
				"parent": "bone24",
				"pivot": [0, 6, 6.19607],
				"rotation": [0, -45, 0],
				"cubes": [
					{"origin": [-1, 6, 5.19607], "size": [2, 7, 2], "uv": [78, 44]}
				]
			},
			{
				"name": "bone26",
				"parent": "bone",
				"pivot": [0, 6, 0],
				"rotation": [0, -205.71429, 0]
			},
			{
				"name": "bone27",
				"parent": "bone26",
				"pivot": [0, 6, 6.19607],
				"rotation": [39, 0, 0]
			},
			{
				"name": "bone28",
				"parent": "bone27",
				"pivot": [0, 6, 6.19607],
				"rotation": [0, -45, 0],
				"cubes": [
					{"origin": [-1, 6, 5.19607], "size": [2, 7, 2], "uv": [78, 16]}
				]
			},
			{
				"name": "bone29",
				"parent": "bone",
				"pivot": [0, 6, 0],
				"rotation": [0, -231.42857, 0]
			},
			{
				"name": "bone30",
				"parent": "bone29",
				"pivot": [0, 6, 6.19607],
				"rotation": [39, 0, 0]
			},
			{
				"name": "bone31",
				"parent": "bone30",
				"pivot": [0, 6, 6.19607],
				"rotation": [0, -45, 0],
				"cubes": [
					{"origin": [-1, 6, 5.19607], "size": [2, 7, 2], "uv": [77, 65]}
				]
			},
			{
				"name": "bone32",
				"parent": "bone",
				"pivot": [0, 6, 0],
				"rotation": [0, -257.14286, 0]
			},
			{
				"name": "bone33",
				"parent": "bone32",
				"pivot": [0, 6, 6.19607],
				"rotation": [39, 0, 0]
			},
			{
				"name": "bone34",
				"parent": "bone33",
				"pivot": [0, 6, 6.19607],
				"rotation": [0, -45, 0],
				"cubes": [
					{"origin": [-1, 6, 5.19607], "size": [2, 7, 2], "uv": [32, 77]}
				]
			},
			{
				"name": "bone35",
				"parent": "bone",
				"pivot": [0, 6, 0],
				"rotation": [0, -282.85714, 0]
			},
			{
				"name": "bone36",
				"parent": "bone35",
				"pivot": [0, 6, 6.19607],
				"rotation": [39, 0, 0]
			},
			{
				"name": "bone37",
				"parent": "bone36",
				"pivot": [0, 6, 6.19607],
				"rotation": [0, -45, 0],
				"cubes": [
					{"origin": [-1, 6, 5.19607], "size": [2, 7, 2], "uv": [24, 77]}
				]
			},
			{
				"name": "bone38",
				"parent": "bone",
				"pivot": [0, 6, 0],
				"rotation": [0, -308.57143, 0]
			},
			{
				"name": "bone39",
				"parent": "bone38",
				"pivot": [0, 6, 6.19607],
				"rotation": [39, 0, 0]
			},
			{
				"name": "bone40",
				"parent": "bone39",
				"pivot": [0, 6, 6.19607],
				"rotation": [0, -45, 0],
				"cubes": [
					{"origin": [-1, 6, 5.19607], "size": [2, 7, 2], "uv": [77, 0]}
				]
			},
			{
				"name": "bone41",
				"parent": "bone",
				"pivot": [0, 6, 0],
				"rotation": [0, -334.28571, 0]
			},
			{
				"name": "bone42",
				"parent": "bone41",
				"pivot": [0, 6, 6.19607],
				"rotation": [39, 0, 0]
			},
			{
				"name": "bone43",
				"parent": "bone42",
				"pivot": [0, 6, 6.19607],
				"rotation": [0, -45, 0],
				"cubes": [
					{"origin": [-1, 6, 5.19607], "size": [2, 7, 2], "uv": [75, 56]}
				]
			},
			{
				"name": "bone44",
				"parent": "sittingRotationSkirt",
				"pivot": [0, 15.5, 0]
			},
			{
				"name": "bone45",
				"parent": "bone44",
				"pivot": [0, 5, 0]
			},
			{
				"name": "bone46",
				"parent": "bone45",
				"pivot": [0, 5, 6.19607],
				"rotation": [39, 0, 0]
			},
			{
				"name": "bone47",
				"parent": "bone46",
				"pivot": [0, 5, 6.19607],
				"rotation": [0, -45, 0],
				"cubes": [
					{"origin": [-1, 5, 5.19607], "size": [2, 7, 2], "uv": [43, 75]}
				]
			},
			{
				"name": "bone48",
				"parent": "bone44",
				"pivot": [0, 5, 0],
				"rotation": [0, -25.71429, 0]
			},
			{
				"name": "bone49",
				"parent": "bone48",
				"pivot": [0, 5, 6.19607],
				"rotation": [39, 0, 0]
			},
			{
				"name": "bone50",
				"parent": "bone49",
				"pivot": [0, 5, 6.19607],
				"rotation": [0, -45, 0],
				"cubes": [
					{"origin": [-1, 5, 5.19607], "size": [2, 7, 2], "uv": [74, 35]}
				]
			},
			{
				"name": "bone51",
				"parent": "bone44",
				"pivot": [0, 5, 0],
				"rotation": [0, -51.42857, 0]
			},
			{
				"name": "bone52",
				"parent": "bone51",
				"pivot": [0, 5, 6.19607],
				"rotation": [39, 0, 0]
			},
			{
				"name": "bone53",
				"parent": "bone52",
				"pivot": [0, 5, 6.19607],
				"rotation": [0, -45, 0],
				"cubes": [
					{"origin": [-1, 5, 5.19607], "size": [2, 7, 2], "uv": [71, 72]}
				]
			},
			{
				"name": "bone54",
				"parent": "bone44",
				"pivot": [0, 5, 0],
				"rotation": [0, -77.14286, 0]
			},
			{
				"name": "bone55",
				"parent": "bone54",
				"pivot": [0, 5, 6.19607],
				"rotation": [39, 0, 0]
			},
			{
				"name": "bone56",
				"parent": "bone55",
				"pivot": [0, 5, 6.19607],
				"rotation": [0, -45, 0],
				"cubes": [
					{"origin": [-1, 5, 5.19607], "size": [2, 7, 2], "uv": [63, 72]}
				]
			},
			{
				"name": "bone57",
				"parent": "bone44",
				"pivot": [0, 5, 0],
				"rotation": [0, -102.85714, 0]
			},
			{
				"name": "bone58",
				"parent": "bone57",
				"pivot": [0, 5, 6.19607],
				"rotation": [39, 0, 0]
			},
			{
				"name": "bone59",
				"parent": "bone58",
				"pivot": [0, 5, 6.19607],
				"rotation": [0, -45, 0],
				"cubes": [
					{"origin": [-1, 5, 5.19607], "size": [2, 7, 2], "uv": [72, 26]}
				]
			},
			{
				"name": "bone60",
				"parent": "bone44",
				"pivot": [0, 5, 0],
				"rotation": [0, -128.57143, 0]
			},
			{
				"name": "bone61",
				"parent": "bone60",
				"pivot": [0, 5, 6.19607],
				"rotation": [39, 0, 0]
			},
			{
				"name": "bone62",
				"parent": "bone61",
				"pivot": [0, 5, 6.19607],
				"rotation": [0, -45, 0],
				"cubes": [
					{"origin": [-1, 5, 5.19607], "size": [2, 7, 2], "uv": [72, 9]}
				]
			},
			{
				"name": "bone63",
				"parent": "bone44",
				"pivot": [0, 5, 0],
				"rotation": [0, -154.28571, 0]
			},
			{
				"name": "bone64",
				"parent": "bone63",
				"pivot": [0, 5, 6.19607],
				"rotation": [39, 0, 0]
			},
			{
				"name": "bone65",
				"parent": "bone64",
				"pivot": [0, 5, 6.19607],
				"rotation": [0, -45, 0],
				"cubes": [
					{"origin": [-1, 5, 5.19607], "size": [2, 7, 2], "uv": [16, 71]}
				]
			},
			{
				"name": "bone66",
				"parent": "bone44",
				"pivot": [0, 5, 0],
				"rotation": [0, -180, 0]
			},
			{
				"name": "bone67",
				"parent": "bone66",
				"pivot": [0, 5, 6.19607],
				"rotation": [39, 0, 0]
			},
			{
				"name": "bone68",
				"parent": "bone67",
				"pivot": [0, 5, 6.19607],
				"rotation": [0, -45, 0],
				"cubes": [
					{"origin": [-1, 5, 5.19607], "size": [2, 7, 2], "uv": [8, 71]}
				]
			},
			{
				"name": "bone69",
				"parent": "bone44",
				"pivot": [0, 5, 0],
				"rotation": [0, -205.71429, 0]
			},
			{
				"name": "bone70",
				"parent": "bone69",
				"pivot": [0, 5, 6.19607],
				"rotation": [39, 0, 0]
			},
			{
				"name": "bone71",
				"parent": "bone70",
				"pivot": [0, 5, 6.19607],
				"rotation": [0, -45, 0],
				"cubes": [
					{"origin": [-1, 5, 5.19607], "size": [2, 7, 2], "uv": [0, 71]}
				]
			},
			{
				"name": "bone72",
				"parent": "bone44",
				"pivot": [0, 5, 0],
				"rotation": [0, -231.42857, 0]
			},
			{
				"name": "bone73",
				"parent": "bone72",
				"pivot": [0, 5, 6.19607],
				"rotation": [39, 0, 0]
			},
			{
				"name": "bone74",
				"parent": "bone73",
				"pivot": [0, 5, 6.19607],
				"rotation": [0, -45, 0],
				"cubes": [
					{"origin": [-1, 5, 5.19607], "size": [2, 7, 2], "uv": [70, 47]}
				]
			},
			{
				"name": "bone75",
				"parent": "bone44",
				"pivot": [0, 5, 0],
				"rotation": [0, -257.14286, 0]
			},
			{
				"name": "bone76",
				"parent": "bone75",
				"pivot": [0, 5, 6.19607],
				"rotation": [39, 0, 0]
			},
			{
				"name": "bone77",
				"parent": "bone76",
				"pivot": [0, 5, 6.19607],
				"rotation": [0, -45, 0],
				"cubes": [
					{"origin": [-1, 5, 5.19607], "size": [2, 7, 2], "uv": [55, 69]}
				]
			},
			{
				"name": "bone78",
				"parent": "bone44",
				"pivot": [0, 5, 0],
				"rotation": [0, -282.85714, 0]
			},
			{
				"name": "bone79",
				"parent": "bone78",
				"pivot": [0, 5, 6.19607],
				"rotation": [39, 0, 0]
			},
			{
				"name": "bone80",
				"parent": "bone79",
				"pivot": [0, 5, 6.19607],
				"rotation": [0, -45, 0],
				"cubes": [
					{"origin": [-1, 5, 5.19607], "size": [2, 7, 2], "uv": [69, 0]}
				]
			},
			{
				"name": "bone81",
				"parent": "bone44",
				"pivot": [0, 5, 0],
				"rotation": [0, -308.57143, 0]
			},
			{
				"name": "bone82",
				"parent": "bone81",
				"pivot": [0, 5, 6.19607],
				"rotation": [39, 0, 0]
			},
			{
				"name": "bone83",
				"parent": "bone82",
				"pivot": [0, 5, 6.19607],
				"rotation": [0, -45, 0],
				"cubes": [
					{"origin": [-1, 5, 5.19607], "size": [2, 7, 2], "uv": [27, 0]}
				]
			},
			{
				"name": "bone84",
				"parent": "bone44",
				"pivot": [0, 5, 0],
				"rotation": [0, -334.28571, 0]
			},
			{
				"name": "bone85",
				"parent": "bone84",
				"pivot": [0, 5, 6.19607],
				"rotation": [39, 0, 0]
			},
			{
				"name": "bone86",
				"parent": "bone85",
				"pivot": [0, 5, 6.19607],
				"rotation": [0, -45, 0],
				"cubes": [
					{"origin": [-1, 5, 5.19607], "size": [2, 7, 2], "uv": [0, 0]}
				]
			},
			{
				"name": "decoration3",
				"parent": "sittingRotationSkirt",
				"pivot": [2, 10, -5],
				"rotation": [-42.5, 0, 0]
			},
			{
				"name": "bone204",
				"parent": "decoration3",
				"pivot": [2, 10, -5],
				"rotation": [0, 0, -10],
				"cubes": [
					{"origin": [2, 9, -5.001], "size": [1, 1, 0], "uv": [6, 1]},
					{"origin": [1, 10, -5.5], "size": [1, 1, 1], "uv": [42, 66]}
				]
			},
			{
				"name": "bone205",
				"parent": "decoration3",
				"pivot": [2, 10, -5],
				"rotation": [0, 0, 10],
				"cubes": [
					{"origin": [1, 9, -5.001], "size": [1, 1, 0], "uv": [6, 0]},
					{"origin": [2, 10, -5.5], "size": [1, 1, 1], "uv": [64, 49]}
				]
			},
			{
				"name": "decoration4",
				"parent": "sittingRotationSkirt",
				"pivot": [4, 8, -5],
				"rotation": [-25, -32.5, 0]
			},
			{
				"name": "bone206",
				"parent": "decoration4",
				"pivot": [4, 8, -5],
				"rotation": [0, 0, -10],
				"cubes": [
					{"origin": [4, 7, -5.001], "size": [1, 1, 0], "uv": [0, 1]},
					{"origin": [3, 8, -5.5], "size": [1, 1, 1], "uv": [64, 47]}
				]
			},
			{
				"name": "bone207",
				"parent": "decoration4",
				"pivot": [4, 8, -5],
				"rotation": [0, 0, 10],
				"cubes": [
					{"origin": [3, 7, -5.001], "size": [1, 1, 0], "uv": [0, 0]},
					{"origin": [4, 8, -5.5], "size": [1, 1, 1], "uv": [33, 0]}
				]
			},
			{
				"name": "hu",
				"parent": "body",
				"pivot": [0, 10.5, 0],
				"cubes": [
					{"origin": [-0.5, 16.5, -4], "size": [1, 1, 1], "uv": [68, 47]}
				]
			},
			{
				"name": "bone119",
				"parent": "hu",
				"pivot": [-0.5, 16.5, -4],
				"rotation": [0, 0, 25],
				"cubes": [
					{"origin": [-2.5, 16.5, -3.8], "size": [2, 1, 0], "uv": [56, 11]}
				]
			},
			{
				"name": "bone121",
				"parent": "hu",
				"pivot": [0.5, 16.5, -4],
				"cubes": [
					{"origin": [-2.3, 16.5, -3.8], "size": [2, 1, 0], "uv": [47, 3]}
				]
			},
			{
				"name": "bone120",
				"parent": "hu",
				"pivot": [-0.5, 17.5, -4],
				"rotation": [0, 0, -25],
				"cubes": [
					{"origin": [-2.5, 16.5, -3.8], "size": [2, 1, 0], "uv": [52, 11]}
				]
			},
			{
				"name": "bone122",
				"parent": "hu",
				"pivot": [-0.5, 16.5, -4],
				"rotation": [0, 0, 22.5],
				"cubes": [
					{"origin": [-0.9, 14, -3.8], "size": [1, 3, 0], "uv": [26, 15]}
				]
			},
			{
				"name": "hu2",
				"parent": "body",
				"pivot": [0, 10.5, 0]
			},
			{
				"name": "bone123",
				"parent": "hu2",
				"pivot": [0.5, 16.5, -4],
				"rotation": [0, 0, -25],
				"cubes": [
					{"origin": [0.5, 16.5, -3.8], "size": [2, 1, 0], "uv": [43, 3]}
				]
			},
			{
				"name": "bone124",
				"parent": "hu2",
				"pivot": [-0.5, 16.5, -4],
				"cubes": [
					{"origin": [0.3, 16.5, -3.8], "size": [2, 1, 0], "uv": [40, 41]}
				]
			},
			{
				"name": "bone125",
				"parent": "hu2",
				"pivot": [0.5, 17.5, -4],
				"rotation": [0, 0, 25],
				"cubes": [
					{"origin": [0.5, 16.5, -3.8], "size": [2, 1, 0], "uv": [11, 17]}
				]
			},
			{
				"name": "bone126",
				"parent": "hu2",
				"pivot": [0.5, 16.5, -4],
				"rotation": [0, 0, -22.5],
				"cubes": [
					{"origin": [-0.1, 14, -3.8], "size": [1, 3, 0], "uv": [0, 12]}
				]
			},
			{
				"name": "decoration2",
				"parent": "body",
				"pivot": [1, 13, -4]
			},
			{
				"name": "bone202",
				"parent": "decoration2",
				"pivot": [1, 13, -4],
				"rotation": [0, 0, -10],
				"cubes": [
					{"origin": [1, 12, -3.8], "size": [1, 1, 0], "uv": [15, 17]},
					{"origin": [0, 13, -4], "size": [1, 1, 1], "uv": [34, 67]}
				]
			},
			{
				"name": "bone203",
				"parent": "decoration2",
				"pivot": [1, 13, -4],
				"rotation": [0, 0, 10],
				"cubes": [
					{"origin": [0, 12, -3.8], "size": [1, 1, 0], "uv": [5, 17]},
					{"origin": [1, 13, -4], "size": [1, 1, 1], "uv": [30, 67]}
				]
			},
			{
				"name": "chestPlate",
				"parent": "body",
				"pivot": [0, 10.5, 8]
			},
			{
				"name": "attackShow",
				"parent": "chestPlate",
				"pivot": [0, 10.5, 8]
			},
			{
				"name": "sinFloat",
				"parent": "attackShow",
				"pivot": [0, 10.5, 8]
			},
			{
				"name": "lb",
				"parent": "sinFloat",
				"pivot": [0, 10.5, 8]
			},
			{
				"name": "bone127",
				"parent": "lb",
				"pivot": [0, 10.5, 8],
				"cubes": [
					{"origin": [12, 15.5, 1], "size": [2, 2, 5], "uv": [53, 62]},
					{"origin": [12, 15.5, 0], "size": [2, 2, 1], "uv": [21, 12], "inflate": 0.1},
					{"origin": [12, 15.5, -1], "size": [2, 2, 1], "uv": [6, 17], "inflate": 0.2},
					{"origin": [12, 15.5, -2], "size": [2, 2, 1], "uv": [0, 17], "inflate": 0.4},
					{"origin": [12, 15.5, -4], "size": [2, 2, 2], "uv": [35, 0], "inflate": 0.9},
					{"origin": [12.5, 16, -4], "size": [1, 1, 6], "uv": [24, 60], "inflate": -0.2}
				]
			},
			{
				"name": "bone128",
				"parent": "bone127",
				"pivot": [13, 15.5, 2],
				"rotation": [15, 0, 0],
				"cubes": [
					{"origin": [12.5, 13, 3.8], "size": [1, 2, 1], "uv": [22, 15]}
				]
			},
			{
				"name": "legLeft",
				"pivot": [2, 9, 0],
				"cubes": [
					{"origin": [0.499, 0.1, -1.5], "size": [2.75, 8.9, 3], "uv": [35, 66]},
					{"origin": [0.499, 0.1, -1.5], "size": [2.75, 6, 3], "uv": [64, 19], "inflate": 0.1},
					{"origin": [0.499, 0.1, -1.5], "size": [2.75, 2, 3], "uv": [15, 15], "inflate": 0.2}
				]
			},
			{
				"name": "legRight",
				"pivot": [-2, 9, 0],
				"cubes": [
					{"origin": [-3.249, 0.2, -1.5], "size": [2.75, 8.8, 3], "uv": [64, 36]},
					{"origin": [-3.249, 0.2, -1.5], "size": [2.75, 6, 3], "uv": [45, 66], "inflate": 0.1},
					{"origin": [-3.249, 0.2, -1.5], "size": [2.75, 2, 3], "uv": [18, 56], "inflate": 0.2}
				]
			},
			{
				"name": "wingLeft",
				"pivot": [0.5, 15, 3.25],
				"rotation": [0, 60, 0],
				"cubes": [
					{"origin": [1, 9, 5.25], "size": [0, 18, 20], "uv": [0, 0]}
				]
			},
			{
				"name": "wingBone3",
				"parent": "wingLeft",
				"pivot": [2, 14, 3]
			},
			{
				"name": "bone103",
				"parent": "wingBone3",
				"pivot": [2, 14, 3],
				"rotation": [-30, 0, 0],
				"cubes": [
					{"origin": [0.5, 14, 3], "size": [1, 7, 1], "uv": [40, 20]}
				]
			},
			{
				"name": "bone104",
				"parent": "wingBone3",
				"pivot": [2, 14, 3],
				"cubes": [
					{"origin": [0.5, 12.57131, 7.33195], "size": [1, 6, 1], "uv": [82, 34]}
				]
			},
			{
				"name": "bone105",
				"parent": "wingBone3",
				"pivot": [2, 14, 3],
				"rotation": [-15, 0, 0],
				"cubes": [
					{"origin": [0.5, 18.57081, 5.26002], "size": [1, 1, 1], "uv": [6, 71]}
				]
			},
			{
				"name": "bone106",
				"parent": "wingBone3",
				"pivot": [2, 14, 3],
				"rotation": [15, 0, 0],
				"cubes": [
					{"origin": [0.5, 16.06961, 9.07459], "size": [1, 1, 1], "uv": [70, 60]}
				]
			},
			{
				"name": "bone107",
				"parent": "wingBone3",
				"pivot": [2, 14, 3],
				"rotation": [30, 0, 0],
				"cubes": [
					{"origin": [0.5, 14.16805, 10.36919], "size": [1, 1, 1], "uv": [70, 58]}
				]
			},
			{
				"name": "bone108",
				"parent": "wingBone3",
				"pivot": [2, 14, 3],
				"rotation": [45, 0, 0],
				"cubes": [
					{"origin": [0.5, 6.99622, 11.12751], "size": [1, 6, 1], "uv": [75, 81]}
				]
			},
			{
				"name": "bone109",
				"parent": "wingBone3",
				"pivot": [2, 14, 3],
				"rotation": [60, 0, 0],
				"cubes": [
					{"origin": [0.5, 9.70212, 11.29788], "size": [1, 1, 1], "uv": [70, 56]}
				]
			},
			{
				"name": "bone110",
				"parent": "wingBone3",
				"pivot": [2, 14, 3],
				"rotation": [75, 0, 0],
				"cubes": [
					{"origin": [0.5, 7.4421, 10.86869], "size": [1, 1, 1], "uv": [61, 69]}
				]
			},
			{
				"name": "bone111",
				"parent": "wingBone3",
				"pivot": [2, 14, 3],
				"rotation": [-90, 0, 0],
				"cubes": [
					{"origin": [0.5, 21.62983, -4.86919], "size": [1, 6, 1], "uv": [80, 9]}
				]
			},
			{
				"name": "bone112",
				"parent": "wingBone3",
				"pivot": [2, 14, 3],
				"rotation": [15, 0, 0],
				"cubes": [
					{"origin": [0.5, 19.36749, 12.37247], "size": [1, 1, 1], "uv": [69, 9]}
				]
			},
			{
				"name": "bone113",
				"parent": "wingBone3",
				"pivot": [2, 14, 3],
				"rotation": [-60, 0, 0],
				"cubes": [
					{"origin": [0.5, 23.66706, -1.46593], "size": [1, 11, 1], "uv": [67, 81]}
				]
			},
			{
				"name": "wingBone4",
				"parent": "wingLeft",
				"pivot": [2, 14, 3],
				"rotation": [-25, 0, 0]
			},
			{
				"name": "bone114",
				"parent": "wingBone4",
				"pivot": [2, 14, 3],
				"rotation": [-30, 0, 0],
				"cubes": [
					{"origin": [0.5, 12.42262, 2.90631], "size": [1, 2, 1], "uv": [43, 0]}
				]
			},
			{
				"name": "bone115",
				"parent": "wingBone4",
				"pivot": [2, 14, 3],
				"cubes": [
					{"origin": [0.5, 10.95855, 7.43618], "size": [1, 4, 1], "uv": [0, 56]}
				]
			},
			{
				"name": "bone116",
				"parent": "wingBone4",
				"pivot": [2, 14, 3],
				"rotation": [45, 0, 0],
				"cubes": [
					{"origin": [0.5, 7.50987, 13.23226], "size": [1, 4, 1], "uv": [52, 51]}
				]
			},
			{
				"name": "bone117",
				"parent": "wingBone4",
				"pivot": [2, 14, 3],
				"rotation": [-90, 0, 0],
				"cubes": [
					{"origin": [0.5, 23.02716, -9.89212], "size": [1, 4, 1], "uv": [40, 36]}
				]
			},
			{
				"name": "bone118",
				"parent": "wingBone4",
				"pivot": [2, 14, 3],
				"rotation": [-60, 0, 0],
				"cubes": [
					{"origin": [0.5, 30.84334, -9.78178], "size": [1, 6, 1], "uv": [74, 18]}
				]
			},
			{
				"name": "wingRight",
				"pivot": [-0.5, 15, 3.75],
				"rotation": [0, -60, 0],
				"cubes": [
					{"origin": [-1, 9, 5.25], "size": [0, 18, 20], "uv": [0, 0]}
				]
			},
			{
				"name": "wingBone",
				"parent": "wingRight",
				"pivot": [-2, 14, 3]
			},
			{
				"name": "bone87",
				"parent": "wingBone",
				"pivot": [-2, 14, 3],
				"rotation": [-30, 0, 0],
				"cubes": [
					{"origin": [-1.5, 14, 3], "size": [1, 7, 1], "uv": [44, 20]}
				]
			},
			{
				"name": "bone88",
				"parent": "wingBone",
				"pivot": [-2, 14, 3],
				"cubes": [
					{"origin": [-1.5, 12.57131, 7.33195], "size": [1, 6, 1], "uv": [79, 83]}
				]
			},
			{
				"name": "bone89",
				"parent": "wingBone",
				"pivot": [-2, 14, 3],
				"rotation": [-15, 0, 0],
				"cubes": [
					{"origin": [-1.5, 18.57081, 5.26002], "size": [1, 1, 1], "uv": [49, 75]}
				]
			},
			{
				"name": "bone90",
				"parent": "wingBone",
				"pivot": [-2, 14, 3],
				"rotation": [15, 0, 0],
				"cubes": [
					{"origin": [-1.5, 16.06961, 9.07459], "size": [1, 1, 1], "uv": [75, 0]}
				]
			},
			{
				"name": "bone91",
				"parent": "wingBone",
				"pivot": [-2, 14, 3],
				"rotation": [30, 0, 0],
				"cubes": [
					{"origin": [-1.5, 14.16805, 10.36919], "size": [1, 1, 1], "uv": [74, 44]}
				]
			},
			{
				"name": "bone92",
				"parent": "wingBone",
				"pivot": [-2, 14, 3],
				"rotation": [45, 0, 0],
				"cubes": [
					{"origin": [-1.5, 6.99622, 11.12751], "size": [1, 6, 1], "uv": [83, 60]}
				]
			},
			{
				"name": "bone93",
				"parent": "wingBone",
				"pivot": [-2, 14, 3],
				"rotation": [60, 0, 0],
				"cubes": [
					{"origin": [-1.5, 9.70212, 11.29788], "size": [1, 1, 1], "uv": [69, 72]}
				]
			},
			{
				"name": "bone94",
				"parent": "wingBone",
				"pivot": [-2, 14, 3],
				"rotation": [75, 0, 0],
				"cubes": [
					{"origin": [-1.5, 7.4421, 10.86869], "size": [1, 1, 1], "uv": [71, 35]}
				]
			},
			{
				"name": "bone95",
				"parent": "wingBone",
				"pivot": [-2, 14, 3],
				"rotation": [-90, 0, 0],
				"cubes": [
					{"origin": [-1.5, 21.62983, -4.86919], "size": [1, 6, 1], "uv": [83, 53]}
				]
			},
			{
				"name": "bone96",
				"parent": "wingBone",
				"pivot": [-2, 14, 3],
				"rotation": [15, 0, 0],
				"cubes": [
					{"origin": [-1.5, 19.36749, 12.37247], "size": [1, 1, 1], "uv": [14, 71]}
				]
			},
			{
				"name": "bone97",
				"parent": "wingBone",
				"pivot": [-2, 14, 3],
				"rotation": [-60, 0, 0],
				"cubes": [
					{"origin": [-1.5, 23.66706, -1.46593], "size": [1, 11, 1], "uv": [71, 81]}
				]
			},
			{
				"name": "wingBone2",
				"parent": "wingRight",
				"pivot": [-2, 14, 3],
				"rotation": [-25, 0, 0]
			},
			{
				"name": "bone98",
				"parent": "wingBone2",
				"pivot": [-2, 14, 3],
				"rotation": [-30, 0, 0],
				"cubes": [
					{"origin": [-1.5, 12.42262, 2.90631], "size": [1, 2, 1], "uv": [47, 0]}
				]
			},
			{
				"name": "bone99",
				"parent": "wingBone2",
				"pivot": [-2, 14, 3],
				"cubes": [
					{"origin": [-1.5, 10.95855, 7.43618], "size": [1, 4, 1], "uv": [62, 62]}
				]
			},
			{
				"name": "bone100",
				"parent": "wingBone2",
				"pivot": [-2, 14, 3],
				"rotation": [45, 0, 0],
				"cubes": [
					{"origin": [-1.5, 7.50987, 13.23226], "size": [1, 4, 1], "uv": [24, 61]}
				]
			},
			{
				"name": "bone101",
				"parent": "wingBone2",
				"pivot": [-2, 14, 3],
				"rotation": [-90, 0, 0],
				"cubes": [
					{"origin": [-1.5, 23.02716, -9.89212], "size": [1, 4, 1], "uv": [58, 36]}
				]
			},
			{
				"name": "bone102",
				"parent": "wingBone2",
				"pivot": [-2, 14, 3],
				"rotation": [-60, 0, 0],
				"cubes": [
					{"origin": [-1.5, 30.84334, -9.78178], "size": [1, 6, 1], "uv": [40, 83]}
				]
			}
		]
	}
}