{
	"format_version": "1.10.0",
	"geometry.model": {
		"texturewidth": 128,
		"textureheight": 128,
		"visible_bounds_width": 3,
		"visible_bounds_height": 4,
		"visible_bounds_offset": [0, 1, 0],
		"bones": [
			{
				"name": "head",
				"pivot": [0, 18, 0],
				"cubes": [
					{"origin": [-4, 18, -4], "size": [8, 8, 8], "uv": [24, 8]},
					{"origin": [-4, 18, -4], "size": [8, 8, 8], "uv": [0, 16], "inflate": 0.1}
				]
			},
			{
				"name": "blink",
				"parent": "head",
				"pivot": [0, 18, 0],
				"cubes": [
					{"origin": [-4, 18, -4.001], "size": [8, 8, 0], "uv": [42, 41]}
				]
			},
			{
				"name": "deco",
				"parent": "head",
				"pivot": [3, 25.25, -4.05],
				"rotation": [-6, -7.5, -20]
			},
			{
				"name": "bone140",
				"parent": "deco",
				"pivot": [3, 12.75, 1.95]
			},
			{
				"name": "bone141",
				"parent": "bone140",
				"pivot": [3, 25.25, -4.55],
				"rotation": [0, 0, 5],
				"cubes": [
					{"origin": [1.00991, 24.69379, -5.05], "size": [2, 1, 1], "uv": [42, 3]}
				]
			},
			{
				"name": "bone142",
				"parent": "bone140",
				"pivot": [3, 25.25, -4.55],
				"rotation": [0, 0, -15],
				"cubes": [
					{"origin": [1, 24.75, -5.05], "size": [2, 1, 1], "uv": [38, 24]}
				]
			},
			{
				"name": "bone143",
				"parent": "deco",
				"pivot": [3, 12.75, 1.95]
			},
			{
				"name": "bone144",
				"parent": "bone143",
				"pivot": [3, 25.25, -4.55],
				"rotation": [0, 0, -5],
				"cubes": [
					{"origin": [2.99009, 24.69379, -5.05], "size": [2, 1, 1], "uv": [0, 35]}
				]
			},
			{
				"name": "bone145",
				"parent": "bone143",
				"pivot": [3, 25.25, -4.55],
				"rotation": [0, 0, 15],
				"cubes": [
					{"origin": [3, 24.75, -5.05], "size": [2, 1, 1], "uv": [32, 24]}
				]
			},
			{
				"name": "bone146",
				"parent": "deco",
				"pivot": [3, 12.75, 1.95],
				"cubes": [
					{"origin": [2.5, 24.75, -5.05], "size": [1, 1, 1], "uv": [54, 11], "inflate": 0.1}
				]
			},
			{
				"name": "bone147",
				"parent": "deco",
				"pivot": [2.5, 25.21527, -4.24696],
				"rotation": [0, 0, 20],
				"cubes": [
					{"origin": [2, 23.21527, -4.24696], "size": [1, 2, 0], "uv": [0, 5]}
				]
			},
			{
				"name": "bone148",
				"parent": "deco",
				"pivot": [3.5, 25.21527, -4.24696],
				"rotation": [0, 0, -20],
				"cubes": [
					{"origin": [3, 23.21527, -4.24696], "size": [1, 2, 0], "uv": [0, 0]}
				]
			},
			{
				"name": "wg",
				"parent": "head",
				"pivot": [2, 19, 0],
				"rotation": [0, 0, -12.5]
			},
			{
				"name": "bone149",
				"parent": "wg",
				"pivot": [2, 19, 0],
				"cubes": [
					{"origin": [-2, 26, -4], "size": [2, 2, 2], "uv": [48, 11]}
				]
			},
			{
				"name": "bone150",
				"parent": "wg",
				"pivot": [5, 22, 0],
				"rotation": [0, 0, -30],
				"cubes": [
					{"origin": [2, 30, -3.5], "size": [0, 3, 1], "uv": [24, 36]},
					{"origin": [2, 30, -4], "size": [0, 1.8, 2], "uv": [24, 5]}
				]
			},
			{
				"name": "bone151",
				"parent": "wg",
				"pivot": [-7, 22, 0],
				"rotation": [0, 0, 30],
				"cubes": [
					{"origin": [-4, 30, -3.5], "size": [0, 3, 1], "uv": [28, 0]},
					{"origin": [-4, 30, -4], "size": [0, 1.8, 2], "uv": [24, 3]}
				]
			},
			{
				"name": "bone152",
				"parent": "wg",
				"pivot": [2, 22, 4],
				"rotation": [30, 0, 0],
				"cubes": [
					{"origin": [-2, 31, 0.2], "size": [2, 1.8, 0], "uv": [32, 7]},
					{"origin": [-1.5, 31, 0.2], "size": [1, 3, 0], "uv": [40, 44]}
				]
			},
			{
				"name": "bone153",
				"parent": "wg",
				"pivot": [2, 22, -10],
				"rotation": [-30, 0, 0],
				"cubes": [
					{"origin": [-2, 31, -6.2], "size": [2, 1.8, 0], "uv": [28, 7]},
					{"origin": [-1.5, 31, -6.2], "size": [1, 3, 0], "uv": [40, 41]}
				]
			},
			{
				"name": "cf",
				"parent": "head",
				"pivot": [0, 17, 0],
				"rotation": [-12.5, 0, 12.5],
				"cubes": [
					{"origin": [-4, 14, -4], "size": [1, 3, 1], "uv": [12, 50]}
				]
			},
			{
				"name": "hair",
				"parent": "head",
				"pivot": [0, 17, 0],
				"rotation": [30, 0, 0],
				"cubes": [
					{"origin": [-4, 8, -4], "size": [8, 8, 8], "uv": [0, 0], "inflate": 0.1}
				]
			},
			{
				"name": "armRight",
				"pivot": [-3, 17.5, 0],
				"rotation": [0, 0, 25],
				"cubes": [
					{"origin": [-5, 8.5, -1], "size": [2, 8, 2], "uv": [19, 56]},
					{"origin": [-5.5, 9.5, -1.5], "size": [3, 8, 3], "uv": [48, 0], "inflate": -0.2}
				]
			},
			{
				"name": "armLeft",
				"pivot": [3, 17.5, 0],
				"rotation": [0, 0, -25],
				"cubes": [
					{"origin": [2.5, 9.5, -1.5], "size": [3, 8, 3], "uv": [0, 47], "inflate": -0.2},
					{"origin": [3, 8.5, -1], "size": [2, 8, 2], "uv": [56, 11]}
				]
			},
			{
				"name": "body",
				"pivot": [0, 10.5, 0],
				"cubes": [
					{"origin": [-3, 8.999, -3], "size": [6, 9, 6], "uv": [18, 41]},
					{"origin": [-3, 8.999, -3], "size": [6, 9, 6], "uv": [0, 32], "inflate": 0.1},
					{"origin": [-3, 8.999, -3], "size": [6, 9, 6], "uv": [26, 26], "inflate": 0.13},
					{"origin": [-3, 10.999, -3], "size": [6, 1, 6], "uv": [24, 0], "inflate": 0.19}
				]
			},
			{
				"name": "sittingRotationSkirt",
				"parent": "body",
				"pivot": [0, 10.5, 0]
			},
			{
				"name": "bone",
				"parent": "sittingRotationSkirt",
				"pivot": [0, 16.5, 0]
			},
			{
				"name": "bone2",
				"parent": "bone",
				"pivot": [0, 6, 0]
			},
			{
				"name": "bone3",
				"parent": "bone2",
				"pivot": [0, 6, 6.19607],
				"rotation": [39, 0, 0]
			},
			{
				"name": "bone4",
				"parent": "bone3",
				"pivot": [0, 6, 6.19607],
				"rotation": [0, -45, 0],
				"cubes": [
					{"origin": [-1, 6, 5.19607], "size": [2, 7, 2], "uv": [86, 16]}
				]
			},
			{
				"name": "bone5",
				"parent": "bone",
				"pivot": [0, 6, 0],
				"rotation": [0, -25.71429, 0]
			},
			{
				"name": "bone6",
				"parent": "bone5",
				"pivot": [0, 6, 6.19607],
				"rotation": [39, 0, 0]
			},
			{
				"name": "bone7",
				"parent": "bone6",
				"pivot": [0, 6, 6.19607],
				"rotation": [0, -45, 0],
				"cubes": [
					{"origin": [-1, 6, 5.19607], "size": [2, 7, 2], "uv": [71, 85]}
				]
			},
			{
				"name": "bone8",
				"parent": "bone",
				"pivot": [0, 6, 0],
				"rotation": [0, -51.42857, 0]
			},
			{
				"name": "bone9",
				"parent": "bone8",
				"pivot": [0, 6, 6.19607],
				"rotation": [39, 0, 0]
			},
			{
				"name": "bone10",
				"parent": "bone9",
				"pivot": [0, 6, 6.19607],
				"rotation": [0, -45, 0],
				"cubes": [
					{"origin": [-1, 6, 5.19607], "size": [2, 7, 2], "uv": [44, 85]}
				]
			},
			{
				"name": "bone11",
				"parent": "bone",
				"pivot": [0, 6, 0],
				"rotation": [0, -77.14286, 0]
			},
			{
				"name": "bone12",
				"parent": "bone11",
				"pivot": [0, 6, 6.19607],
				"rotation": [39, 0, 0]
			},
			{
				"name": "bone13",
				"parent": "bone12",
				"pivot": [0, 6, 6.19607],
				"rotation": [0, -45, 0],
				"cubes": [
					{"origin": [-1, 6, 5.19607], "size": [2, 7, 2], "uv": [63, 83]}
				]
			},
			{
				"name": "bone14",
				"parent": "bone",
				"pivot": [0, 6, 0],
				"rotation": [0, -102.85714, 0]
			},
			{
				"name": "bone15",
				"parent": "bone14",
				"pivot": [0, 6, 6.19607],
				"rotation": [39, 0, 0]
			},
			{
				"name": "bone16",
				"parent": "bone15",
				"pivot": [0, 6, 6.19607],
				"rotation": [0, -45, 0],
				"cubes": [
					{"origin": [-1, 6, 5.19607], "size": [2, 7, 2], "uv": [36, 83]}
				]
			},
			{
				"name": "bone17",
				"parent": "bone",
				"pivot": [0, 6, 0],
				"rotation": [0, -128.57143, 0]
			},
			{
				"name": "bone18",
				"parent": "bone17",
				"pivot": [0, 6, 6.19607],
				"rotation": [39, 0, 0]
			},
			{
				"name": "bone19",
				"parent": "bone18",
				"pivot": [0, 6, 6.19607],
				"rotation": [0, -45, 0],
				"cubes": [
					{"origin": [-1, 6, 5.19607], "size": [2, 7, 2], "uv": [83, 34]}
				]
			},
			{
				"name": "bone20",
				"parent": "bone",
				"pivot": [0, 6, 0],
				"rotation": [0, -154.28571, 0]
			},
			{
				"name": "bone21",
				"parent": "bone20",
				"pivot": [0, 6, 6.19607],
				"rotation": [39, 0, 0]
			},
			{
				"name": "bone22",
				"parent": "bone21",
				"pivot": [0, 6, 6.19607],
				"rotation": [0, -45, 0],
				"cubes": [
					{"origin": [-1, 6, 5.19607], "size": [2, 7, 2], "uv": [22, 83]}
				]
			},
			{
				"name": "bone23",
				"parent": "bone",
				"pivot": [0, 6, 0],
				"rotation": [0, -180, 0]
			},
			{
				"name": "bone24",
				"parent": "bone23",
				"pivot": [0, 6, 6.19607],
				"rotation": [39, 0, 0]
			},
			{
				"name": "bone25",
				"parent": "bone24",
				"pivot": [0, 6, 6.19607],
				"rotation": [0, -45, 0],
				"cubes": [
					{"origin": [-1, 6, 5.19607], "size": [2, 7, 2], "uv": [6, 83]}
				]
			},
			{
				"name": "bone26",
				"parent": "bone",
				"pivot": [0, 6, 0],
				"rotation": [0, -205.71429, 0]
			},
			{
				"name": "bone27",
				"parent": "bone26",
				"pivot": [0, 6, 6.19607],
				"rotation": [39, 0, 0]
			},
			{
				"name": "bone28",
				"parent": "bone27",
				"pivot": [0, 6, 6.19607],
				"rotation": [0, -45, 0],
				"cubes": [
					{"origin": [-1, 6, 5.19607], "size": [2, 7, 2], "uv": [82, 25]}
				]
			},
			{
				"name": "bone29",
				"parent": "bone",
				"pivot": [0, 6, 0],
				"rotation": [0, -231.42857, 0]
			},
			{
				"name": "bone30",
				"parent": "bone29",
				"pivot": [0, 6, 6.19607],
				"rotation": [39, 0, 0]
			},
			{
				"name": "bone31",
				"parent": "bone30",
				"pivot": [0, 6, 6.19607],
				"rotation": [0, -45, 0],
				"cubes": [
					{"origin": [-1, 6, 5.19607], "size": [2, 7, 2], "uv": [82, 7]}
				]
			},
			{
				"name": "bone32",
				"parent": "bone",
				"pivot": [0, 6, 0],
				"rotation": [0, -257.14286, 0]
			},
			{
				"name": "bone33",
				"parent": "bone32",
				"pivot": [0, 6, 6.19607],
				"rotation": [39, 0, 0]
			},
			{
				"name": "bone34",
				"parent": "bone33",
				"pivot": [0, 6, 6.19607],
				"rotation": [0, -45, 0],
				"cubes": [
					{"origin": [-1, 6, 5.19607], "size": [2, 7, 2], "uv": [81, 80]}
				]
			},
			{
				"name": "bone35",
				"parent": "bone",
				"pivot": [0, 6, 0],
				"rotation": [0, -282.85714, 0]
			},
			{
				"name": "bone36",
				"parent": "bone35",
				"pivot": [0, 6, 6.19607],
				"rotation": [39, 0, 0]
			},
			{
				"name": "bone37",
				"parent": "bone36",
				"pivot": [0, 6, 6.19607],
				"rotation": [0, -45, 0],
				"cubes": [
					{"origin": [-1, 6, 5.19607], "size": [2, 7, 2], "uv": [81, 71]}
				]
			},
			{
				"name": "bone38",
				"parent": "bone",
				"pivot": [0, 6, 0],
				"rotation": [0, -308.57143, 0]
			},
			{
				"name": "bone39",
				"parent": "bone38",
				"pivot": [0, 6, 6.19607],
				"rotation": [39, 0, 0]
			},
			{
				"name": "bone40",
				"parent": "bone39",
				"pivot": [0, 6, 6.19607],
				"rotation": [0, -45, 0],
				"cubes": [
					{"origin": [-1, 6, 5.19607], "size": [2, 7, 2], "uv": [55, 81]}
				]
			},
			{
				"name": "bone41",
				"parent": "bone",
				"pivot": [0, 6, 0],
				"rotation": [0, -334.28571, 0]
			},
			{
				"name": "bone42",
				"parent": "bone41",
				"pivot": [0, 6, 6.19607],
				"rotation": [39, 0, 0]
			},
			{
				"name": "bone43",
				"parent": "bone42",
				"pivot": [0, 6, 6.19607],
				"rotation": [0, -45, 0],
				"cubes": [
					{"origin": [-1, 6, 5.19607], "size": [2, 7, 2], "uv": [80, 62]}
				]
			},
			{
				"name": "bone158",
				"parent": "sittingRotationSkirt",
				"pivot": [0, 17.5, 0]
			},
			{
				"name": "bone159",
				"parent": "bone158",
				"pivot": [0, 7, 0]
			},
			{
				"name": "bone160",
				"parent": "bone159",
				"pivot": [0, 7, 6.19607],
				"rotation": [39, 0, 0]
			},
			{
				"name": "bone161",
				"parent": "bone160",
				"pivot": [0, 7, 6.19607],
				"rotation": [0, -45, 0],
				"cubes": [
					{"origin": [-1, 7, 5.19607], "size": [2, 7, 2], "uv": [41, 65]}
				]
			},
			{
				"name": "bone162",
				"parent": "bone158",
				"pivot": [0, 7, 0],
				"rotation": [0, -25.71429, 0]
			},
			{
				"name": "bone163",
				"parent": "bone162",
				"pivot": [0, 7, 6.19607],
				"rotation": [39, 0, 0]
			},
			{
				"name": "bone164",
				"parent": "bone163",
				"pivot": [0, 7, 6.19607],
				"rotation": [0, -45, 0],
				"cubes": [
					{"origin": [-1, 7, 5.19607], "size": [2, 7, 2], "uv": [25, 65]}
				]
			},
			{
				"name": "bone165",
				"parent": "bone158",
				"pivot": [0, 7, 0],
				"rotation": [0, -51.42857, 0]
			},
			{
				"name": "bone166",
				"parent": "bone165",
				"pivot": [0, 7, 6.19607],
				"rotation": [39, 0, 0]
			},
			{
				"name": "bone167",
				"parent": "bone166",
				"pivot": [0, 7, 6.19607],
				"rotation": [0, -45, 0],
				"cubes": [
					{"origin": [-1, 7, 5.19607], "size": [2, 7, 2], "uv": [64, 51]}
				]
			},
			{
				"name": "bone168",
				"parent": "bone158",
				"pivot": [0, 7, 0],
				"rotation": [0, -77.14286, 0]
			},
			{
				"name": "bone169",
				"parent": "bone168",
				"pivot": [0, 7, 6.19607],
				"rotation": [39, 0, 0]
			},
			{
				"name": "bone170",
				"parent": "bone169",
				"pivot": [0, 7, 6.19607],
				"rotation": [0, -45, 0],
				"cubes": [
					{"origin": [-1, 7, 5.19607], "size": [2, 7, 2], "uv": [64, 9]}
				]
			},
			{
				"name": "bone171",
				"parent": "bone158",
				"pivot": [0, 7, 0],
				"rotation": [0, -102.85714, 0]
			},
			{
				"name": "bone172",
				"parent": "bone171",
				"pivot": [0, 7, 6.19607],
				"rotation": [39, 0, 0]
			},
			{
				"name": "bone173",
				"parent": "bone172",
				"pivot": [0, 7, 6.19607],
				"rotation": [0, -45, 0],
				"cubes": [
					{"origin": [-1, 7, 5.19607], "size": [2, 7, 2], "uv": [8, 64]}
				]
			},
			{
				"name": "bone174",
				"parent": "bone158",
				"pivot": [0, 7, 0],
				"rotation": [0, -128.57143, 0]
			},
			{
				"name": "bone175",
				"parent": "bone174",
				"pivot": [0, 7, 6.19607],
				"rotation": [39, 0, 0]
			},
			{
				"name": "bone176",
				"parent": "bone175",
				"pivot": [0, 7, 6.19607],
				"rotation": [0, -45, 0],
				"cubes": [
					{"origin": [-1, 7, 5.19607], "size": [2, 7, 2], "uv": [60, 21]}
				]
			},
			{
				"name": "bone177",
				"parent": "bone158",
				"pivot": [0, 7, 0],
				"rotation": [0, -154.28571, 0]
			},
			{
				"name": "bone178",
				"parent": "bone177",
				"pivot": [0, 7, 6.19607],
				"rotation": [39, 0, 0]
			},
			{
				"name": "bone179",
				"parent": "bone178",
				"pivot": [0, 7, 6.19607],
				"rotation": [0, -45, 0],
				"cubes": [
					{"origin": [-1, 7, 5.19607], "size": [2, 7, 2], "uv": [60, 0]}
				]
			},
			{
				"name": "bone180",
				"parent": "bone158",
				"pivot": [0, 7, 0],
				"rotation": [0, -180, 0]
			},
			{
				"name": "bone181",
				"parent": "bone180",
				"pivot": [0, 7, 6.19607],
				"rotation": [39, 0, 0]
			},
			{
				"name": "bone182",
				"parent": "bone181",
				"pivot": [0, 7, 6.19607],
				"rotation": [0, -45, 0],
				"cubes": [
					{"origin": [-1, 7, 5.19607], "size": [2, 7, 2], "uv": [59, 42]}
				]
			},
			{
				"name": "bone183",
				"parent": "bone158",
				"pivot": [0, 7, 0],
				"rotation": [0, -205.71429, 0]
			},
			{
				"name": "bone184",
				"parent": "bone183",
				"pivot": [0, 7, 6.19607],
				"rotation": [39, 0, 0]
			},
			{
				"name": "bone185",
				"parent": "bone184",
				"pivot": [0, 7, 6.19607],
				"rotation": [0, -45, 0],
				"cubes": [
					{"origin": [-1, 7, 5.19607], "size": [2, 7, 2], "uv": [58, 58]}
				]
			},
			{
				"name": "bone186",
				"parent": "bone158",
				"pivot": [0, 7, 0],
				"rotation": [0, -231.42857, 0]
			},
			{
				"name": "bone187",
				"parent": "bone186",
				"pivot": [0, 7, 6.19607],
				"rotation": [39, 0, 0]
			},
			{
				"name": "bone188",
				"parent": "bone187",
				"pivot": [0, 7, 6.19607],
				"rotation": [0, -45, 0],
				"cubes": [
					{"origin": [-1, 7, 5.19607], "size": [2, 7, 2], "uv": [50, 58]}
				]
			},
			{
				"name": "bone189",
				"parent": "bone158",
				"pivot": [0, 7, 0],
				"rotation": [0, -257.14286, 0]
			},
			{
				"name": "bone190",
				"parent": "bone189",
				"pivot": [0, 7, 6.19607],
				"rotation": [39, 0, 0]
			},
			{
				"name": "bone191",
				"parent": "bone190",
				"pivot": [0, 7, 6.19607],
				"rotation": [0, -45, 0],
				"cubes": [
					{"origin": [-1, 7, 5.19607], "size": [2, 7, 2], "uv": [35, 58]}
				]
			},
			{
				"name": "bone192",
				"parent": "bone158",
				"pivot": [0, 7, 0],
				"rotation": [0, -282.85714, 0]
			},
			{
				"name": "bone193",
				"parent": "bone192",
				"pivot": [0, 7, 6.19607],
				"rotation": [39, 0, 0]
			},
			{
				"name": "bone194",
				"parent": "bone193",
				"pivot": [0, 7, 6.19607],
				"rotation": [0, -45, 0],
				"cubes": [
					{"origin": [-1, 7, 5.19607], "size": [2, 7, 2], "uv": [58, 33]}
				]
			},
			{
				"name": "bone195",
				"parent": "bone158",
				"pivot": [0, 7, 0],
				"rotation": [0, -308.57143, 0]
			},
			{
				"name": "bone196",
				"parent": "bone195",
				"pivot": [0, 7, 6.19607],
				"rotation": [39, 0, 0]
			},
			{
				"name": "bone197",
				"parent": "bone196",
				"pivot": [0, 7, 6.19607],
				"rotation": [0, -45, 0],
				"cubes": [
					{"origin": [-1, 7, 5.19607], "size": [2, 7, 2], "uv": [0, 58]}
				]
			},
			{
				"name": "bone198",
				"parent": "bone158",
				"pivot": [0, 7, 0],
				"rotation": [0, -334.28571, 0]
			},
			{
				"name": "bone199",
				"parent": "bone198",
				"pivot": [0, 7, 6.19607],
				"rotation": [39, 0, 0]
			},
			{
				"name": "bone200",
				"parent": "bone199",
				"pivot": [0, 7, 6.19607],
				"rotation": [0, -45, 0],
				"cubes": [
					{"origin": [-1, 7, 5.19607], "size": [2, 7, 2], "uv": [27, 56]}
				]
			},
			{
				"name": "bone44",
				"parent": "sittingRotationSkirt",
				"pivot": [0, 15.5, 0]
			},
			{
				"name": "bone45",
				"parent": "bone44",
				"pivot": [0, 5, 0]
			},
			{
				"name": "bone46",
				"parent": "bone45",
				"pivot": [0, 5, 6.19607],
				"rotation": [39, 0, 0]
			},
			{
				"name": "bone47",
				"parent": "bone46",
				"pivot": [0, 5, 6.19607],
				"rotation": [0, -45, 0],
				"cubes": [
					{"origin": [-1, 5, 5.19607], "size": [2, 7, 2], "uv": [80, 43]}
				]
			},
			{
				"name": "bone48",
				"parent": "bone44",
				"pivot": [0, 5, 0],
				"rotation": [0, -25.71429, 0]
			},
			{
				"name": "bone49",
				"parent": "bone48",
				"pivot": [0, 5, 6.19607],
				"rotation": [39, 0, 0]
			},
			{
				"name": "bone50",
				"parent": "bone49",
				"pivot": [0, 5, 6.19607],
				"rotation": [0, -45, 0],
				"cubes": [
					{"origin": [-1, 5, 5.19607], "size": [2, 7, 2], "uv": [14, 80]}
				]
			},
			{
				"name": "bone51",
				"parent": "bone44",
				"pivot": [0, 5, 0],
				"rotation": [0, -51.42857, 0]
			},
			{
				"name": "bone52",
				"parent": "bone51",
				"pivot": [0, 5, 6.19607],
				"rotation": [39, 0, 0]
			},
			{
				"name": "bone53",
				"parent": "bone52",
				"pivot": [0, 5, 6.19607],
				"rotation": [0, -45, 0],
				"cubes": [
					{"origin": [-1, 5, 5.19607], "size": [2, 7, 2], "uv": [78, 53]}
				]
			},
			{
				"name": "bone54",
				"parent": "bone44",
				"pivot": [0, 5, 0],
				"rotation": [0, -77.14286, 0]
			},
			{
				"name": "bone55",
				"parent": "bone54",
				"pivot": [0, 5, 6.19607],
				"rotation": [39, 0, 0]
			},
			{
				"name": "bone56",
				"parent": "bone55",
				"pivot": [0, 5, 6.19607],
				"rotation": [0, -45, 0],
				"cubes": [
					{"origin": [-1, 5, 5.19607], "size": [2, 7, 2], "uv": [78, 16]}
				]
			},
			{
				"name": "bone57",
				"parent": "bone44",
				"pivot": [0, 5, 0],
				"rotation": [0, -102.85714, 0]
			},
			{
				"name": "bone58",
				"parent": "bone57",
				"pivot": [0, 5, 6.19607],
				"rotation": [39, 0, 0]
			},
			{
				"name": "bone59",
				"parent": "bone58",
				"pivot": [0, 5, 6.19607],
				"rotation": [0, -45, 0],
				"cubes": [
					{"origin": [-1, 5, 5.19607], "size": [2, 7, 2], "uv": [73, 76]}
				]
			},
			{
				"name": "bone60",
				"parent": "bone44",
				"pivot": [0, 5, 0],
				"rotation": [0, -128.57143, 0]
			},
			{
				"name": "bone61",
				"parent": "bone60",
				"pivot": [0, 5, 6.19607],
				"rotation": [39, 0, 0]
			},
			{
				"name": "bone62",
				"parent": "bone61",
				"pivot": [0, 5, 6.19607],
				"rotation": [0, -45, 0],
				"cubes": [
					{"origin": [-1, 5, 5.19607], "size": [2, 7, 2], "uv": [47, 76]}
				]
			},
			{
				"name": "bone63",
				"parent": "bone44",
				"pivot": [0, 5, 0],
				"rotation": [0, -154.28571, 0]
			},
			{
				"name": "bone64",
				"parent": "bone63",
				"pivot": [0, 5, 6.19607],
				"rotation": [39, 0, 0]
			},
			{
				"name": "bone65",
				"parent": "bone64",
				"pivot": [0, 5, 6.19607],
				"rotation": [0, -45, 0],
				"cubes": [
					{"origin": [-1, 5, 5.19607], "size": [2, 7, 2], "uv": [30, 76]}
				]
			},
			{
				"name": "bone66",
				"parent": "bone44",
				"pivot": [0, 5, 0],
				"rotation": [0, -180, 0]
			},
			{
				"name": "bone67",
				"parent": "bone66",
				"pivot": [0, 5, 6.19607],
				"rotation": [39, 0, 0]
			},
			{
				"name": "bone68",
				"parent": "bone67",
				"pivot": [0, 5, 6.19607],
				"rotation": [0, -45, 0],
				"cubes": [
					{"origin": [-1, 5, 5.19607], "size": [2, 7, 2], "uv": [76, 0]}
				]
			},
			{
				"name": "bone69",
				"parent": "bone44",
				"pivot": [0, 5, 0],
				"rotation": [0, -205.71429, 0]
			},
			{
				"name": "bone70",
				"parent": "bone69",
				"pivot": [0, 5, 6.19607],
				"rotation": [39, 0, 0]
			},
			{
				"name": "bone71",
				"parent": "bone70",
				"pivot": [0, 5, 6.19607],
				"rotation": [0, -45, 0],
				"cubes": [
					{"origin": [-1, 5, 5.19607], "size": [2, 7, 2], "uv": [0, 76]}
				]
			},
			{
				"name": "bone72",
				"parent": "bone44",
				"pivot": [0, 5, 0],
				"rotation": [0, -231.42857, 0]
			},
			{
				"name": "bone73",
				"parent": "bone72",
				"pivot": [0, 5, 6.19607],
				"rotation": [39, 0, 0]
			},
			{
				"name": "bone74",
				"parent": "bone73",
				"pivot": [0, 5, 6.19607],
				"rotation": [0, -45, 0],
				"cubes": [
					{"origin": [-1, 5, 5.19607], "size": [2, 7, 2], "uv": [75, 34]}
				]
			},
			{
				"name": "bone75",
				"parent": "bone44",
				"pivot": [0, 5, 0],
				"rotation": [0, -257.14286, 0]
			},
			{
				"name": "bone76",
				"parent": "bone75",
				"pivot": [0, 5, 6.19607],
				"rotation": [39, 0, 0]
			},
			{
				"name": "bone77",
				"parent": "bone76",
				"pivot": [0, 5, 6.19607],
				"rotation": [0, -45, 0],
				"cubes": [
					{"origin": [-1, 5, 5.19607], "size": [2, 7, 2], "uv": [65, 74]}
				]
			},
			{
				"name": "bone78",
				"parent": "bone44",
				"pivot": [0, 5, 0],
				"rotation": [0, -282.85714, 0]
			},
			{
				"name": "bone79",
				"parent": "bone78",
				"pivot": [0, 5, 6.19607],
				"rotation": [39, 0, 0]
			},
			{
				"name": "bone80",
				"parent": "bone79",
				"pivot": [0, 5, 6.19607],
				"rotation": [0, -45, 0],
				"cubes": [
					{"origin": [-1, 5, 5.19607], "size": [2, 7, 2], "uv": [39, 74]}
				]
			},
			{
				"name": "bone81",
				"parent": "bone44",
				"pivot": [0, 5, 0],
				"rotation": [0, -308.57143, 0]
			},
			{
				"name": "bone82",
				"parent": "bone81",
				"pivot": [0, 5, 6.19607],
				"rotation": [39, 0, 0]
			},
			{
				"name": "bone83",
				"parent": "bone82",
				"pivot": [0, 5, 6.19607],
				"rotation": [0, -45, 0],
				"cubes": [
					{"origin": [-1, 5, 5.19607], "size": [2, 7, 2], "uv": [74, 25]}
				]
			},
			{
				"name": "bone84",
				"parent": "bone44",
				"pivot": [0, 5, 0],
				"rotation": [0, -334.28571, 0]
			},
			{
				"name": "bone85",
				"parent": "bone84",
				"pivot": [0, 5, 6.19607],
				"rotation": [39, 0, 0]
			},
			{
				"name": "bone86",
				"parent": "bone85",
				"pivot": [0, 5, 6.19607],
				"rotation": [0, -45, 0],
				"cubes": [
					{"origin": [-1, 5, 5.19607], "size": [2, 7, 2], "uv": [22, 74]}
				]
			},
			{
				"name": "bone87",
				"parent": "sittingRotationSkirt",
				"pivot": [0, 14.5, 0]
			},
			{
				"name": "bone88",
				"parent": "bone87",
				"pivot": [0, 4, 0]
			},
			{
				"name": "bone89",
				"parent": "bone88",
				"pivot": [0, 4, 6.19607],
				"rotation": [39, 0, 0]
			},
			{
				"name": "bone90",
				"parent": "bone89",
				"pivot": [0, 4, 6.19607],
				"rotation": [0, -45, 0],
				"cubes": [
					{"origin": [-1, 4, 5.19607], "size": [2, 7, 2], "uv": [8, 73]}
				]
			},
			{
				"name": "bone91",
				"parent": "bone87",
				"pivot": [0, 4, 0],
				"rotation": [0, -25.71429, 0]
			},
			{
				"name": "bone92",
				"parent": "bone91",
				"pivot": [0, 4, 6.19607],
				"rotation": [39, 0, 0]
			},
			{
				"name": "bone93",
				"parent": "bone92",
				"pivot": [0, 4, 6.19607],
				"rotation": [0, -45, 0],
				"cubes": [
					{"origin": [-1, 4, 5.19607], "size": [2, 7, 2], "uv": [72, 67]}
				]
			},
			{
				"name": "bone94",
				"parent": "bone87",
				"pivot": [0, 4, 0],
				"rotation": [0, -51.42857, 0]
			},
			{
				"name": "bone95",
				"parent": "bone94",
				"pivot": [0, 4, 6.19607],
				"rotation": [39, 0, 0]
			},
			{
				"name": "bone96",
				"parent": "bone95",
				"pivot": [0, 4, 6.19607],
				"rotation": [0, -45, 0],
				"cubes": [
					{"origin": [-1, 4, 5.19607], "size": [2, 7, 2], "uv": [57, 72]}
				]
			},
			{
				"name": "bone97",
				"parent": "bone87",
				"pivot": [0, 4, 0],
				"rotation": [0, -77.14286, 0]
			},
			{
				"name": "bone98",
				"parent": "bone97",
				"pivot": [0, 4, 6.19607],
				"rotation": [39, 0, 0]
			},
			{
				"name": "bone99",
				"parent": "bone98",
				"pivot": [0, 4, 6.19607],
				"rotation": [0, -45, 0],
				"cubes": [
					{"origin": [-1, 4, 5.19607], "size": [2, 7, 2], "uv": [72, 46]}
				]
			},
			{
				"name": "bone100",
				"parent": "bone87",
				"pivot": [0, 4, 0],
				"rotation": [0, -102.85714, 0]
			},
			{
				"name": "bone101",
				"parent": "bone100",
				"pivot": [0, 4, 6.19607],
				"rotation": [39, 0, 0]
			},
			{
				"name": "bone102",
				"parent": "bone101",
				"pivot": [0, 4, 6.19607],
				"rotation": [0, -45, 0],
				"cubes": [
					{"origin": [-1, 4, 5.19607], "size": [2, 7, 2], "uv": [72, 9]}
				]
			},
			{
				"name": "bone103",
				"parent": "bone87",
				"pivot": [0, 4, 0],
				"rotation": [0, -128.57143, 0]
			},
			{
				"name": "bone104",
				"parent": "bone103",
				"pivot": [0, 4, 6.19607],
				"rotation": [39, 0, 0]
			},
			{
				"name": "bone105",
				"parent": "bone104",
				"pivot": [0, 4, 6.19607],
				"rotation": [0, -45, 0],
				"cubes": [
					{"origin": [-1, 4, 5.19607], "size": [2, 7, 2], "uv": [70, 58]}
				]
			},
			{
				"name": "bone106",
				"parent": "bone87",
				"pivot": [0, 4, 0],
				"rotation": [0, -154.28571, 0]
			},
			{
				"name": "bone107",
				"parent": "bone106",
				"pivot": [0, 4, 6.19607],
				"rotation": [39, 0, 0]
			},
			{
				"name": "bone108",
				"parent": "bone107",
				"pivot": [0, 4, 6.19607],
				"rotation": [0, -45, 0],
				"cubes": [
					{"origin": [-1, 4, 5.19607], "size": [2, 7, 2], "uv": [68, 18]}
				]
			},
			{
				"name": "bone109",
				"parent": "bone87",
				"pivot": [0, 4, 0],
				"rotation": [0, -180, 0]
			},
			{
				"name": "bone110",
				"parent": "bone109",
				"pivot": [0, 4, 6.19607],
				"rotation": [39, 0, 0]
			},
			{
				"name": "bone111",
				"parent": "bone110",
				"pivot": [0, 4, 6.19607],
				"rotation": [0, -45, 0],
				"cubes": [
					{"origin": [-1, 4, 5.19607], "size": [2, 7, 2], "uv": [68, 0]}
				]
			},
			{
				"name": "bone112",
				"parent": "bone87",
				"pivot": [0, 4, 0],
				"rotation": [0, -205.71429, 0]
			},
			{
				"name": "bone113",
				"parent": "bone112",
				"pivot": [0, 4, 6.19607],
				"rotation": [39, 0, 0]
			},
			{
				"name": "bone114",
				"parent": "bone113",
				"pivot": [0, 4, 6.19607],
				"rotation": [0, -45, 0],
				"cubes": [
					{"origin": [-1, 4, 5.19607], "size": [2, 7, 2], "uv": [49, 67]}
				]
			},
			{
				"name": "bone115",
				"parent": "bone87",
				"pivot": [0, 4, 0],
				"rotation": [0, -231.42857, 0]
			},
			{
				"name": "bone116",
				"parent": "bone115",
				"pivot": [0, 4, 6.19607],
				"rotation": [39, 0, 0]
			},
			{
				"name": "bone117",
				"parent": "bone116",
				"pivot": [0, 4, 6.19607],
				"rotation": [0, -45, 0],
				"cubes": [
					{"origin": [-1, 4, 5.19607], "size": [2, 7, 2], "uv": [67, 37]}
				]
			},
			{
				"name": "bone118",
				"parent": "bone87",
				"pivot": [0, 4, 0],
				"rotation": [0, -257.14286, 0]
			},
			{
				"name": "bone119",
				"parent": "bone118",
				"pivot": [0, 4, 6.19607],
				"rotation": [39, 0, 0]
			},
			{
				"name": "bone120",
				"parent": "bone119",
				"pivot": [0, 4, 6.19607],
				"rotation": [0, -45, 0],
				"cubes": [
					{"origin": [-1, 4, 5.19607], "size": [2, 7, 2], "uv": [33, 67]}
				]
			},
			{
				"name": "bone121",
				"parent": "bone87",
				"pivot": [0, 4, 0],
				"rotation": [0, -282.85714, 0]
			},
			{
				"name": "bone122",
				"parent": "bone121",
				"pivot": [0, 4, 6.19607],
				"rotation": [39, 0, 0]
			},
			{
				"name": "bone123",
				"parent": "bone122",
				"pivot": [0, 4, 6.19607],
				"rotation": [0, -45, 0],
				"cubes": [
					{"origin": [-1, 4, 5.19607], "size": [2, 7, 2], "uv": [0, 67]}
				]
			},
			{
				"name": "bone124",
				"parent": "bone87",
				"pivot": [0, 4, 0],
				"rotation": [0, -308.57143, 0]
			},
			{
				"name": "bone125",
				"parent": "bone124",
				"pivot": [0, 4, 6.19607],
				"rotation": [39, 0, 0]
			},
			{
				"name": "bone126",
				"parent": "bone125",
				"pivot": [0, 4, 6.19607],
				"rotation": [0, -45, 0],
				"cubes": [
					{"origin": [-1, 4, 5.19607], "size": [2, 7, 2], "uv": [66, 28]}
				]
			},
			{
				"name": "bone127",
				"parent": "bone87",
				"pivot": [0, 4, 0],
				"rotation": [0, -334.28571, 0]
			},
			{
				"name": "bone128",
				"parent": "bone127",
				"pivot": [0, 4, 6.19607],
				"rotation": [39, 0, 0]
			},
			{
				"name": "bone129",
				"parent": "bone128",
				"pivot": [0, 4, 6.19607],
				"rotation": [0, -45, 0],
				"cubes": [
					{"origin": [-1, 4, 5.19607], "size": [2, 7, 2], "uv": [16, 66]}
				]
			},
			{
				"name": "collar2",
				"parent": "body",
				"pivot": [0, 10.5, -1]
			},
			{
				"name": "bone133",
				"parent": "collar2",
				"pivot": [-2, 17, -1],
				"rotation": [0, 0, 25],
				"cubes": [
					{"origin": [-2.18738, 17.84524, -3.12], "size": [2, 1, 1], "uv": [50, 35]}
				]
			},
			{
				"name": "bone134",
				"parent": "collar2",
				"pivot": [2, 17, -1],
				"rotation": [0, 0, -25],
				"cubes": [
					{"origin": [0.18738, 17.84524, -3.12], "size": [2, 1, 1], "uv": [49, 49]}
				]
			},
			{
				"name": "tie3",
				"parent": "body",
				"pivot": [0, 8.5, -0.1],
				"cubes": [
					{"origin": [-0.5, 13.5071, -2.9], "size": [1, 4, 1], "uv": [36, 41], "inflate": 0.2071}
				]
			},
			{
				"name": "bone135",
				"parent": "tie3",
				"pivot": [0, 17, -3.1],
				"rotation": [0, 0, -45],
				"cubes": [
					{"origin": [-3.11629, 13.8837, -3.11], "size": [1, 1, 1], "uv": [16, 56]}
				]
			},
			{
				"name": "wd",
				"parent": "body",
				"pivot": [0, 10.5, 2],
				"rotation": [20, 0, 0],
				"cubes": [
					{"origin": [-3, 13.5, 6], "size": [6, 4, 0], "uv": [84, 0]}
				]
			},
			{
				"name": "xian",
				"parent": "body",
				"pivot": [-1, 9.5, 0],
				"rotation": [0, 0, 17.5],
				"cubes": [
					{"origin": [-8, 15.8, -1], "size": [4, 1, 2], "uv": [86, 59]}
				]
			},
			{
				"name": "xian2",
				"parent": "body",
				"pivot": [1, 9.5, 0],
				"rotation": [0, 0, -17.5],
				"cubes": [
					{"origin": [4, 15.8, -1], "size": [4, 1, 2], "uv": [84, 4]}
				]
			},
			{
				"name": "hu",
				"parent": "body",
				"pivot": [0, 10.5, 0],
				"cubes": [
					{"origin": [-1, 11.5, 3], "size": [2, 2, 1], "uv": [0, 32]}
				]
			},
			{
				"name": "bone136",
				"parent": "hu",
				"pivot": [0, 10.5, 0],
				"rotation": [0, -10, -15],
				"cubes": [
					{"origin": [2, 11.5, 3], "size": [3, 2, 1], "uv": [9, 47]}
				]
			},
			{
				"name": "bone137",
				"parent": "hu",
				"pivot": [0, 10.5, 0],
				"rotation": [0, 10, 15],
				"cubes": [
					{"origin": [-5, 11.5, 3], "size": [3, 2, 1], "uv": [44, 24]}
				]
			},
			{
				"name": "bone138",
				"parent": "hu",
				"pivot": [-2, 9.5, 1],
				"rotation": [25, 0, 37.5],
				"cubes": [
					{"origin": [-2.8, 1.5, 4], "size": [1.8, 10, 1], "uv": [30, 85]}
				]
			},
			{
				"name": "bone139",
				"parent": "hu",
				"pivot": [2, 9.5, 1],
				"rotation": [25, 0, -37.5],
				"cubes": [
					{"origin": [1, 1.5, 4], "size": [1.8, 10, 1], "uv": [0, 85]}
				]
			},
			{
				"name": "chestPlate",
				"parent": "body",
				"pivot": [0, 10.5, 0]
			},
			{
				"name": "sinFloat",
				"parent": "chestPlate",
				"pivot": [0, 10.5, 0]
			},
			{
				"name": "bone154",
				"parent": "sinFloat",
				"pivot": [0, 10.5, 0],
				"cubes": [
					{"origin": [10, 10.5, -1], "size": [2, 7, 2], "uv": [64, 65]},
					{"origin": [10.5, 15.5, -0.5], "size": [1, 4, 1], "uv": [24, 0]}
				]
			},
			{
				"name": "bone202",
				"parent": "bone154",
				"pivot": [10.5, 19.5, -0.5],
				"rotation": [-45, 0, 0],
				"cubes": [
					{"origin": [10.5, 19.5, -0.5], "size": [1, 2, 1], "uv": [43, 60]}
				]
			},
			{
				"name": "bone203",
				"parent": "bone202",
				"pivot": [10.5, 21.5, -0.5],
				"rotation": [-72.5, 0, 0],
				"cubes": [
					{"origin": [10.5, 21.5, -0.5], "size": [1, 2, 1], "uv": [60, 30]}
				]
			},
			{
				"name": "bone204",
				"parent": "bone203",
				"pivot": [10.5, 23.5, 0.5],
				"rotation": [45, 0, 0],
				"cubes": [
					{"origin": [10.5, 23.5, -0.5], "size": [1, 2, 1], "uv": [56, 21]}
				]
			},
			{
				"name": "bone155",
				"parent": "bone154",
				"pivot": [12, 10.5, 1],
				"rotation": [-22.5, 0, 0],
				"cubes": [
					{"origin": [10, 7.5, -1], "size": [2, 3, 2], "uv": [18, 32]}
				]
			},
			{
				"name": "bone156",
				"parent": "bone155",
				"pivot": [12, 7.5, 1],
				"rotation": [-62.5, 0, 0],
				"cubes": [
					{"origin": [10, 4.5, -1], "size": [2, 3, 2], "uv": [0, 16]}
				]
			},
			{
				"name": "bone157",
				"parent": "bone156",
				"pivot": [12, 4.5, 1],
				"rotation": [-57.5, 0, 0],
				"cubes": [
					{"origin": [10, 1.5, -1], "size": [2, 3, 2], "uv": [0, 0]}
				]
			},
			{
				"name": "bone201",
				"parent": "bone157",
				"pivot": [12, 1.5, 1],
				"rotation": [-20, 0, 0],
				"cubes": [
					{"origin": [10, 0.5, -1], "size": [2, 1, 2], "uv": [42, 0]},
					{"origin": [10, -0.5, -1], "size": [2, 1, 2], "uv": [0, 21], "inflate": 0.3},
					{"origin": [10, -1.5, -1], "size": [2, 1, 2], "uv": [0, 5], "inflate": 0.4}
				]
			},
			{
				"name": "legLeft",
				"pivot": [2, 9, 0],
				"cubes": [
					{"origin": [0.499, 0.1, -1.5], "size": [2.75, 8.9, 3], "uv": [50, 24]},
					{"origin": [0.499, 0.1, -1.5], "size": [2.75, 6, 3], "uv": [52, 49], "inflate": 0.1},
					{"origin": [0.499, 0.1, -1.5], "size": [2.75, 2, 3], "uv": [85, 49], "inflate": 0.2}
				]
			},
			{
				"name": "legRight",
				"pivot": [-2, 9, 0],
				"cubes": [
					{"origin": [-3.249, 0.2, -1.5], "size": [2.75, 8.8, 3], "uv": [42, 49]},
					{"origin": [-3.249, 0.2, -1.5], "size": [2.75, 6, 3], "uv": [9, 55], "inflate": 0.1},
					{"origin": [-3.249, 0.2, -1.5], "size": [2.75, 2, 3], "uv": [86, 54], "inflate": 0.2}
				]
			}
		]
	}
}