{
	"format_version": "1.10.0",
	"geometry.model": {
		"texturewidth": 128,
		"textureheight": 128,
		"visible_bounds_width": 3,
		"visible_bounds_height": 4,
		"visible_bounds_offset": [0, 1, 0],
		"bones": [
			{
				"name": "head",
				"pivot": [0, 18, 0],
				"cubes": [
					{"origin": [-4, 18, -4], "size": [8, 8, 8], "uv": [0, 16]},
					{"origin": [-4, 18, -4], "size": [8, 8, 8], "uv": [0, 0], "inflate": 0.1},
					{"origin": [-5, 14, -11.603], "size": [16, 16, 15], "uv": [20, 97], "inflate": -7.5}
				]
			},
			{
				"name": "blink",
				"parent": "head",
				"pivot": [0, 18, 0],
				"cubes": [
					{"origin": [-4, 18, -4.001], "size": [8, 8, 0], "uv": [41, 46]}
				]
			},
			{
				"name": "hu",
				"parent": "head",
				"pivot": [0, 18, 0]
			},
			{
				"name": "headdressLeftTop",
				"parent": "hu",
				"pivot": [-1, 24.5, 4.5],
				"rotation": [0, 10, 15],
				"cubes": [
					{"origin": [-9, 22, 4], "size": [8, 5, 1], "uv": [23, 46]}
				]
			},
			{
				"name": "headdressRightTop",
				"parent": "hu",
				"pivot": [1, 24.5, 4.5],
				"rotation": [0, -10, -15],
				"cubes": [
					{"origin": [1, 22, 4], "size": [8, 5, 1], "uv": [44, 23]}
				]
			},
			{
				"name": "bs",
				"parent": "headdressRightTop",
				"pivot": [0, 25.5, 4.5],
				"rotation": [0, 0, 10]
			},
			{
				"name": "bone18",
				"parent": "bs",
				"pivot": [0, 25.5, 4.5],
				"cubes": [
					{"origin": [5, 26.5, 3.5], "size": [2, 1, 1], "uv": [24, 6], "inflate": -0.2},
					{"origin": [5, 25.5, 3.5], "size": [2, 1, 1], "uv": [0, 22], "inflate": -0.2},
					{"origin": [6, 25.8, 3.5], "size": [1, 1.5, 1], "uv": [17, 47], "inflate": -0.2},
					{"origin": [5, 23.8, 3.5], "size": [1, 3.5, 1], "uv": [64, 31], "inflate": -0.2}
				]
			},
			{
				"name": "bone19",
				"parent": "bone18",
				"pivot": [0, 24.5, 4.5],
				"rotation": [0, 0, -32.5],
				"cubes": [
					{"origin": [5.3, 20.1, 3.5], "size": [1, 2.5, 1], "uv": [9, 47], "inflate": -0.2}
				]
			},
			{
				"name": "headdressLeftBottom",
				"parent": "hu",
				"pivot": [0, 24, 4.5],
				"rotation": [0, -5, 55],
				"cubes": [
					{"origin": [1, 23, 4], "size": [12, 4, 1], "uv": [42, 15]}
				]
			},
			{
				"name": "headdressRightBottom",
				"parent": "hu",
				"pivot": [0, 24, 4.5],
				"rotation": [0, 5, -55],
				"cubes": [
					{"origin": [-13, 23, 4], "size": [12, 4, 1], "uv": [24, 41]}
				]
			},
			{
				"name": "headdressMiddle",
				"parent": "hu",
				"pivot": [0, 25, 4.5],
				"cubes": [
					{"origin": [-2, 22.5, 3], "size": [4, 5, 3], "uv": [50, 29]}
				]
			},
			{
				"name": "cf",
				"parent": "head",
				"pivot": [0, 18, 0]
			},
			{
				"name": "hairRight",
				"parent": "cf",
				"pivot": [-4, 18, -3],
				"rotation": [-10, 0, 10],
				"cubes": [
					{"origin": [-4.01519, 13.17101, -4.03015], "size": [1, 5, 1], "uv": [4, 16]},
					{"origin": [-4.01519, 14.17101, -4.03015], "size": [1, 2, 1], "uv": [44, 29], "inflate": 0.1}
				]
			},
			{
				"name": "hairLeft",
				"parent": "cf",
				"pivot": [4, 18, -3],
				"rotation": [-10, 0, -10],
				"cubes": [
					{"origin": [3.01519, 13.17101, -4.03015], "size": [1, 5, 1], "uv": [0, 16]}
				]
			},
			{
				"name": "hair",
				"parent": "head",
				"pivot": [0, 18, 4]
			},
			{
				"name": "bone20",
				"parent": "hair",
				"pivot": [0, 18, 4],
				"rotation": [10, 0, 0],
				"cubes": [
					{"origin": [3, 8, 3], "size": [1, 10, 1], "uv": [40, 63]}
				]
			},
			{
				"name": "bone21",
				"parent": "hair",
				"pivot": [0, 18, 4],
				"rotation": [15, 0, 0],
				"cubes": [
					{"origin": [2, 8, 3], "size": [1, 10, 1], "uv": [36, 63]},
					{"origin": [0, 8, 3], "size": [1, 10, 1], "uv": [32, 63]},
					{"origin": [-4, 8, 3], "size": [1, 10, 1], "uv": [28, 63]}
				]
			},
			{
				"name": "bone22",
				"parent": "hair",
				"pivot": [0, 18, 4],
				"rotation": [20, 0, 0],
				"cubes": [
					{"origin": [1, 8, 3], "size": [1, 10, 1], "uv": [24, 63]},
					{"origin": [-1, 8, 3], "size": [1, 10, 1], "uv": [62, 20]},
					{"origin": [-3, 8, 3], "size": [1, 10, 1], "uv": [60, 52]}
				]
			},
			{
				"name": "bone23",
				"parent": "hair",
				"pivot": [0, 18, 4],
				"rotation": [25, 0, 0],
				"cubes": [
					{"origin": [-2, 8, 3], "size": [1, 10, 1], "uv": [20, 60]}
				]
			},
			{
				"name": "armRight",
				"pivot": [-3, 17.5, 0],
				"rotation": [0, 0, 25],
				"cubes": [
					{"origin": [-5, 8.5, -1], "size": [2, 8, 2], "uv": [52, 54]},
					{"origin": [-5.5, 9.5, -1.5], "size": [3, 8, 3], "uv": [12, 49]}
				]
			},
			{
				"name": "armLeft",
				"pivot": [3, 17.5, 0],
				"rotation": [0, 0, -25],
				"cubes": [
					{"origin": [2.5, 9.5, -1.5], "size": [3, 8, 3], "uv": [0, 47]},
					{"origin": [3, 8.5, -1], "size": [2, 8, 2], "uv": [44, 54]}
				]
			},
			{
				"name": "body",
				"pivot": [0, 10.5, 0],
				"cubes": [
					{"origin": [-3, 8.999, -3], "size": [6, 9, 6], "uv": [32, 0]},
					{"origin": [-3, 8.999, -3], "size": [6, 9, 6], "uv": [0, 32], "inflate": 0.1},
					{"origin": [-3, 8.999, -3], "size": [6, 9, 6], "uv": [26, 26], "inflate": 0.12},
					{"origin": [-3, 9.999, -3], "size": [6, 1, 6], "uv": [24, 16], "inflate": 0.13}
				]
			},
			{
				"name": "bone28",
				"parent": "body",
				"pivot": [2, -1, 0],
				"rotation": [0, 0, -10],
				"cubes": [
					{"origin": [5, 8, -1], "size": [1, 3, 1.3], "uv": [4, 4], "inflate": -0.2}
				]
			},
			{
				"name": "sittingRotationSkirt",
				"parent": "body",
				"pivot": [0, 10.5, 0]
			},
			{
				"name": "bone",
				"parent": "sittingRotationSkirt",
				"pivot": [0, 15.5, 0]
			},
			{
				"name": "bone2",
				"parent": "bone",
				"pivot": [0, 5, 0]
			},
			{
				"name": "bone3",
				"parent": "bone2",
				"pivot": [0, 5, 4.44392],
				"rotation": [14, 0, 0],
				"cubes": [
					{"origin": [-2.5, 4.52972, 4.44392], "size": [5, 6, 0], "uv": [0, 58]}
				]
			},
			{
				"name": "bone4",
				"parent": "bone3",
				"pivot": [-2.5, 4.52972, 4.44392],
				"rotation": [0, 0, 13.59981],
				"cubes": [
					{"origin": [-4.5, 4.52972, 4.44292], "size": [2, 6, 0], "uv": [4, 64]}
				]
			},
			{
				"name": "bone5",
				"parent": "bone3",
				"pivot": [2.5, 4.52972, 4.44392],
				"rotation": [0, 0, -13.59981],
				"cubes": [
					{"origin": [2.5, 4.52972, 4.44492], "size": [2, 6, 0], "uv": [0, 64]}
				]
			},
			{
				"name": "bone6",
				"parent": "bone",
				"pivot": [0, 5, 0],
				"rotation": [0, -90, 0]
			},
			{
				"name": "bone7",
				"parent": "bone6",
				"pivot": [0, 5, 4.44392],
				"rotation": [14, 0, 0],
				"cubes": [
					{"origin": [-2.5, 4.52972, 4.44392], "size": [5, 6, 0], "uv": [57, 46]}
				]
			},
			{
				"name": "bone8",
				"parent": "bone7",
				"pivot": [-2.5, 4.52972, 4.44392],
				"rotation": [0, 0, 13.59981],
				"cubes": [
					{"origin": [-4.5, 4.52972, 4.44292], "size": [2, 6, 0], "uv": [50, 0]}
				]
			},
			{
				"name": "bone9",
				"parent": "bone7",
				"pivot": [2.5, 4.52972, 4.44392],
				"rotation": [0, 0, -13.59981],
				"cubes": [
					{"origin": [2.5, 4.52972, 4.44492], "size": [2, 6, 0], "uv": [34, 0]}
				]
			},
			{
				"name": "bone10",
				"parent": "bone",
				"pivot": [0, 5, 0],
				"rotation": [0, -180, 0]
			},
			{
				"name": "bone11",
				"parent": "bone10",
				"pivot": [0, 5, 4.44392],
				"rotation": [14, 0, 0],
				"cubes": [
					{"origin": [-2.5, 4.52972, 4.44392], "size": [5, 6, 0], "uv": [56, 7]}
				]
			},
			{
				"name": "bone12",
				"parent": "bone11",
				"pivot": [-2.5, 4.52972, 4.44392],
				"rotation": [0, 0, 13.59981],
				"cubes": [
					{"origin": [-4.5, 4.52972, 4.44292], "size": [2, 6, 0], "uv": [22, 32]}
				]
			},
			{
				"name": "bone13",
				"parent": "bone11",
				"pivot": [2.5, 4.52972, 4.44392],
				"rotation": [0, 0, -13.59981],
				"cubes": [
					{"origin": [2.5, 4.52972, 4.44492], "size": [2, 6, 0], "uv": [18, 32]}
				]
			},
			{
				"name": "bone14",
				"parent": "bone",
				"pivot": [0, 5, 0],
				"rotation": [0, -270, 0]
			},
			{
				"name": "bone15",
				"parent": "bone14",
				"pivot": [0, 5, 4.44392],
				"rotation": [14, 0, 0],
				"cubes": [
					{"origin": [-2.5, 4.52972, 4.44392], "size": [5, 6, 0], "uv": [24, 0]}
				]
			},
			{
				"name": "bone16",
				"parent": "bone15",
				"pivot": [-2.5, 4.52972, 4.44392],
				"rotation": [0, 0, 13.59981],
				"cubes": [
					{"origin": [-4.5, 4.52972, 4.44292], "size": [2, 6, 0], "uv": [0, 32]}
				]
			},
			{
				"name": "bone17",
				"parent": "bone15",
				"pivot": [2.5, 4.52972, 4.44392],
				"rotation": [0, 0, -13.59981],
				"cubes": [
					{"origin": [2.5, 4.52972, 4.44492], "size": [2, 6, 0], "uv": [24, 16]}
				]
			},
			{
				"name": "decoration",
				"parent": "body",
				"pivot": [0, 10.5, 0],
				"cubes": [
					{"origin": [-0.5, 16, -3.5], "size": [1, 1, 1], "uv": [13, 47]},
					{"origin": [-0.5, 14, -3.25], "size": [1, 2, 1], "uv": [40, 23]}
				]
			},
			{
				"name": "bone24",
				"parent": "decoration",
				"pivot": [0, 17, -4],
				"rotation": [0, 0, 40],
				"cubes": [
					{"origin": [-3, 16, -3.75], "size": [3, 1, 1], "uv": [0, 2]}
				]
			},
			{
				"name": "bone25",
				"parent": "decoration",
				"pivot": [0, 17, -4],
				"rotation": [0, 0, -40],
				"cubes": [
					{"origin": [0, 16, -3.75], "size": [3, 1, 1], "uv": [0, 0]}
				]
			},
			{
				"name": "bone26",
				"parent": "decoration",
				"pivot": [0.5, 16, -3],
				"rotation": [0, 0, -27],
				"cubes": [
					{"origin": [-0.40798, 14.21799, -3.25], "size": [1, 2, 1], "uv": [36, 23]}
				]
			},
			{
				"name": "bone27",
				"parent": "decoration",
				"pivot": [-0.5, 16, -3],
				"rotation": [0, 0, 27],
				"cubes": [
					{"origin": [-0.59202, 14.21799, -3.25], "size": [1, 2, 1], "uv": [32, 23]}
				]
			},
			{
				"name": "chestPlate",
				"parent": "body",
				"pivot": [0, 10.5, 0]
			},
			{
				"name": "sinFloat",
				"parent": "chestPlate",
				"pivot": [0, 10.5, 0]
			},
			{
				"name": "bone29",
				"parent": "sinFloat",
				"pivot": [0, 13.5, 0],
				"cubes": [
					{"origin": [10, 13.5, -1], "size": [1, 3, 1], "uv": [0, 4]},
					{"origin": [10, 12.7, -1], "size": [1, 1, 1], "uv": [42, 20], "inflate": -0.2},
					{"origin": [10, 16.5, -1], "size": [1, 1, 1], "uv": [46, 20], "inflate": 0.2}
				]
			},
			{
				"name": "legLeft",
				"pivot": [2, 9, 0],
				"cubes": [
					{"origin": [0.499, 0.1, -1.5], "size": [2.75, 8.9, 3], "uv": [34, 52]},
					{"origin": [0.499, 0.1, -1.5], "size": [2.75, 4, 3], "uv": [56, 0], "inflate": 0.1},
					{"origin": [0.499, 4.5, -1.5], "size": [2.75, 1, 3], "uv": [61, 60], "inflate": 0.1},
					{"origin": [0.499, 0.1, -1.5], "size": [2.75, 2, 3], "uv": [10, 60], "inflate": 0.2}
				]
			},
			{
				"name": "legRight",
				"pivot": [-2, 9, 0],
				"cubes": [
					{"origin": [-3.249, 0.2, -1.5], "size": [2.75, 8.8, 3], "uv": [24, 52]},
					{"origin": [-3.249, 0.2, -1.5], "size": [2.75, 6, 3], "uv": [50, 37], "inflate": 0.1},
					{"origin": [-3.249, 6.8, -1.5], "size": [2.75, 1, 3], "uv": [60, 42], "inflate": 0.1},
					{"origin": [-3.249, 0.2, -1.5], "size": [2.75, 2, 3], "uv": [60, 37], "inflate": 0.2}
				]
			}
		]
	}
}