{
	"format_version": "1.10.0",
	"geometry.model": {
		"texturewidth": 128,
		"textureheight": 128,
		"visible_bounds_width": 3,
		"visible_bounds_height": 4,
		"visible_bounds_offset": [0, 1, 0],
		"bones": [
			{
				"name": "head",
				"pivot": [0, 18, 0],
				"cubes": [
					{"origin": [-4, 18, -4], "size": [8, 8, 8], "uv": [0, 16]},
					{"origin": [-4, 18, -4], "size": [8, 8, 8], "uv": [0, 0], "inflate": 0.1}
				]
			},
			{
				"name": "blink",
				"parent": "head",
				"pivot": [0, 18, 0],
				"cubes": [
					{"origin": [-4, 18, -4.001], "size": [8, 8, 0], "uv": [42, 51]}
				]
			},
			{
				"name": "decoration3",
				"parent": "head",
				"pivot": [0, 18, 0],
				"cubes": [
					{"origin": [-3.5, 25.25, -2], "size": [7, 1, 3], "uv": [50, 0]},
					{"origin": [-2.5, 25.75, -2], "size": [1, 1, 1], "uv": [71, 63]},
					{"origin": [-2.5, 25.75, 0], "size": [1, 1, 1], "uv": [70, 43]},
					{"origin": [-0.5, 25.75, -2], "size": [1, 1, 1], "uv": [70, 1]},
					{"origin": [-0.5, 25.75, 0], "size": [1, 1, 1], "uv": [69, 41]},
					{"origin": [1.5, 25.75, -2], "size": [1, 1, 1], "uv": [69, 39]},
					{"origin": [1.5, 25.75, 0], "size": [1, 1, 1], "uv": [68, 68]}
				]
			},
			{
				"name": "armRight",
				"pivot": [-3, 17.5, 0],
				"rotation": [0, 0, 25],
				"cubes": [
					{"origin": [-5, 8.5, -1], "size": [2, 8, 2], "uv": [33, 65]},
					{"origin": [-5.5, 13.5, -1.5], "size": [3, 4, 3], "uv": [56, 16], "inflate": -0.2}
				]
			},
			{
				"name": "armLeft",
				"pivot": [3, 17.5, 0],
				"rotation": [0, 0, -25],
				"cubes": [
					{"origin": [2.5, 13.5, -1.5], "size": [3, 4, 3], "uv": [56, 4], "inflate": -0.2},
					{"origin": [3, 8.5, -1], "size": [2, 8, 2], "uv": [8, 65]},
					{"origin": [4, 9.5, -1], "size": [1, 1, 2], "uv": [32, 56], "inflate": 0.1},
					{"origin": [5, 9.5, -0.5], "size": [1, 1, 1], "uv": [68, 54], "inflate": 0.1},
					{"origin": [4.8, 12, -1.5], "size": [1, 1, 3], "uv": [0, 4], "inflate": -0.2},
					{"origin": [4.8, 11, -1.5], "size": [1, 1, 3], "uv": [0, 0], "inflate": -0.2},
					{"origin": [3, 11.5, -1], "size": [2, 1, 2], "uv": [32, 23], "inflate": 0.1}
				]
			},
			{
				"name": "body",
				"pivot": [0, 10.5, 0],
				"cubes": [
					{"origin": [-3, 8.999, -3], "size": [6, 9, 6], "uv": [18, 41]},
					{"origin": [-3, 8.999, -3], "size": [6, 9, 6], "uv": [32, 0], "inflate": 0.1},
					{"origin": [-3, 8.999, -3], "size": [6, 9, 6], "uv": [0, 32], "inflate": 0.12},
					{"origin": [-3, 8.999, -3], "size": [6, 9, 6], "uv": [26, 26], "inflate": 0.14},
					{"origin": [-3, 9.999, -3], "size": [6, 1, 6], "uv": [24, 16], "inflate": 0.16}
				]
			},
			{
				"name": "sittingRotationSkirt",
				"parent": "body",
				"pivot": [0, 10.5, 0]
			},
			{
				"name": "bone",
				"parent": "sittingRotationSkirt",
				"pivot": [0, 16.5, 0]
			},
			{
				"name": "bone2",
				"parent": "bone",
				"pivot": [0, 6, 0]
			},
			{
				"name": "bone3",
				"parent": "bone2",
				"pivot": [0, 6, 6.19607],
				"rotation": [41, 0, 0]
			},
			{
				"name": "bone4",
				"parent": "bone3",
				"pivot": [0, 6, 6.19607],
				"rotation": [0, -45, 0],
				"cubes": [
					{"origin": [-1, 6, 5.19607], "size": [2, 7, 2], "uv": [82, 0]}
				]
			},
			{
				"name": "bone5",
				"parent": "bone",
				"pivot": [0, 6, 0],
				"rotation": [0, -25.71429, 0]
			},
			{
				"name": "bone6",
				"parent": "bone5",
				"pivot": [0, 6, 6.19607],
				"rotation": [41, 0, 0]
			},
			{
				"name": "bone7",
				"parent": "bone6",
				"pivot": [0, 6, 6.19607],
				"rotation": [0, -45, 0],
				"cubes": [
					{"origin": [-1, 6, 5.19607], "size": [2, 7, 2], "uv": [80, 28]}
				]
			},
			{
				"name": "bone8",
				"parent": "bone",
				"pivot": [0, 6, 0],
				"rotation": [0, -51.42857, 0]
			},
			{
				"name": "bone9",
				"parent": "bone8",
				"pivot": [0, 6, 6.19607],
				"rotation": [41, 0, 0]
			},
			{
				"name": "bone10",
				"parent": "bone9",
				"pivot": [0, 6, 6.19607],
				"rotation": [0, -45, 0],
				"cubes": [
					{"origin": [-1, 6, 5.19607], "size": [2, 7, 2], "uv": [65, 77]}
				]
			},
			{
				"name": "bone11",
				"parent": "bone",
				"pivot": [0, 6, 0],
				"rotation": [0, -77.14286, 0]
			},
			{
				"name": "bone12",
				"parent": "bone11",
				"pivot": [0, 6, 6.19607],
				"rotation": [41, 0, 0]
			},
			{
				"name": "bone13",
				"parent": "bone12",
				"pivot": [0, 6, 6.19607],
				"rotation": [0, -45, 0],
				"cubes": [
					{"origin": [-1, 6, 5.19607], "size": [2, 7, 2], "uv": [77, 61]}
				]
			},
			{
				"name": "bone14",
				"parent": "bone",
				"pivot": [0, 6, 0],
				"rotation": [0, -102.85714, 0]
			},
			{
				"name": "bone15",
				"parent": "bone14",
				"pivot": [0, 6, 6.19607],
				"rotation": [41, 0, 0]
			},
			{
				"name": "bone16",
				"parent": "bone15",
				"pivot": [0, 6, 6.19607],
				"rotation": [0, -45, 0],
				"cubes": [
					{"origin": [-1, 6, 5.19607], "size": [2, 7, 2], "uv": [57, 77]}
				]
			},
			{
				"name": "bone17",
				"parent": "bone",
				"pivot": [0, 6, 0],
				"rotation": [0, -128.57143, 0]
			},
			{
				"name": "bone18",
				"parent": "bone17",
				"pivot": [0, 6, 6.19607],
				"rotation": [41, 0, 0]
			},
			{
				"name": "bone19",
				"parent": "bone18",
				"pivot": [0, 6, 6.19607],
				"rotation": [0, -45, 0],
				"cubes": [
					{"origin": [-1, 6, 5.19607], "size": [2, 7, 2], "uv": [38, 77]}
				]
			},
			{
				"name": "bone20",
				"parent": "bone",
				"pivot": [0, 6, 0],
				"rotation": [0, -154.28571, 0]
			},
			{
				"name": "bone21",
				"parent": "bone20",
				"pivot": [0, 6, 6.19607],
				"rotation": [41, 0, 0]
			},
			{
				"name": "bone22",
				"parent": "bone21",
				"pivot": [0, 6, 6.19607],
				"rotation": [0, -45, 0],
				"cubes": [
					{"origin": [-1, 6, 5.19607], "size": [2, 7, 2], "uv": [76, 75]}
				]
			},
			{
				"name": "bone23",
				"parent": "bone",
				"pivot": [0, 6, 0],
				"rotation": [0, -180, 0]
			},
			{
				"name": "bone24",
				"parent": "bone23",
				"pivot": [0, 6, 6.19607],
				"rotation": [41, 0, 0]
			},
			{
				"name": "bone25",
				"parent": "bone24",
				"pivot": [0, 6, 6.19607],
				"rotation": [0, -45, 0],
				"cubes": [
					{"origin": [-1, 6, 5.19607], "size": [2, 7, 2], "uv": [76, 45]}
				]
			},
			{
				"name": "bone26",
				"parent": "bone",
				"pivot": [0, 6, 0],
				"rotation": [0, -205.71429, 0]
			},
			{
				"name": "bone27",
				"parent": "bone26",
				"pivot": [0, 6, 6.19607],
				"rotation": [41, 0, 0]
			},
			{
				"name": "bone28",
				"parent": "bone27",
				"pivot": [0, 6, 6.19607],
				"rotation": [0, -45, 0],
				"cubes": [
					{"origin": [-1, 6, 5.19607], "size": [2, 7, 2], "uv": [16, 76]}
				]
			},
			{
				"name": "bone29",
				"parent": "bone",
				"pivot": [0, 6, 0],
				"rotation": [0, -231.42857, 0]
			},
			{
				"name": "bone30",
				"parent": "bone29",
				"pivot": [0, 6, 6.19607],
				"rotation": [41, 0, 0]
			},
			{
				"name": "bone31",
				"parent": "bone30",
				"pivot": [0, 6, 6.19607],
				"rotation": [0, -45, 0],
				"cubes": [
					{"origin": [-1, 6, 5.19607], "size": [2, 7, 2], "uv": [76, 12]}
				]
			},
			{
				"name": "bone32",
				"parent": "bone",
				"pivot": [0, 6, 0],
				"rotation": [0, -257.14286, 0]
			},
			{
				"name": "bone33",
				"parent": "bone32",
				"pivot": [0, 6, 6.19607],
				"rotation": [41, 0, 0]
			},
			{
				"name": "bone34",
				"parent": "bone33",
				"pivot": [0, 6, 6.19607],
				"rotation": [0, -45, 0],
				"cubes": [
					{"origin": [-1, 6, 5.19607], "size": [2, 7, 2], "uv": [30, 75]}
				]
			},
			{
				"name": "bone35",
				"parent": "bone",
				"pivot": [0, 6, 0],
				"rotation": [0, -282.85714, 0]
			},
			{
				"name": "bone36",
				"parent": "bone35",
				"pivot": [0, 6, 6.19607],
				"rotation": [41, 0, 0]
			},
			{
				"name": "bone37",
				"parent": "bone36",
				"pivot": [0, 6, 6.19607],
				"rotation": [0, -45, 0],
				"cubes": [
					{"origin": [-1, 6, 5.19607], "size": [2, 7, 2], "uv": [8, 75]}
				]
			},
			{
				"name": "bone38",
				"parent": "bone",
				"pivot": [0, 6, 0],
				"rotation": [0, -308.57143, 0]
			},
			{
				"name": "bone39",
				"parent": "bone38",
				"pivot": [0, 6, 6.19607],
				"rotation": [41, 0, 0]
			},
			{
				"name": "bone40",
				"parent": "bone39",
				"pivot": [0, 6, 6.19607],
				"rotation": [0, -45, 0],
				"cubes": [
					{"origin": [-1, 6, 5.19607], "size": [2, 7, 2], "uv": [0, 75]}
				]
			},
			{
				"name": "bone41",
				"parent": "bone",
				"pivot": [0, 6, 0],
				"rotation": [0, -334.28571, 0]
			},
			{
				"name": "bone42",
				"parent": "bone41",
				"pivot": [0, 6, 6.19607],
				"rotation": [41, 0, 0]
			},
			{
				"name": "bone43",
				"parent": "bone42",
				"pivot": [0, 6, 6.19607],
				"rotation": [0, -45, 0],
				"cubes": [
					{"origin": [-1, 6, 5.19607], "size": [2, 7, 2], "uv": [49, 74]}
				]
			},
			{
				"name": "bone44",
				"parent": "sittingRotationSkirt",
				"pivot": [0, 15.5, 0]
			},
			{
				"name": "bone45",
				"parent": "bone44",
				"pivot": [0, 5, 0]
			},
			{
				"name": "bone46",
				"parent": "bone45",
				"pivot": [0, 5, 6.19607],
				"rotation": [41, 0, 0]
			},
			{
				"name": "bone47",
				"parent": "bone46",
				"pivot": [0, 5, 6.19607],
				"rotation": [0, -45, 0],
				"cubes": [
					{"origin": [-1, 5, 5.19607], "size": [2, 7, 2], "uv": [74, 36]}
				]
			},
			{
				"name": "bone48",
				"parent": "bone44",
				"pivot": [0, 5, 0],
				"rotation": [0, -25.71429, 0]
			},
			{
				"name": "bone49",
				"parent": "bone48",
				"pivot": [0, 5, 6.19607],
				"rotation": [41, 0, 0]
			},
			{
				"name": "bone50",
				"parent": "bone49",
				"pivot": [0, 5, 6.19607],
				"rotation": [0, -45, 0],
				"cubes": [
					{"origin": [-1, 5, 5.19607], "size": [2, 7, 2], "uv": [74, 21]}
				]
			},
			{
				"name": "bone51",
				"parent": "bone44",
				"pivot": [0, 5, 0],
				"rotation": [0, -51.42857, 0]
			},
			{
				"name": "bone52",
				"parent": "bone51",
				"pivot": [0, 5, 6.19607],
				"rotation": [41, 0, 0]
			},
			{
				"name": "bone53",
				"parent": "bone52",
				"pivot": [0, 5, 6.19607],
				"rotation": [0, -45, 0],
				"cubes": [
					{"origin": [-1, 5, 5.19607], "size": [2, 7, 2], "uv": [74, 0]}
				]
			},
			{
				"name": "bone54",
				"parent": "bone44",
				"pivot": [0, 5, 0],
				"rotation": [0, -77.14286, 0]
			},
			{
				"name": "bone55",
				"parent": "bone54",
				"pivot": [0, 5, 6.19607],
				"rotation": [41, 0, 0]
			},
			{
				"name": "bone56",
				"parent": "bone55",
				"pivot": [0, 5, 6.19607],
				"rotation": [0, -45, 0],
				"cubes": [
					{"origin": [-1, 5, 5.19607], "size": [2, 7, 2], "uv": [71, 54]}
				]
			},
			{
				"name": "bone57",
				"parent": "bone44",
				"pivot": [0, 5, 0],
				"rotation": [0, -102.85714, 0]
			},
			{
				"name": "bone58",
				"parent": "bone57",
				"pivot": [0, 5, 6.19607],
				"rotation": [41, 0, 0]
			},
			{
				"name": "bone59",
				"parent": "bone58",
				"pivot": [0, 5, 6.19607],
				"rotation": [0, -45, 0],
				"cubes": [
					{"origin": [-1, 5, 5.19607], "size": [2, 7, 2], "uv": [70, 68]}
				]
			},
			{
				"name": "bone60",
				"parent": "bone44",
				"pivot": [0, 5, 0],
				"rotation": [0, -128.57143, 0]
			},
			{
				"name": "bone61",
				"parent": "bone60",
				"pivot": [0, 5, 6.19607],
				"rotation": [41, 0, 0]
			},
			{
				"name": "bone62",
				"parent": "bone61",
				"pivot": [0, 5, 6.19607],
				"rotation": [0, -45, 0],
				"cubes": [
					{"origin": [-1, 5, 5.19607], "size": [2, 7, 2], "uv": [62, 68]}
				]
			},
			{
				"name": "bone63",
				"parent": "bone44",
				"pivot": [0, 5, 0],
				"rotation": [0, -154.28571, 0]
			},
			{
				"name": "bone64",
				"parent": "bone63",
				"pivot": [0, 5, 6.19607],
				"rotation": [41, 0, 0]
			},
			{
				"name": "bone65",
				"parent": "bone64",
				"pivot": [0, 5, 6.19607],
				"rotation": [0, -45, 0],
				"cubes": [
					{"origin": [-1, 5, 5.19607], "size": [2, 7, 2], "uv": [68, 45]}
				]
			},
			{
				"name": "bone66",
				"parent": "bone44",
				"pivot": [0, 5, 0],
				"rotation": [0, -180, 0]
			},
			{
				"name": "bone67",
				"parent": "bone66",
				"pivot": [0, 5, 6.19607],
				"rotation": [41, 0, 0]
			},
			{
				"name": "bone68",
				"parent": "bone67",
				"pivot": [0, 5, 6.19607],
				"rotation": [0, -45, 0],
				"cubes": [
					{"origin": [-1, 5, 5.19607], "size": [2, 7, 2], "uv": [41, 68]}
				]
			},
			{
				"name": "bone69",
				"parent": "bone44",
				"pivot": [0, 5, 0],
				"rotation": [0, -205.71429, 0]
			},
			{
				"name": "bone70",
				"parent": "bone69",
				"pivot": [0, 5, 6.19607],
				"rotation": [41, 0, 0]
			},
			{
				"name": "bone71",
				"parent": "bone70",
				"pivot": [0, 5, 6.19607],
				"rotation": [0, -45, 0],
				"cubes": [
					{"origin": [-1, 5, 5.19607], "size": [2, 7, 2], "uv": [68, 29]}
				]
			},
			{
				"name": "bone72",
				"parent": "bone44",
				"pivot": [0, 5, 0],
				"rotation": [0, -231.42857, 0]
			},
			{
				"name": "bone73",
				"parent": "bone72",
				"pivot": [0, 5, 6.19607],
				"rotation": [41, 0, 0]
			},
			{
				"name": "bone74",
				"parent": "bone73",
				"pivot": [0, 5, 6.19607],
				"rotation": [0, -45, 0],
				"cubes": [
					{"origin": [-1, 5, 5.19607], "size": [2, 7, 2], "uv": [68, 14]}
				]
			},
			{
				"name": "bone75",
				"parent": "bone44",
				"pivot": [0, 5, 0],
				"rotation": [0, -257.14286, 0]
			},
			{
				"name": "bone76",
				"parent": "bone75",
				"pivot": [0, 5, 6.19607],
				"rotation": [41, 0, 0]
			},
			{
				"name": "bone77",
				"parent": "bone76",
				"pivot": [0, 5, 6.19607],
				"rotation": [0, -45, 0],
				"cubes": [
					{"origin": [-1, 5, 5.19607], "size": [2, 7, 2], "uv": [24, 67]}
				]
			},
			{
				"name": "bone78",
				"parent": "bone44",
				"pivot": [0, 5, 0],
				"rotation": [0, -282.85714, 0]
			},
			{
				"name": "bone79",
				"parent": "bone78",
				"pivot": [0, 5, 6.19607],
				"rotation": [41, 0, 0]
			},
			{
				"name": "bone80",
				"parent": "bone79",
				"pivot": [0, 5, 6.19607],
				"rotation": [0, -45, 0],
				"cubes": [
					{"origin": [-1, 5, 5.19607], "size": [2, 7, 2], "uv": [16, 67]}
				]
			},
			{
				"name": "bone81",
				"parent": "bone44",
				"pivot": [0, 5, 0],
				"rotation": [0, -308.57143, 0]
			},
			{
				"name": "bone82",
				"parent": "bone81",
				"pivot": [0, 5, 6.19607],
				"rotation": [41, 0, 0]
			},
			{
				"name": "bone83",
				"parent": "bone82",
				"pivot": [0, 5, 6.19607],
				"rotation": [0, -45, 0],
				"cubes": [
					{"origin": [-1, 5, 5.19607], "size": [2, 7, 2], "uv": [0, 66]}
				]
			},
			{
				"name": "bone84",
				"parent": "bone44",
				"pivot": [0, 5, 0],
				"rotation": [0, -334.28571, 0]
			},
			{
				"name": "bone85",
				"parent": "bone84",
				"pivot": [0, 5, 6.19607],
				"rotation": [41, 0, 0]
			},
			{
				"name": "bone86",
				"parent": "bone85",
				"pivot": [0, 5, 6.19607],
				"rotation": [0, -45, 0],
				"cubes": [
					{"origin": [-1, 5, 5.19607], "size": [2, 7, 2], "uv": [54, 65]}
				]
			},
			{
				"name": "book",
				"parent": "body",
				"pivot": [5, 10.5, 0],
				"rotation": [0, 0, -22.5],
				"cubes": [
					{"origin": [3.5, 7.5, -2], "size": [1.5, 5, 4], "uv": [58, 47]},
					{"origin": [3.5, 7.5, -2], "size": [1.5, 5, 4], "uv": [0, 57], "inflate": 0.1}
				]
			},
			{
				"name": "decoration1",
				"parent": "body",
				"pivot": [2, 11, -3],
				"rotation": [30, 180, 0],
				"cubes": [
					{"origin": [2, 10.13397, -3.25], "size": [1, 1, 1], "uv": [22, 67]}
				]
			},
			{
				"name": "bone87",
				"parent": "decoration1",
				"pivot": [9, 10.5, -5],
				"rotation": [0, -30, 0]
			},
			{
				"name": "bone88",
				"parent": "bone87",
				"pivot": [9, 0, -5],
				"rotation": [0, 0, -30],
				"cubes": [
					{"origin": [10.64952, 10.74936, -0.83494], "size": [2, 1, 1], "uv": [65, 60]}
				]
			},
			{
				"name": "bone89",
				"parent": "bone87",
				"pivot": [9, 0, -5],
				"rotation": [0, 0, 30],
				"cubes": [
					{"origin": [0.01554, 6.66923, -0.83494], "size": [2, 1, 1], "uv": [45, 59]}
				]
			},
			{
				"name": "bone90",
				"parent": "decoration1",
				"pivot": [2, 10.5, -5],
				"rotation": [0, 30, 0]
			},
			{
				"name": "bone91",
				"parent": "bone90",
				"pivot": [2, 0, -5],
				"rotation": [0, 0, 30],
				"cubes": [
					{"origin": [-6.14952, 8.15128, -3.83494], "size": [2, 1, 1], "uv": [50, 31]}
				]
			},
			{
				"name": "bone92",
				"parent": "bone90",
				"pivot": [2, 0, -5],
				"rotation": [0, 0, -30],
				"cubes": [
					{"origin": [4.48446, 9.2673, -3.83494], "size": [2, 1, 1], "uv": [50, 4]}
				]
			},
			{
				"name": "decoration5",
				"parent": "body",
				"pivot": [1.5, 11, -3],
				"rotation": [-25, 15, 7.5]
			},
			{
				"name": "bone93",
				"parent": "decoration5",
				"pivot": [0, 10.5, 0],
				"rotation": [60, 0, 0],
				"cubes": [
					{"origin": [1, 13.88256, -4.6804], "size": [1, 0, 2], "uv": [22, 0]}
				]
			},
			{
				"name": "bone94",
				"parent": "decoration5",
				"pivot": [0, 10.5, 0],
				"rotation": [15, 0, 0],
				"cubes": [
					{"origin": [1, 10.9955, -4.28716], "size": [1, 0, 1], "uv": [23, 16]}
				]
			},
			{
				"name": "bone95",
				"parent": "decoration5",
				"pivot": [0, 10.5, 0],
				"rotation": [90, 0, 0],
				"cubes": [
					{"origin": [1, 15.76959, -5.36206], "size": [1, 0, 3], "uv": [2, 4]}
				]
			},
			{
				"name": "decoration4",
				"parent": "body",
				"pivot": [1.5, 11, -3],
				"rotation": [-5, -15, 0]
			},
			{
				"name": "bone96",
				"parent": "decoration4",
				"pivot": [0, 10.5, 0],
				"rotation": [90, 0, 0],
				"cubes": [
					{"origin": [1, 16.5288, -6.97511], "size": [1, 0, 3], "uv": [2, 0]}
				]
			},
			{
				"name": "bone97",
				"parent": "decoration4",
				"pivot": [0, 10.5, 0],
				"rotation": [75, 0, 0],
				"cubes": [
					{"origin": [1, 15.29354, -5.40003], "size": [1, 0, 2], "uv": [4, 20]}
				]
			},
			{
				"name": "bone98",
				"parent": "decoration4",
				"pivot": [0, 10.5, 0],
				"rotation": [45, 0, 0],
				"cubes": [
					{"origin": [1, 12.95031, -5.34128], "size": [1, 0, 2], "uv": [4, 16]}
				]
			},
			{
				"name": "bone99",
				"parent": "decoration4",
				"pivot": [0, 10.5, 0],
				"rotation": [15, 0, 0],
				"cubes": [
					{"origin": [1, 10.95039, -4.11879], "size": [1, 0, 1], "uv": [23, 2]}
				]
			},
			{
				"name": "bone136",
				"parent": "body",
				"pivot": [0, 10.5, 0]
			},
			{
				"name": "bone137",
				"parent": "bone136",
				"pivot": [-4.9, 16.6, 0],
				"rotation": [0, 0, 20],
				"cubes": [
					{"origin": [-6.65, 14.6, -3], "size": [3, 4, 6], "uv": [50, 27], "inflate": -0.11}
				]
			},
			{
				"name": "bone138",
				"parent": "bone136",
				"pivot": [-3.9, 15.7, 0],
				"rotation": [0, 0, -17.5],
				"cubes": [
					{"origin": [-5.20926, 13.63986, -3], "size": [3, 4, 6], "uv": [0, 47], "inflate": -0.1}
				]
			},
			{
				"name": "bone115",
				"parent": "body",
				"pivot": [0, 10.5, 0]
			},
			{
				"name": "bone116",
				"parent": "bone115",
				"pivot": [4.9, 16.6, 0],
				"rotation": [0, 0, -20],
				"cubes": [
					{"origin": [3.65, 14.6, -3], "size": [3, 4, 6], "uv": [44, 17], "inflate": -0.11}
				]
			},
			{
				"name": "bone117",
				"parent": "bone115",
				"pivot": [3.9, 15.7, 0],
				"rotation": [0, 0, 17.5],
				"cubes": [
					{"origin": [2.20926, 13.63986, -3], "size": [3, 4, 6], "uv": [42, 41], "inflate": -0.1}
				]
			},
			{
				"name": "chestPlate",
				"parent": "body",
				"pivot": [0, 10.5, 0]
			},
			{
				"name": "cosFloat",
				"parent": "chestPlate",
				"pivot": [0, 10.5, 0]
			},
			{
				"name": "sinFloat",
				"parent": "cosFloat",
				"pivot": [12, 5, -7],
				"cubes": [
					{"origin": [12.5, 5, -7.5], "size": [1, 3, 1], "uv": [49, 68]},
					{"origin": [10.5, 5, -7.5], "size": [1, 3, 1], "uv": [68, 4]},
					{"origin": [10, 7, -9], "size": [4, 1, 4], "uv": [54, 42]},
					{"origin": [10.5, 8, -8.5], "size": [3, 1, 3], "uv": [79, 54]},
					{"origin": [10.5, 11.5, -8.501], "size": [1, 1, 0], "uv": [0, 33]},
					{"origin": [12.5, 11.5, -8.501], "size": [1, 1, 0], "uv": [32, 24]},
					{"origin": [10.5, 11, -8.5], "size": [3, 3, 3], "uv": [65, 8]},
					{"origin": [10.5, 11, -8.5], "size": [3, 3, 3], "uv": [62, 62], "inflate": 0.1},
					{"origin": [11, 9, -8], "size": [2, 2, 2], "uv": [18, 32]}
				]
			},
			{
				"name": "bone100",
				"parent": "sinFloat",
				"pivot": [11, 11, -7],
				"rotation": [0, 0, 25],
				"cubes": [
					{"origin": [10, 8, -7.5], "size": [1, 3, 1], "uv": [66, 42]}
				]
			},
			{
				"name": "bone101",
				"parent": "sinFloat",
				"pivot": [13, 11, -7],
				"rotation": [0, 0, -25],
				"cubes": [
					{"origin": [13, 8, -7.5], "size": [1, 3, 1], "uv": [65, 56]}
				]
			},
			{
				"name": "eye",
				"parent": "sinFloat",
				"pivot": [11.5, 12.5, -8.5],
				"rotation": [0, -5, 0],
				"cubes": [
					{"origin": [11, 11.5, -8.5], "size": [1, 1, 0], "uv": [24, 32]}
				]
			},
			{
				"name": "eye2",
				"parent": "sinFloat",
				"pivot": [12.5, 12.5, -8.5],
				"rotation": [0, 5, 0],
				"cubes": [
					{"origin": [12, 11.5, -8.5], "size": [1, 1, 0], "uv": [32, 23]}
				]
			},
			{
				"name": "hair",
				"parent": "sinFloat",
				"pivot": [12, 13, -8.5],
				"rotation": [-5, 0, 0],
				"cubes": [
					{"origin": [11.5, 12.5, -8.5], "size": [1, 1, 0], "uv": [18, 32]}
				]
			},
			{
				"name": "bone102",
				"parent": "sinFloat",
				"pivot": [11, 5, -8],
				"rotation": [-30, 0, 0],
				"cubes": [
					{"origin": [10.5, 6.2141, -10.43301], "size": [3, 2, 0], "uv": [38, 23]}
				]
			},
			{
				"name": "bone105",
				"parent": "sinFloat",
				"pivot": [12, 9, -6],
				"rotation": [0, 0, 30],
				"cubes": [
					{"origin": [12, 9, -6], "size": [1, 1, 1], "uv": [67, 0]},
					{"origin": [11, 8, -5.25], "size": [1, 1, 0], "uv": [32, 15]}
				]
			},
			{
				"name": "bone106",
				"parent": "sinFloat",
				"pivot": [12, 9, -6],
				"rotation": [0, 0, -30],
				"cubes": [
					{"origin": [12, 8, -5.25], "size": [1, 1, 0], "uv": [4, 32]},
					{"origin": [11, 9, -6], "size": [1, 1, 1], "uv": [66, 38]}
				]
			},
			{
				"name": "sinFloat3",
				"parent": "cosFloat",
				"pivot": [-12, 5, -7],
				"cubes": [
					{"origin": [-11.5, 5, -7.5], "size": [1, 3, 1], "uv": [10, 57]},
					{"origin": [-13.5, 5, -7.5], "size": [1, 3, 1], "uv": [6, 57]},
					{"origin": [-14, 7, -9], "size": [4, 1, 4], "uv": [52, 11]},
					{"origin": [-13.5, 8, -8.5], "size": [3, 1, 3], "uv": [44, 27]},
					{"origin": [-13.5, 11.5, -8.501], "size": [1, 1, 0], "uv": [28, 17]},
					{"origin": [-11.5, 11.5, -8.501], "size": [1, 1, 0], "uv": [28, 16]},
					{"origin": [-13.5, 11, -8.5], "size": [3, 3, 3], "uv": [36, 41]},
					{"origin": [-13.5, 11, -8.5], "size": [3, 3, 3], "uv": [24, 0], "inflate": 0.1},
					{"origin": [-13, 9, -8], "size": [2, 2, 2], "uv": [0, 16]}
				]
			},
			{
				"name": "bone110",
				"parent": "sinFloat3",
				"pivot": [-13, 11, -7],
				"rotation": [0, 0, 25],
				"cubes": [
					{"origin": [-14, 8, -7.5], "size": [1, 3, 1], "uv": [0, 57]}
				]
			},
			{
				"name": "bone111",
				"parent": "sinFloat3",
				"pivot": [-11, 11, -7],
				"rotation": [0, 0, -25],
				"cubes": [
					{"origin": [-11, 8, -7.5], "size": [1, 3, 1], "uv": [54, 42]}
				]
			},
			{
				"name": "eye5",
				"parent": "sinFloat3",
				"pivot": [-12.5, 12.5, -8.5],
				"rotation": [0, -5, 0],
				"cubes": [
					{"origin": [-13, 11.5, -8.5], "size": [1, 1, 0], "uv": [26, 23]}
				]
			},
			{
				"name": "eye6",
				"parent": "sinFloat3",
				"pivot": [-11.5, 12.5, -8.5],
				"rotation": [0, 5, 0],
				"cubes": [
					{"origin": [-12, 11.5, -8.5], "size": [1, 1, 0], "uv": [24, 23]}
				]
			},
			{
				"name": "hair3",
				"parent": "sinFloat3",
				"pivot": [-12, 13, -8.5],
				"rotation": [-5, 0, 0],
				"cubes": [
					{"origin": [-12.5, 12.5, -8.5], "size": [1, 1, 0], "uv": [24, 20]}
				]
			},
			{
				"name": "bone112",
				"parent": "sinFloat3",
				"pivot": [-13, 5, -8],
				"rotation": [-30, 0, 0],
				"cubes": [
					{"origin": [-13.5, 6.2141, -10.43301], "size": [3, 2, 0], "uv": [24, 6]}
				]
			},
			{
				"name": "bone113",
				"parent": "sinFloat3",
				"pivot": [-12, 9, -6],
				"rotation": [0, 0, 30],
				"cubes": [
					{"origin": [-12, 9, -6], "size": [1, 1, 1], "uv": [14, 57]},
					{"origin": [-13, 8, -5.25], "size": [1, 1, 0], "uv": [24, 19]}
				]
			},
			{
				"name": "bone114",
				"parent": "sinFloat3",
				"pivot": [-12, 9, -6],
				"rotation": [0, 0, -30],
				"cubes": [
					{"origin": [-12, 8, -5.25], "size": [1, 1, 0], "uv": [24, 17]},
					{"origin": [-13, 9, -6], "size": [1, 1, 1], "uv": [54, 37]}
				]
			},
			{
				"name": "sinFloat2",
				"parent": "cosFloat",
				"pivot": [-8, 20, 3],
				"cubes": [
					{"origin": [-7.5, 20, 2.5], "size": [1, 3, 1], "uv": [64, 47]},
					{"origin": [-9.5, 20, 2.5], "size": [1, 3, 1], "uv": [62, 29]},
					{"origin": [-10, 22, 1], "size": [4, 1, 4], "uv": [54, 37]},
					{"origin": [-9.5, 23, 1.5], "size": [3, 1, 3], "uv": [78, 70]},
					{"origin": [-9.5, 26.5, 1.499], "size": [1, 1, 0], "uv": [0, 32]},
					{"origin": [-7.5, 26.5, 1.499], "size": [1, 1, 0], "uv": [30, 23]},
					{"origin": [-9.5, 26, 1.5], "size": [3, 3, 3], "uv": [42, 62]},
					{"origin": [-9.5, 26, 1.5], "size": [3, 3, 3], "uv": [62, 23], "inflate": 0.1},
					{"origin": [-9, 24, 2], "size": [2, 2, 2], "uv": [0, 20]}
				]
			},
			{
				"name": "bone103",
				"parent": "sinFloat2",
				"pivot": [-9, 26, 3],
				"rotation": [0, 0, 25],
				"cubes": [
					{"origin": [-10, 23, 2.5], "size": [1, 3, 1], "uv": [10, 61]}
				]
			},
			{
				"name": "bone104",
				"parent": "sinFloat2",
				"pivot": [-7, 26, 3],
				"rotation": [0, 0, -25],
				"cubes": [
					{"origin": [-7, 23, 2.5], "size": [1, 3, 1], "uv": [51, 59]}
				]
			},
			{
				"name": "eye3",
				"parent": "sinFloat2",
				"pivot": [-8.5, 27.5, 1.5],
				"rotation": [0, -5, 0],
				"cubes": [
					{"origin": [-9, 26.5, 1.5], "size": [1, 1, 0], "uv": [30, 7]}
				]
			},
			{
				"name": "eye4",
				"parent": "sinFloat2",
				"pivot": [-7.5, 27.5, 1.5],
				"rotation": [0, 5, 0],
				"cubes": [
					{"origin": [-8, 26.5, 1.5], "size": [1, 1, 0], "uv": [30, 6]}
				]
			},
			{
				"name": "hair2",
				"parent": "sinFloat2",
				"pivot": [-8, 28, 1.5],
				"rotation": [-5, 0, 0],
				"cubes": [
					{"origin": [-8.5, 27.5, 1.5], "size": [1, 1, 0], "uv": [28, 23]}
				]
			},
			{
				"name": "bone107",
				"parent": "sinFloat2",
				"pivot": [-9, 20, 2],
				"rotation": [-30, 0, 0],
				"cubes": [
					{"origin": [-9.5, 21.2141, -0.43301], "size": [3, 2, 0], "uv": [18, 36]}
				]
			},
			{
				"name": "bone108",
				"parent": "sinFloat2",
				"pivot": [-8, 24, 4],
				"rotation": [0, 0, 30],
				"cubes": [
					{"origin": [-8, 24, 4], "size": [1, 1, 1], "uv": [66, 29]},
					{"origin": [-9, 23, 4.75], "size": [1, 1, 0], "uv": [28, 20]}
				]
			},
			{
				"name": "bone109",
				"parent": "sinFloat2",
				"pivot": [-8, 24, 4],
				"rotation": [0, 0, -30],
				"cubes": [
					{"origin": [-8, 23, 4.75], "size": [1, 1, 0], "uv": [28, 19]},
					{"origin": [-9, 24, 4], "size": [1, 1, 1], "uv": [51, 63]}
				]
			},
			{
				"name": "jd",
				"parent": "body",
				"pivot": [-4, 9.5, -1],
				"rotation": [0, 0, 42.5]
			},
			{
				"name": "bone118",
				"parent": "jd",
				"pivot": [-4, 9.5, -1],
				"cubes": [
					{"origin": [-5, 0.5, -1], "size": [1, 4, 1.4], "uv": [46, 15]},
					{"origin": [-5, 4.5, -1], "size": [1, 6, 1.4], "uv": [42, 15]}
				]
			},
			{
				"name": "bone119",
				"parent": "bone118",
				"pivot": [-4, 1.5, -1],
				"rotation": [-45, 0, 0],
				"cubes": [
					{"origin": [-5, 0.5, -0.5], "size": [1, 1.4, 1.4], "uv": [46, 20]}
				]
			},
			{
				"name": "bone120",
				"parent": "bone118",
				"pivot": [-5, 10.5, 0],
				"rotation": [-35, 0, 0],
				"cubes": [
					{"origin": [-5, 9.5, -2], "size": [1, 1, 2], "uv": [22, 56]}
				]
			},
			{
				"name": "bone121",
				"parent": "bone120",
				"pivot": [-5, 10.5, -2],
				"rotation": [65, 0, 0],
				"cubes": [
					{"origin": [-5, 9.5, -4], "size": [1, 1, 2], "uv": [50, 37]}
				]
			},
			{
				"name": "bone122",
				"parent": "bone121",
				"pivot": [-5, 10.5, -4],
				"rotation": [52.5, 0, 0],
				"cubes": [
					{"origin": [-5, 9.5, -6], "size": [1, 1, 2], "uv": [12, 50]}
				]
			},
			{
				"name": "bone123",
				"parent": "bone122",
				"pivot": [-5, 10.5, -6],
				"rotation": [52.5, 0, 0],
				"cubes": [
					{"origin": [-5, 9.5, -8], "size": [1, 1, 2], "uv": [0, 50]}
				]
			},
			{
				"name": "bone124",
				"parent": "bone123",
				"pivot": [-5, 10.5, -6],
				"cubes": [
					{"origin": [-5, 9.5, -10], "size": [1, 1, 2], "uv": [12, 47]}
				]
			},
			{
				"name": "bone125",
				"parent": "bone118",
				"pivot": [-5, 10.5, 0],
				"rotation": [35, 0, 0],
				"cubes": [
					{"origin": [-5, 9.5, 0], "size": [1, 1, 2], "uv": [0, 47]}
				]
			},
			{
				"name": "bone126",
				"parent": "bone125",
				"pivot": [-5, 10.5, 2],
				"rotation": [-65, 0, 0],
				"cubes": [
					{"origin": [-5, 9.5, 2], "size": [1, 1, 2], "uv": [0, 35]}
				]
			},
			{
				"name": "bone127",
				"parent": "bone126",
				"pivot": [-5, 10.5, 4],
				"rotation": [-52.5, 0, 0],
				"cubes": [
					{"origin": [-5, 9.5, 4], "size": [1, 1, 2], "uv": [0, 32]}
				]
			},
			{
				"name": "bone128",
				"parent": "bone127",
				"pivot": [-5, 10.5, 6],
				"rotation": [-52.5, 0, 0],
				"cubes": [
					{"origin": [-5, 9.5, 6], "size": [1, 1, 2], "uv": [24, 19]}
				]
			},
			{
				"name": "bone129",
				"parent": "bone128",
				"pivot": [-5, 10.5, 6],
				"cubes": [
					{"origin": [-5, 9.5, 8], "size": [1, 1, 2], "uv": [24, 16]}
				]
			},
			{
				"name": "decoration2",
				"parent": "body",
				"pivot": [0, 10.5, 0],
				"cubes": [
					{"origin": [-0.5, 17.5, -3.75], "size": [1, 1, 1], "uv": [33, 0]}
				]
			},
			{
				"name": "bone130",
				"parent": "decoration2",
				"pivot": [0, 17, -3],
				"rotation": [-15, 0, 75],
				"cubes": [
					{"origin": [-1.49608, 15.28577, -3.59421], "size": [1, 2, 0], "uv": [0, 20]}
				]
			},
			{
				"name": "bone131",
				"parent": "decoration2",
				"pivot": [0, 17, -3],
				"rotation": [-15, 0, 20],
				"cubes": [
					{"origin": [-0.87217, 14.94345, -3.77043], "size": [1, 3, 0], "uv": [0, 4]}
				]
			},
			{
				"name": "bone132",
				"parent": "decoration2",
				"pivot": [0, 17, -3],
				"rotation": [-15, 0, -75],
				"cubes": [
					{"origin": [0.48296, 15.24559, -3.58344], "size": [1, 2, 0], "uv": [0, 16]}
				]
			},
			{
				"name": "bone133",
				"parent": "decoration2",
				"pivot": [0, 17, -3],
				"rotation": [-15, 0, -20],
				"cubes": [
					{"origin": [-0.14094, 14.90326, -3.75967], "size": [1, 3, 0], "uv": [0, 0]}
				]
			},
			{
				"name": "legLeft",
				"pivot": [2, 9, 0],
				"cubes": [
					{"origin": [0.499, 0.1, -1.5], "size": [2.75, 8.9, 3], "uv": [25, 56]},
					{"origin": [0.499, 0.1, -1.5], "size": [2.75, 6, 3], "uv": [35, 56], "inflate": 0.1},
					{"origin": [0.499, 0.1, -1.5], "size": [2.75, 2, 3], "uv": [81, 18], "inflate": 0.2}
				]
			},
			{
				"name": "legRight",
				"pivot": [-2, 9, 0],
				"cubes": [
					{"origin": [-3.249, 0.2, -1.5], "size": [2.75, 8.8, 3], "uv": [15, 56]},
					{"origin": [-3.249, 0.2, -1.5], "size": [2.75, 6, 3], "uv": [55, 56], "inflate": 0.1},
					{"origin": [-3.249, 0.2, -1.5], "size": [2.75, 2, 3], "uv": [81, 81], "inflate": 0.2}
				]
			}
		]
	}
}