{
	"format_version": "1.10.0",
	"geometry.model": {
		"texturewidth": 128,
		"textureheight": 128,
		"visible_bounds_width": 4,
		"visible_bounds_height": 4,
		"visible_bounds_offset": [0, 1, 0],
		"bones": [
			{
				"name": "head",
				"pivot": [0, 18, 0],
				"cubes": [
					{"origin": [-4, 18, -4], "size": [8, 8, 8], "uv": [27, 3]},
					{"origin": [-4, 18, -4], "size": [8, 8, 8], "uv": [0, 23], "inflate": 0.1}
				]
			},
			{
				"name": "blink",
				"parent": "head",
				"pivot": [0, 18, 0],
				"cubes": [
					{"origin": [-4, 18, -4.001], "size": [8, 8, 0], "uv": [51, 0]}
				]
			},
			{
				"name": "hat",
				"parent": "head",
				"pivot": [0, 18, 0],
				"cubes": [
					{"origin": [-4.5, 24, -4.5], "size": [9, 3, 9], "uv": [0, 11]},
					{"origin": [-5.5, 23.999, -5.5], "size": [11, 0, 11], "uv": [0, 0]},
					{"origin": [-2.5, 24, -5.5], "size": [2, 1, 1], "uv": [67, 9]},
					{"origin": [3.5, 24, -5.5], "size": [2, 1, 2], "uv": [78, 73]},
					{"origin": [4.5, 24, 0.5], "size": [1, 1, 2], "uv": [24, 49]},
					{"origin": [4.5, 24, -2.5], "size": [1, 1, 2], "uv": [24, 46]},
					{"origin": [0.5, 24, 4.5], "size": [2, 1, 1], "uv": [66, 54]},
					{"origin": [3.5, 24, 3.5], "size": [2, 1, 2], "uv": [16, 58]},
					{"origin": [-2.5, 24, 4.5], "size": [2, 1, 1], "uv": [35, 61]},
					{"origin": [-5.5, 24, 0.5], "size": [1, 1, 2], "uv": [45, 19]},
					{"origin": [-5.5, 24, -2.5], "size": [1, 1, 2], "uv": [18, 42]},
					{"origin": [-5.5, 24, -5.5], "size": [2, 1, 2], "uv": [51, 8]},
					{"origin": [-5.5, 24, 3.5], "size": [2, 1, 2], "uv": [41, 0]},
					{"origin": [0.5, 24, -5.5], "size": [2, 1, 1], "uv": [61, 34]}
				]
			},
			{
				"name": "decoration",
				"parent": "hat",
				"pivot": [0, 18, 0],
				"rotation": [0, 0, -45]
			},
			{
				"name": "band2",
				"parent": "decoration",
				"pivot": [0, 18, 0],
				"rotation": [0, -45, 0],
				"cubes": [
					{"origin": [5.98288, 18.66267, -8.98288], "size": [1, 2, 2], "uv": [0, 39]}
				]
			},
			{
				"name": "band",
				"parent": "decoration",
				"pivot": [0, 18, 0],
				"rotation": [0, -45, 0],
				"cubes": [
					{"origin": [5.98288, 18.66267, -6.98288], "size": [3, 2, 1], "uv": [36, 28]}
				]
			},
			{
				"name": "bz",
				"parent": "head",
				"pivot": [2, 24, 0],
				"rotation": [0, 0, -25],
				"cubes": [
					{"origin": [3.5774, 15.0937, -1], "size": [2, 8, 2], "uv": [59, 8]}
				]
			},
			{
				"name": "armRight",
				"pivot": [-3, 17.5, 0],
				"rotation": [0, 0, 25],
				"cubes": [
					{"origin": [-5, 8.5, -1], "size": [2, 8, 2], "uv": [20, 61]},
					{"origin": [-5.5, 13.5, -1.5], "size": [3, 4, 3], "uv": [58, 56], "inflate": -0.2}
				]
			},
			{
				"name": "armLeft",
				"pivot": [3, 17.5, 0],
				"rotation": [0, 0, -25],
				"cubes": [
					{"origin": [2.5, 13.5, -1.5], "size": [3, 4, 3], "uv": [58, 47], "inflate": -0.2},
					{"origin": [3, 8.5, -1], "size": [2, 8, 2], "uv": [0, 61]}
				]
			},
			{
				"name": "body",
				"pivot": [0, 10.5, 0],
				"cubes": [
					{"origin": [-3, 8.999, -3], "size": [6, 9, 6], "uv": [24, 46]},
					{"origin": [-3, 8.999, -3], "size": [6, 9, 6], "uv": [46, 19], "inflate": 0.1},
					{"origin": [-3, 8.999, -3], "size": [6, 9, 6], "uv": [0, 39], "inflate": 0.12},
					{"origin": [-3, 9.999, -3], "size": [6, 1, 6], "uv": [48, 40], "inflate": 0.15}
				]
			},
			{
				"name": "sittingRotationSkirt",
				"parent": "body",
				"pivot": [0, 10.5, 0]
			},
			{
				"name": "bone",
				"parent": "sittingRotationSkirt",
				"pivot": [0, 15.5, 0]
			},
			{
				"name": "bone2",
				"parent": "bone",
				"pivot": [0, 5, 0]
			},
			{
				"name": "bone3",
				"parent": "bone2",
				"pivot": [0, 5, 6.19607],
				"rotation": [35, 0, 0]
			},
			{
				"name": "bone4",
				"parent": "bone3",
				"pivot": [0, 5, 6.19607],
				"rotation": [0, -45, 0],
				"cubes": [
					{"origin": [-1, 5, 5.19607], "size": [2, 7, 2], "uv": [78, 43]}
				]
			},
			{
				"name": "bone5",
				"parent": "bone",
				"pivot": [0, 5, 0],
				"rotation": [0, -25.71429, 0]
			},
			{
				"name": "bone6",
				"parent": "bone5",
				"pivot": [0, 5, 6.19607],
				"rotation": [35, 0, 0]
			},
			{
				"name": "bone7",
				"parent": "bone6",
				"pivot": [0, 5, 6.19607],
				"rotation": [0, -45, 0],
				"cubes": [
					{"origin": [-1, 5, 5.19607], "size": [2, 7, 2], "uv": [30, 77]}
				]
			},
			{
				"name": "bone8",
				"parent": "bone",
				"pivot": [0, 5, 0],
				"rotation": [0, -51.42857, 0]
			},
			{
				"name": "bone9",
				"parent": "bone8",
				"pivot": [0, 5, 6.19607],
				"rotation": [35, 0, 0]
			},
			{
				"name": "bone10",
				"parent": "bone9",
				"pivot": [0, 5, 6.19607],
				"rotation": [0, -45, 0],
				"cubes": [
					{"origin": [-1, 5, 5.19607], "size": [2, 7, 2], "uv": [42, 76]}
				]
			},
			{
				"name": "bone11",
				"parent": "bone",
				"pivot": [0, 5, 0],
				"rotation": [0, -77.14286, 0]
			},
			{
				"name": "bone12",
				"parent": "bone11",
				"pivot": [0, 5, 6.19607],
				"rotation": [35, 0, 0]
			},
			{
				"name": "bone13",
				"parent": "bone12",
				"pivot": [0, 5, 6.19607],
				"rotation": [0, -45, 0],
				"cubes": [
					{"origin": [-1, 5, 5.19607], "size": [2, 7, 2], "uv": [76, 18]}
				]
			},
			{
				"name": "bone14",
				"parent": "bone",
				"pivot": [0, 5, 0],
				"rotation": [0, -102.85714, 0]
			},
			{
				"name": "bone15",
				"parent": "bone14",
				"pivot": [0, 5, 6.19607],
				"rotation": [35, 0, 0]
			},
			{
				"name": "bone16",
				"parent": "bone15",
				"pivot": [0, 5, 6.19607],
				"rotation": [0, -45, 0],
				"cubes": [
					{"origin": [-1, 5, 5.19607], "size": [2, 7, 2], "uv": [8, 76]}
				]
			},
			{
				"name": "bone17",
				"parent": "bone",
				"pivot": [0, 5, 0],
				"rotation": [0, -128.57143, 0]
			},
			{
				"name": "bone18",
				"parent": "bone17",
				"pivot": [0, 5, 6.19607],
				"rotation": [35, 0, 0]
			},
			{
				"name": "bone19",
				"parent": "bone18",
				"pivot": [0, 5, 6.19607],
				"rotation": [0, -45, 0],
				"cubes": [
					{"origin": [-1, 5, 5.19607], "size": [2, 7, 2], "uv": [22, 75]}
				]
			},
			{
				"name": "bone20",
				"parent": "bone",
				"pivot": [0, 5, 0],
				"rotation": [0, -154.28571, 0]
			},
			{
				"name": "bone21",
				"parent": "bone20",
				"pivot": [0, 5, 6.19607],
				"rotation": [35, 0, 0]
			},
			{
				"name": "bone22",
				"parent": "bone21",
				"pivot": [0, 5, 6.19607],
				"rotation": [0, -45, 0],
				"cubes": [
					{"origin": [-1, 5, 5.19607], "size": [2, 7, 2], "uv": [75, 0]}
				]
			},
			{
				"name": "bone23",
				"parent": "bone",
				"pivot": [0, 5, 0],
				"rotation": [0, -180, 0]
			},
			{
				"name": "bone24",
				"parent": "bone23",
				"pivot": [0, 5, 6.19607],
				"rotation": [35, 0, 0]
			},
			{
				"name": "bone25",
				"parent": "bone24",
				"pivot": [0, 5, 6.19607],
				"rotation": [0, -45, 0],
				"cubes": [
					{"origin": [-1, 5, 5.19607], "size": [2, 7, 2], "uv": [74, 63]}
				]
			},
			{
				"name": "bone26",
				"parent": "bone",
				"pivot": [0, 5, 0],
				"rotation": [0, -205.71429, 0]
			},
			{
				"name": "bone27",
				"parent": "bone26",
				"pivot": [0, 5, 6.19607],
				"rotation": [35, 0, 0]
			},
			{
				"name": "bone28",
				"parent": "bone27",
				"pivot": [0, 5, 6.19607],
				"rotation": [0, -45, 0],
				"cubes": [
					{"origin": [-1, 5, 5.19607], "size": [2, 7, 2], "uv": [74, 34]}
				]
			},
			{
				"name": "bone29",
				"parent": "bone",
				"pivot": [0, 5, 0],
				"rotation": [0, -231.42857, 0]
			},
			{
				"name": "bone30",
				"parent": "bone29",
				"pivot": [0, 5, 6.19607],
				"rotation": [35, 0, 0]
			},
			{
				"name": "bone31",
				"parent": "bone30",
				"pivot": [0, 5, 6.19607],
				"rotation": [0, -45, 0],
				"cubes": [
					{"origin": [-1, 5, 5.19607], "size": [2, 7, 2], "uv": [70, 72]}
				]
			},
			{
				"name": "bone32",
				"parent": "bone",
				"pivot": [0, 5, 0],
				"rotation": [0, -257.14286, 0]
			},
			{
				"name": "bone33",
				"parent": "bone32",
				"pivot": [0, 5, 6.19607],
				"rotation": [35, 0, 0]
			},
			{
				"name": "bone34",
				"parent": "bone33",
				"pivot": [0, 5, 6.19607],
				"rotation": [0, -45, 0],
				"cubes": [
					{"origin": [-1, 5, 5.19607], "size": [2, 7, 2], "uv": [62, 72]}
				]
			},
			{
				"name": "bone35",
				"parent": "bone",
				"pivot": [0, 5, 0],
				"rotation": [0, -282.85714, 0]
			},
			{
				"name": "bone36",
				"parent": "bone35",
				"pivot": [0, 5, 6.19607],
				"rotation": [35, 0, 0]
			},
			{
				"name": "bone37",
				"parent": "bone36",
				"pivot": [0, 5, 6.19607],
				"rotation": [0, -45, 0],
				"cubes": [
					{"origin": [-1, 5, 5.19607], "size": [2, 7, 2], "uv": [54, 72]}
				]
			},
			{
				"name": "bone38",
				"parent": "bone",
				"pivot": [0, 5, 0],
				"rotation": [0, -308.57143, 0]
			},
			{
				"name": "bone39",
				"parent": "bone38",
				"pivot": [0, 5, 6.19607],
				"rotation": [35, 0, 0]
			},
			{
				"name": "bone40",
				"parent": "bone39",
				"pivot": [0, 5, 6.19607],
				"rotation": [0, -45, 0],
				"cubes": [
					{"origin": [-1, 5, 5.19607], "size": [2, 7, 2], "uv": [71, 9]}
				]
			},
			{
				"name": "bone41",
				"parent": "bone",
				"pivot": [0, 5, 0],
				"rotation": [0, -334.28571, 0]
			},
			{
				"name": "bone42",
				"parent": "bone41",
				"pivot": [0, 5, 6.19607],
				"rotation": [35, 0, 0]
			},
			{
				"name": "bone43",
				"parent": "bone42",
				"pivot": [0, 5, 6.19607],
				"rotation": [0, -45, 0],
				"cubes": [
					{"origin": [-1, 5, 5.19607], "size": [2, 7, 2], "uv": [0, 71]}
				]
			},
			{
				"name": "bone44",
				"parent": "sittingRotationSkirt",
				"pivot": [0, 14.5, 0]
			},
			{
				"name": "bone45",
				"parent": "bone44",
				"pivot": [0, 4, 0]
			},
			{
				"name": "bone46",
				"parent": "bone45",
				"pivot": [0, 4, 6.19607],
				"rotation": [35, 0, 0]
			},
			{
				"name": "bone47",
				"parent": "bone46",
				"pivot": [0, 4, 6.19607],
				"rotation": [0, -45, 0],
				"cubes": [
					{"origin": [-1, 4, 5.19607], "size": [2, 7, 2], "uv": [70, 54]}
				]
			},
			{
				"name": "bone48",
				"parent": "bone44",
				"pivot": [0, 4, 0],
				"rotation": [0, -25.71429, 0]
			},
			{
				"name": "bone49",
				"parent": "bone48",
				"pivot": [0, 4, 6.19607],
				"rotation": [35, 0, 0]
			},
			{
				"name": "bone50",
				"parent": "bone49",
				"pivot": [0, 4, 6.19607],
				"rotation": [0, -45, 0],
				"cubes": [
					{"origin": [-1, 4, 5.19607], "size": [2, 7, 2], "uv": [70, 45]}
				]
			},
			{
				"name": "bone51",
				"parent": "bone44",
				"pivot": [0, 4, 0],
				"rotation": [0, -51.42857, 0]
			},
			{
				"name": "bone52",
				"parent": "bone51",
				"pivot": [0, 4, 6.19607],
				"rotation": [35, 0, 0]
			},
			{
				"name": "bone53",
				"parent": "bone52",
				"pivot": [0, 4, 6.19607],
				"rotation": [0, -45, 0],
				"cubes": [
					{"origin": [-1, 4, 5.19607], "size": [2, 7, 2], "uv": [70, 25]}
				]
			},
			{
				"name": "bone54",
				"parent": "bone44",
				"pivot": [0, 4, 0],
				"rotation": [0, -77.14286, 0]
			},
			{
				"name": "bone55",
				"parent": "bone54",
				"pivot": [0, 4, 6.19607],
				"rotation": [35, 0, 0]
			},
			{
				"name": "bone56",
				"parent": "bone55",
				"pivot": [0, 4, 6.19607],
				"rotation": [0, -45, 0],
				"cubes": [
					{"origin": [-1, 4, 5.19607], "size": [2, 7, 2], "uv": [14, 69]}
				]
			},
			{
				"name": "bone57",
				"parent": "bone44",
				"pivot": [0, 4, 0],
				"rotation": [0, -102.85714, 0]
			},
			{
				"name": "bone58",
				"parent": "bone57",
				"pivot": [0, 4, 6.19607],
				"rotation": [35, 0, 0]
			},
			{
				"name": "bone59",
				"parent": "bone58",
				"pivot": [0, 4, 6.19607],
				"rotation": [0, -45, 0],
				"cubes": [
					{"origin": [-1, 4, 5.19607], "size": [2, 7, 2], "uv": [36, 68]}
				]
			},
			{
				"name": "bone60",
				"parent": "bone44",
				"pivot": [0, 4, 0],
				"rotation": [0, -128.57143, 0]
			},
			{
				"name": "bone61",
				"parent": "bone60",
				"pivot": [0, 4, 6.19607],
				"rotation": [35, 0, 0]
			},
			{
				"name": "bone62",
				"parent": "bone61",
				"pivot": [0, 4, 6.19607],
				"rotation": [0, -45, 0],
				"cubes": [
					{"origin": [-1, 4, 5.19607], "size": [2, 7, 2], "uv": [28, 68]}
				]
			},
			{
				"name": "bone63",
				"parent": "bone44",
				"pivot": [0, 4, 0],
				"rotation": [0, -154.28571, 0]
			},
			{
				"name": "bone64",
				"parent": "bone63",
				"pivot": [0, 4, 6.19607],
				"rotation": [35, 0, 0]
			},
			{
				"name": "bone65",
				"parent": "bone64",
				"pivot": [0, 4, 6.19607],
				"rotation": [0, -45, 0],
				"cubes": [
					{"origin": [-1, 4, 5.19607], "size": [2, 7, 2], "uv": [46, 67]}
				]
			},
			{
				"name": "bone66",
				"parent": "bone44",
				"pivot": [0, 4, 0],
				"rotation": [0, -180, 0]
			},
			{
				"name": "bone67",
				"parent": "bone66",
				"pivot": [0, 4, 6.19607],
				"rotation": [35, 0, 0]
			},
			{
				"name": "bone68",
				"parent": "bone67",
				"pivot": [0, 4, 6.19607],
				"rotation": [0, -45, 0],
				"cubes": [
					{"origin": [-1, 4, 5.19607], "size": [2, 7, 2], "uv": [67, 0]}
				]
			},
			{
				"name": "bone69",
				"parent": "bone44",
				"pivot": [0, 4, 0],
				"rotation": [0, -205.71429, 0]
			},
			{
				"name": "bone70",
				"parent": "bone69",
				"pivot": [0, 4, 6.19607],
				"rotation": [35, 0, 0]
			},
			{
				"name": "bone71",
				"parent": "bone70",
				"pivot": [0, 4, 6.19607],
				"rotation": [0, -45, 0],
				"cubes": [
					{"origin": [-1, 4, 5.19607], "size": [2, 7, 2], "uv": [66, 63]}
				]
			},
			{
				"name": "bone72",
				"parent": "bone44",
				"pivot": [0, 4, 0],
				"rotation": [0, -231.42857, 0]
			},
			{
				"name": "bone73",
				"parent": "bone72",
				"pivot": [0, 4, 6.19607],
				"rotation": [35, 0, 0]
			},
			{
				"name": "bone74",
				"parent": "bone73",
				"pivot": [0, 4, 6.19607],
				"rotation": [0, -45, 0],
				"cubes": [
					{"origin": [-1, 4, 5.19607], "size": [2, 7, 2], "uv": [66, 34]}
				]
			},
			{
				"name": "bone75",
				"parent": "bone44",
				"pivot": [0, 4, 0],
				"rotation": [0, -257.14286, 0]
			},
			{
				"name": "bone76",
				"parent": "bone75",
				"pivot": [0, 4, 6.19607],
				"rotation": [35, 0, 0]
			},
			{
				"name": "bone77",
				"parent": "bone76",
				"pivot": [0, 4, 6.19607],
				"rotation": [0, -45, 0],
				"cubes": [
					{"origin": [-1, 4, 5.19607], "size": [2, 7, 2], "uv": [65, 16]}
				]
			},
			{
				"name": "bone78",
				"parent": "bone44",
				"pivot": [0, 4, 0],
				"rotation": [0, -282.85714, 0]
			},
			{
				"name": "bone79",
				"parent": "bone78",
				"pivot": [0, 4, 6.19607],
				"rotation": [35, 0, 0]
			},
			{
				"name": "bone80",
				"parent": "bone79",
				"pivot": [0, 4, 6.19607],
				"rotation": [0, -45, 0],
				"cubes": [
					{"origin": [-1, 4, 5.19607], "size": [2, 7, 2], "uv": [58, 63]}
				]
			},
			{
				"name": "bone81",
				"parent": "bone44",
				"pivot": [0, 4, 0],
				"rotation": [0, -308.57143, 0]
			},
			{
				"name": "bone82",
				"parent": "bone81",
				"pivot": [0, 4, 6.19607],
				"rotation": [35, 0, 0]
			},
			{
				"name": "bone83",
				"parent": "bone82",
				"pivot": [0, 4, 6.19607],
				"rotation": [0, -45, 0],
				"cubes": [
					{"origin": [-1, 4, 5.19607], "size": [2, 7, 2], "uv": [8, 62]}
				]
			},
			{
				"name": "bone84",
				"parent": "bone44",
				"pivot": [0, 4, 0],
				"rotation": [0, -334.28571, 0]
			},
			{
				"name": "bone85",
				"parent": "bone84",
				"pivot": [0, 4, 6.19607],
				"rotation": [35, 0, 0]
			},
			{
				"name": "bone86",
				"parent": "bone85",
				"pivot": [0, 4, 6.19607],
				"rotation": [0, -45, 0],
				"cubes": [
					{"origin": [-1, 4, 5.19607], "size": [2, 7, 2], "uv": [0, 11]}
				]
			},
			{
				"name": "chestPlate",
				"parent": "body",
				"pivot": [0, 10.5, 0]
			},
			{
				"name": "sinFloat",
				"parent": "chestPlate",
				"pivot": [0, 10.5, 0]
			},
			{
				"name": "attackHidden",
				"parent": "sinFloat",
				"pivot": [18, 10.5, 0]
			},
			{
				"name": "bone333",
				"parent": "attackHidden",
				"pivot": [17, 9.5, 0],
				"rotation": [0, 0, 30],
				"cubes": [
					{"origin": [11, 9.5, -1], "size": [1, 7, 1], "uv": [52, 47]}
				]
			},
			{
				"name": "bone334",
				"parent": "bone333",
				"pivot": [11, 16.5, 0],
				"rotation": [0, 0, 20],
				"cubes": [
					{"origin": [11, 16.5, -1], "size": [1, 7, 1], "uv": [24, 23]}
				]
			},
			{
				"name": "bone335",
				"parent": "bone334",
				"pivot": [12, 23.5, 0],
				"rotation": [0, 0, -40],
				"cubes": [
					{"origin": [11, 23.5, -1], "size": [1, 7, 1], "uv": [4, 23]},
					{"origin": [11, 30.5, -1], "size": [1, 6, 1], "uv": [16, 62]}
				]
			},
			{
				"name": "bone337",
				"parent": "bone335",
				"pivot": [12, 30.5, -1],
				"rotation": [0, 0, 37.5],
				"cubes": [
					{"origin": [12, 29.5, -1], "size": [3, 1, 1], "uv": [78, 32]}
				]
			},
			{
				"name": "bone338",
				"parent": "bone337",
				"pivot": [15, 29.5, -1],
				"rotation": [0, 0, -25],
				"cubes": [
					{"origin": [15, 29.5, -1], "size": [1, 3, 1], "uv": [67, 11]}
				]
			},
			{
				"name": "bone339",
				"parent": "bone338",
				"pivot": [16, 32.5, -1],
				"rotation": [0, 0, -35],
				"cubes": [
					{"origin": [15, 32.5, -1], "size": [1, 2, 1], "uv": [77, 53]}
				]
			},
			{
				"name": "bone340",
				"parent": "bone339",
				"pivot": [16, 34.5, -1],
				"rotation": [0, 0, -27.5],
				"cubes": [
					{"origin": [15, 34.5, -1], "size": [1, 2, 1], "uv": [8, 73]}
				]
			},
			{
				"name": "bone341",
				"parent": "bone340",
				"pivot": [16, 36.5, -1],
				"rotation": [0, 0, -22.5],
				"cubes": [
					{"origin": [15, 36.5, -1], "size": [1, 1.3, 1], "uv": [26, 61]},
					{"origin": [16, 36.5, -1], "size": [2, 1.3, 1], "uv": [45, 22]}
				]
			},
			{
				"name": "bone342",
				"parent": "bone335",
				"pivot": [11, 30.5, -1],
				"rotation": [0, 0, -37.5],
				"cubes": [
					{"origin": [8, 29.5, -1], "size": [3, 1, 1], "uv": [6, 71]}
				]
			},
			{
				"name": "bone343",
				"parent": "bone342",
				"pivot": [8, 29.5, -1],
				"rotation": [0, 0, 25],
				"cubes": [
					{"origin": [7, 29.5, -1], "size": [1, 3, 1], "uv": [38, 19]}
				]
			},
			{
				"name": "bone344",
				"parent": "bone343",
				"pivot": [7, 32.5, -1],
				"rotation": [0, 0, 35],
				"cubes": [
					{"origin": [7, 32.5, -1], "size": [1, 2, 1], "uv": [22, 71]}
				]
			},
			{
				"name": "bone345",
				"parent": "bone344",
				"pivot": [7, 34.5, -1],
				"rotation": [0, 0, 27.5],
				"cubes": [
					{"origin": [7, 34.5, -1], "size": [1, 2, 1], "uv": [54, 67]}
				]
			},
			{
				"name": "bone346",
				"parent": "bone345",
				"pivot": [7, 36.5, -1],
				"rotation": [0, 0, 22.5],
				"cubes": [
					{"origin": [7, 36.5, -1], "size": [1, 1.3, 1], "uv": [57, 8]},
					{"origin": [5, 36.5, -1], "size": [2, 1.3, 1], "uv": [0, 43]}
				]
			},
			{
				"name": "bone336",
				"parent": "bone333",
				"pivot": [11, 9.5, 0],
				"rotation": [0, 0, -27.5],
				"cubes": [
					{"origin": [11, 2.5, -1], "size": [1, 7, 1], "uv": [0, 23]}
				]
			},
			{
				"name": "bone375",
				"parent": "bone333",
				"pivot": [17, 9.5, 0],
				"cubes": [
					{"origin": [11, -1.5, -4], "size": [7, 7, 8], "uv": [24, 31]}
				]
			},
			{
				"name": "decoration3",
				"parent": "body",
				"pivot": [0, 10.5, 0],
				"cubes": [
					{"origin": [-0.5, 16, -3.5], "size": [1, 1, 1], "uv": [47, 0]},
					{"origin": [-0.5, 14, -3.25], "size": [1, 2, 1], "uv": [61, 36]}
				]
			},
			{
				"name": "bone371",
				"parent": "decoration3",
				"pivot": [0, 17, -4],
				"rotation": [0, 0, 40],
				"cubes": [
					{"origin": [-3, 16, -3.75], "size": [3, 1, 1], "uv": [66, 43]}
				]
			},
			{
				"name": "bone372",
				"parent": "decoration3",
				"pivot": [0, 17, -4],
				"rotation": [0, 0, -40],
				"cubes": [
					{"origin": [0, 16, -3.75], "size": [3, 1, 1], "uv": [38, 25]}
				]
			},
			{
				"name": "bone373",
				"parent": "decoration3",
				"pivot": [0.5, 16, -3],
				"rotation": [0, 0, -27],
				"cubes": [
					{"origin": [-0.40798, 14.21799, -3.25], "size": [1, 2, 1], "uv": [48, 52]}
				]
			},
			{
				"name": "bone374",
				"parent": "decoration3",
				"pivot": [-0.5, 16, -3],
				"rotation": [0, 0, 27],
				"cubes": [
					{"origin": [-0.59202, 14.21799, -3.25], "size": [1, 2, 1], "uv": [7, 0]}
				]
			},
			{
				"name": "hu",
				"parent": "body",
				"pivot": [0, 10.5, 0],
				"cubes": [
					{"origin": [-1, 11.5, 3], "size": [2, 2, 1], "uv": [18, 39]}
				]
			},
			{
				"name": "bone347",
				"parent": "hu",
				"pivot": [0, 10.5, 0],
				"rotation": [0, -10, -15],
				"cubes": [
					{"origin": [2, 11.5, 3], "size": [3, 2, 1], "uv": [33, 0]}
				]
			},
			{
				"name": "bone348",
				"parent": "hu",
				"pivot": [0, 10.5, 0],
				"rotation": [0, 10, 15],
				"cubes": [
					{"origin": [-5, 11.5, 3], "size": [3, 2, 1], "uv": [28, 28]}
				]
			},
			{
				"name": "bone349",
				"parent": "hu",
				"pivot": [-2, 9.5, 1],
				"rotation": [25, 0, 37.5],
				"cubes": [
					{"origin": [-2.8, 1.5, 4], "size": [1.8, 10, 1], "uv": [38, 77]}
				]
			},
			{
				"name": "bone350",
				"parent": "hu",
				"pivot": [2, 9.5, 1],
				"rotation": [25, 0, -37.5],
				"cubes": [
					{"origin": [1, 1.5, 4], "size": [1.8, 10, 1], "uv": [50, 76]}
				]
			},
			{
				"name": "legLeft",
				"pivot": [2, 9, 0],
				"cubes": [
					{"origin": [0.499, 0.1, -1.5], "size": [2.75, 8.9, 3], "uv": [48, 56]},
					{"origin": [0.499, 0.1, -1.5], "size": [2.75, 4.3, 3], "uv": [28, 61], "inflate": 0.1},
					{"origin": [0.499, 0.1, -1.5], "size": [2.75, 2, 3], "uv": [46, 34], "inflate": 0.2}
				]
			},
			{
				"name": "legRight",
				"pivot": [-2, 9, 0],
				"cubes": [
					{"origin": [-3.249, 0.2, -1.5], "size": [2.75, 8.8, 3], "uv": [0, 0]},
					{"origin": [-3.249, 0.2, -1.5], "size": [2.75, 4.3, 3], "uv": [38, 61], "inflate": 0.1},
					{"origin": [-3.249, 0.2, -1.5], "size": [2.75, 2, 3], "uv": [42, 47], "inflate": 0.2}
				]
			},
			{
				"name": "wingRight",
				"pivot": [1, 16, 3],
				"rotation": [15, 60, 0]
			},
			{
				"name": "bone126",
				"parent": "wingRight",
				"pivot": [-10, 16, 3],
				"rotation": [-45, 0, 0],
				"cubes": [
					{"origin": [1, 15.64645, 3.35355], "size": [1, 1, 2], "uv": [8, 57]}
				]
			},
			{
				"name": "bone127",
				"parent": "wingRight",
				"pivot": [-10, 16, 3],
				"rotation": [-30, 0, 0],
				"cubes": [
					{"origin": [1, 15.04935, 5.18185], "size": [1, 1, 2], "uv": [0, 57]}
				]
			},
			{
				"name": "bone128",
				"parent": "wingRight",
				"pivot": [-10, 16, 3],
				"rotation": [-15, 0, 0],
				"cubes": [
					{"origin": [1, 13.9994, 6.79331], "size": [1, 1, 1], "uv": [34, 68]}
				]
			},
			{
				"name": "bone129",
				"parent": "wingRight",
				"pivot": [-10, 16, 3],
				"cubes": [
					{"origin": [1, 12.82697, 7.11219], "size": [1, 1, 2], "uv": [55, 56]}
				]
			},
			{
				"name": "bone130",
				"parent": "wingRight",
				"pivot": [-10, 16, 3],
				"rotation": [30, 0, 0],
				"cubes": [
					{"origin": [1, 10.19598, 6.7068], "size": [1, 1, 3], "uv": [16, 54]}
				]
			},
			{
				"name": "bone131",
				"parent": "wingRight",
				"pivot": [-10, 16, 3],
				"rotation": [60, 0, 0],
				"cubes": [
					{"origin": [1, 7.62017, 5.90624], "size": [1, 1, 4], "uv": [79, 5]}
				]
			},
			{
				"name": "bone132",
				"parent": "wingRight",
				"pivot": [-10, 16, 3],
				"rotation": [90, 0, 0],
				"cubes": [
					{"origin": [1, 5.28973, 4.79107], "size": [1, 1, 5], "uv": [54, 34]}
				]
			},
			{
				"name": "bone133",
				"parent": "wingRight",
				"pivot": [-10, 16, 3],
				"rotation": [150, 0, 0],
				"cubes": [
					{"origin": [1, 4.76363, -8.87983], "size": [1, 1, 8], "uv": [48, 47]}
				]
			},
			{
				"name": "bone134",
				"parent": "wingRight",
				"pivot": [-10, 16, 3],
				"rotation": [135, 0, 0],
				"cubes": [
					{"origin": [1, 2.07177, -11.56685], "size": [1, 1, 6], "uv": [8, 55]}
				]
			},
			{
				"name": "bone135",
				"parent": "wingRight",
				"pivot": [-10, 16, 3],
				"rotation": [120, 0, 0],
				"cubes": [
					{"origin": [1, -1.22381, -11.4656], "size": [1, 1, 4], "uv": [78, 68]}
				]
			},
			{
				"name": "bone136",
				"parent": "wingRight",
				"pivot": [-10, 16, 3],
				"rotation": [105, 0, 0],
				"cubes": [
					{"origin": [1, -4.3809, -10.51485], "size": [1, 1, 4], "uv": [78, 57]}
				]
			},
			{
				"name": "crystal8",
				"parent": "wingRight",
				"pivot": [-11, 6, 8],
				"cubes": [
					{"origin": [1.00003, 6.00706, 7.11121], "size": [1, 0, 1], "uv": [23, 47]},
					{"origin": [1.00101, 11.82597, 7.11118], "size": [1, 0, 1], "uv": [45, 46]}
				]
			},
			{
				"name": "piece57",
				"parent": "crystal8",
				"pivot": [-11, 6, 8]
			},
			{
				"name": "bone137",
				"parent": "piece57",
				"pivot": [-11, 6, 8],
				"rotation": [10, 0, -10],
				"cubes": [
					{"origin": [0.81912, 4.11003, 6.76324], "size": [1, 3, 0], "uv": [89, 0]}
				]
			},
			{
				"name": "bone138",
				"parent": "piece57",
				"pivot": [-11, 6, 8],
				"rotation": [10, 0, 10],
				"cubes": [
					{"origin": [0.80113, 8.38529, 7.51709], "size": [1, 3, 0], "uv": [0, 89]}
				]
			},
			{
				"name": "piece58",
				"parent": "crystal8",
				"pivot": [-11, 6, 8],
				"rotation": [0, 90, 0]
			},
			{
				"name": "bone139",
				"parent": "piece58",
				"pivot": [-11, 6, 8],
				"rotation": [10, 0, -10],
				"cubes": [
					{"origin": [-11.10812, 3.94305, 19.82145], "size": [1, 3, 0], "uv": [88, 88]}
				]
			},
			{
				"name": "bone140",
				"parent": "piece58",
				"pivot": [-11, 6, 8],
				"rotation": [10, 0, 10],
				"cubes": [
					{"origin": [-11.12611, 4.07603, 19.8449], "size": [1, 3, 0], "uv": [86, 88]}
				]
			},
			{
				"name": "piece59",
				"parent": "crystal8",
				"pivot": [-11, 6, 8],
				"rotation": [0, -90, 0]
			},
			{
				"name": "bone141",
				"parent": "piece59",
				"pivot": [-11, 6, 8],
				"rotation": [10, 0, -10],
				"cubes": [
					{"origin": [-11.87389, 8.41724, -4.77535], "size": [1, 3, 0], "uv": [88, 85]}
				]
			},
			{
				"name": "bone142",
				"parent": "piece59",
				"pivot": [-11, 6, 8],
				"rotation": [10, 0, 10],
				"cubes": [
					{"origin": [-11.89188, 8.28427, -4.7988], "size": [1, 3, 0], "uv": [84, 88]}
				]
			},
			{
				"name": "piece60",
				"parent": "crystal8",
				"pivot": [-11, 6, 8],
				"rotation": [0, 180, 0]
			},
			{
				"name": "bone143",
				"parent": "piece60",
				"pivot": [-11, 6, 8],
				"rotation": [10, 0, -10],
				"cubes": [
					{"origin": [-23.80113, 8.25026, 8.28286], "size": [1, 3, 0], "uv": [88, 82]}
				]
			},
			{
				"name": "bone144",
				"parent": "piece60",
				"pivot": [-11, 6, 8],
				"rotation": [10, 0, 10],
				"cubes": [
					{"origin": [-23.81912, 3.975, 7.52902], "size": [1, 3, 0], "uv": [82, 88]}
				]
			},
			{
				"name": "piece61",
				"parent": "crystal8",
				"pivot": [-11, 6, 8],
				"rotation": [180, 0, 0]
			},
			{
				"name": "bone145",
				"parent": "piece61",
				"pivot": [-11, 6, 8],
				"rotation": [10, 0, -10],
				"cubes": [
					{"origin": [-0.19409, -1.68391, 6.5312], "size": [1, 3, 0], "uv": [80, 88]}
				]
			},
			{
				"name": "bone146",
				"parent": "piece61",
				"pivot": [-11, 6, 8],
				"rotation": [10, 0, 10],
				"cubes": [
					{"origin": [1.81434, 2.59135, 7.28504], "size": [1, 3, 0], "uv": [88, 79]}
				]
			},
			{
				"name": "piece62",
				"parent": "crystal8",
				"pivot": [-11, 6, 8],
				"rotation": [180, -90, 0]
			},
			{
				"name": "bone147",
				"parent": "piece62",
				"pivot": [-11, 6, 8],
				"rotation": [10, 0, -10],
				"cubes": [
					{"origin": [-12.8871, -1.58289, 18.84708], "size": [1, 3, 0], "uv": [78, 88]}
				]
			},
			{
				"name": "bone148",
				"parent": "piece62",
				"pivot": [-11, 6, 8],
				"rotation": [10, 0, 10],
				"cubes": [
					{"origin": [-10.87867, -1.71586, 18.82364], "size": [1, 3, 0], "uv": [88, 76]}
				]
			},
			{
				"name": "piece63",
				"parent": "crystal8",
				"pivot": [-11, 6, 8],
				"rotation": [180, 180, 0]
			},
			{
				"name": "bone149",
				"parent": "piece63",
				"pivot": [-11, 6, 8],
				"rotation": [10, 0, -10],
				"cubes": [
					{"origin": [-24.81434, 2.72638, 6.51927], "size": [1, 3, 0], "uv": [76, 88]}
				]
			},
			{
				"name": "bone150",
				"parent": "piece63",
				"pivot": [-11, 6, 8],
				"rotation": [10, 0, 10],
				"cubes": [
					{"origin": [-22.80591, -1.54889, 5.76542], "size": [1, 3, 0], "uv": [74, 88]}
				]
			},
			{
				"name": "piece64",
				"parent": "crystal8",
				"pivot": [-11, 6, 8],
				"rotation": [180, 90, 0]
			},
			{
				"name": "bone151",
				"parent": "piece64",
				"pivot": [-11, 6, 8],
				"rotation": [10, 0, -10],
				"cubes": [
					{"origin": [-12.12133, 2.62535, -5.79662], "size": [1, 3, 0], "uv": [88, 73]}
				]
			},
			{
				"name": "bone152",
				"parent": "piece64",
				"pivot": [-11, 6, 8],
				"rotation": [10, 0, 10],
				"cubes": [
					{"origin": [-10.1129, 2.75833, -5.77317], "size": [1, 3, 0], "uv": [88, 70]}
				]
			},
			{
				"name": "crystal9",
				"parent": "wingRight",
				"pivot": [-11, 7, 11],
				"cubes": [
					{"origin": [1.00003, 7.00706, 10.11121], "size": [1, 0, 1], "uv": [43, 46]},
					{"origin": [1.00101, 12.82597, 10.11118], "size": [1, 0, 1], "uv": [27, 46]}
				]
			},
			{
				"name": "piece65",
				"parent": "crystal9",
				"pivot": [-11, 7, 11]
			},
			{
				"name": "bone153",
				"parent": "piece65",
				"pivot": [-11, 7, 11],
				"rotation": [10, 0, -10],
				"cubes": [
					{"origin": [0.81912, 5.11003, 9.76324], "size": [1, 3, 0], "uv": [88, 67]}
				]
			},
			{
				"name": "bone154",
				"parent": "piece65",
				"pivot": [-11, 7, 11],
				"rotation": [10, 0, 10],
				"cubes": [
					{"origin": [0.80113, 9.38529, 10.51709], "size": [1, 3, 0], "uv": [88, 64]}
				]
			},
			{
				"name": "piece66",
				"parent": "crystal9",
				"pivot": [-11, 7, 11],
				"rotation": [0, 90, 0]
			},
			{
				"name": "bone155",
				"parent": "piece66",
				"pivot": [-11, 7, 11],
				"rotation": [10, 0, -10],
				"cubes": [
					{"origin": [-11.10812, 4.94305, 22.82145], "size": [1, 3, 0], "uv": [88, 61]}
				]
			},
			{
				"name": "bone156",
				"parent": "piece66",
				"pivot": [-11, 7, 11],
				"rotation": [10, 0, 10],
				"cubes": [
					{"origin": [-11.12611, 5.07603, 22.8449], "size": [1, 3, 0], "uv": [88, 58]}
				]
			},
			{
				"name": "piece67",
				"parent": "crystal9",
				"pivot": [-11, 7, 11],
				"rotation": [0, -90, 0]
			},
			{
				"name": "bone157",
				"parent": "piece67",
				"pivot": [-11, 7, 11],
				"rotation": [10, 0, -10],
				"cubes": [
					{"origin": [-11.87389, 9.41724, -1.77535], "size": [1, 3, 0], "uv": [88, 55]}
				]
			},
			{
				"name": "bone158",
				"parent": "piece67",
				"pivot": [-11, 7, 11],
				"rotation": [10, 0, 10],
				"cubes": [
					{"origin": [-11.89188, 9.28427, -1.7988], "size": [1, 3, 0], "uv": [88, 52]}
				]
			},
			{
				"name": "piece68",
				"parent": "crystal9",
				"pivot": [-11, 7, 11],
				"rotation": [0, 180, 0]
			},
			{
				"name": "bone159",
				"parent": "piece68",
				"pivot": [-11, 7, 11],
				"rotation": [10, 0, -10],
				"cubes": [
					{"origin": [-23.80113, 9.25026, 11.28286], "size": [1, 3, 0], "uv": [88, 49]}
				]
			},
			{
				"name": "bone160",
				"parent": "piece68",
				"pivot": [-11, 7, 11],
				"rotation": [10, 0, 10],
				"cubes": [
					{"origin": [-23.81912, 4.975, 10.52902], "size": [1, 3, 0], "uv": [48, 88]}
				]
			},
			{
				"name": "piece69",
				"parent": "crystal9",
				"pivot": [-11, 7, 11],
				"rotation": [180, 0, 0]
			},
			{
				"name": "bone161",
				"parent": "piece69",
				"pivot": [-11, 7, 11],
				"rotation": [10, 0, -10],
				"cubes": [
					{"origin": [-0.19409, -0.68391, 9.5312], "size": [1, 3, 0], "uv": [88, 46]}
				]
			},
			{
				"name": "bone162",
				"parent": "piece69",
				"pivot": [-11, 7, 11],
				"rotation": [10, 0, 10],
				"cubes": [
					{"origin": [1.81434, 3.59135, 10.28504], "size": [1, 3, 0], "uv": [46, 88]}
				]
			},
			{
				"name": "piece70",
				"parent": "crystal9",
				"pivot": [-11, 7, 11],
				"rotation": [180, -90, 0]
			},
			{
				"name": "bone163",
				"parent": "piece70",
				"pivot": [-11, 7, 11],
				"rotation": [10, 0, -10],
				"cubes": [
					{"origin": [-12.8871, -0.58289, 21.84708], "size": [1, 3, 0], "uv": [44, 88]}
				]
			},
			{
				"name": "bone164",
				"parent": "piece70",
				"pivot": [-11, 7, 11],
				"rotation": [10, 0, 10],
				"cubes": [
					{"origin": [-10.87867, -0.71586, 21.82364], "size": [1, 3, 0], "uv": [88, 43]}
				]
			},
			{
				"name": "piece71",
				"parent": "crystal9",
				"pivot": [-11, 7, 11],
				"rotation": [180, 180, 0]
			},
			{
				"name": "bone165",
				"parent": "piece71",
				"pivot": [-11, 7, 11],
				"rotation": [10, 0, -10],
				"cubes": [
					{"origin": [-24.81434, 3.72638, 9.51927], "size": [1, 3, 0], "uv": [42, 88]}
				]
			},
			{
				"name": "bone166",
				"parent": "piece71",
				"pivot": [-11, 7, 11],
				"rotation": [10, 0, 10],
				"cubes": [
					{"origin": [-22.80591, -0.54889, 8.76542], "size": [1, 3, 0], "uv": [88, 40]}
				]
			},
			{
				"name": "piece72",
				"parent": "crystal9",
				"pivot": [-11, 7, 11],
				"rotation": [180, 90, 0]
			},
			{
				"name": "bone167",
				"parent": "piece72",
				"pivot": [-11, 7, 11],
				"rotation": [10, 0, -10],
				"cubes": [
					{"origin": [-12.12133, 3.62535, -2.79662], "size": [1, 3, 0], "uv": [40, 88]}
				]
			},
			{
				"name": "bone168",
				"parent": "piece72",
				"pivot": [-11, 7, 11],
				"rotation": [10, 0, 10],
				"cubes": [
					{"origin": [-10.1129, 3.75833, -2.77317], "size": [1, 3, 0], "uv": [38, 88]}
				]
			},
			{
				"name": "crystal10",
				"parent": "wingRight",
				"pivot": [-11, 10, 14],
				"cubes": [
					{"origin": [1.00003, 10.00706, 13.11121], "size": [1, 0, 1], "uv": [23, 46]},
					{"origin": [1.00101, 15.82597, 13.11118], "size": [1, 0, 1], "uv": [44, 20]}
				]
			},
			{
				"name": "piece73",
				"parent": "crystal10",
				"pivot": [-11, 10, 14]
			},
			{
				"name": "bone169",
				"parent": "piece73",
				"pivot": [-11, 10, 14],
				"rotation": [10, 0, -10],
				"cubes": [
					{"origin": [0.81912, 8.11003, 12.76324], "size": [1, 3, 0], "uv": [88, 37]}
				]
			},
			{
				"name": "bone170",
				"parent": "piece73",
				"pivot": [-11, 10, 14],
				"rotation": [10, 0, 10],
				"cubes": [
					{"origin": [0.80113, 12.38529, 13.51709], "size": [1, 3, 0], "uv": [88, 34]}
				]
			},
			{
				"name": "piece74",
				"parent": "crystal10",
				"pivot": [-11, 10, 14],
				"rotation": [0, 90, 0]
			},
			{
				"name": "bone171",
				"parent": "piece74",
				"pivot": [-11, 10, 14],
				"rotation": [10, 0, -10],
				"cubes": [
					{"origin": [-11.10812, 7.94305, 25.82145], "size": [1, 3, 0], "uv": [88, 31]}
				]
			},
			{
				"name": "bone172",
				"parent": "piece74",
				"pivot": [-11, 10, 14],
				"rotation": [10, 0, 10],
				"cubes": [
					{"origin": [-11.12611, 8.07603, 25.8449], "size": [1, 3, 0], "uv": [88, 28]}
				]
			},
			{
				"name": "piece75",
				"parent": "crystal10",
				"pivot": [-11, 10, 14],
				"rotation": [0, -90, 0]
			},
			{
				"name": "bone173",
				"parent": "piece75",
				"pivot": [-11, 10, 14],
				"rotation": [10, 0, -10],
				"cubes": [
					{"origin": [-11.87389, 12.41724, 1.22465], "size": [1, 3, 0], "uv": [88, 25]}
				]
			},
			{
				"name": "bone174",
				"parent": "piece75",
				"pivot": [-11, 10, 14],
				"rotation": [10, 0, 10],
				"cubes": [
					{"origin": [-11.89188, 12.28427, 1.2012], "size": [1, 3, 0], "uv": [88, 22]}
				]
			},
			{
				"name": "piece76",
				"parent": "crystal10",
				"pivot": [-11, 10, 14],
				"rotation": [0, 180, 0]
			},
			{
				"name": "bone175",
				"parent": "piece76",
				"pivot": [-11, 10, 14],
				"rotation": [10, 0, -10],
				"cubes": [
					{"origin": [-23.80113, 12.25026, 14.28286], "size": [1, 3, 0], "uv": [88, 19]}
				]
			},
			{
				"name": "bone176",
				"parent": "piece76",
				"pivot": [-11, 10, 14],
				"rotation": [10, 0, 10],
				"cubes": [
					{"origin": [-23.81912, 7.975, 13.52902], "size": [1, 3, 0], "uv": [88, 16]}
				]
			},
			{
				"name": "piece77",
				"parent": "crystal10",
				"pivot": [-11, 10, 14],
				"rotation": [180, 0, 0]
			},
			{
				"name": "bone177",
				"parent": "piece77",
				"pivot": [-11, 10, 14],
				"rotation": [10, 0, -10],
				"cubes": [
					{"origin": [-0.19409, 2.31609, 12.5312], "size": [1, 3, 0], "uv": [14, 88]}
				]
			},
			{
				"name": "bone178",
				"parent": "piece77",
				"pivot": [-11, 10, 14],
				"rotation": [10, 0, 10],
				"cubes": [
					{"origin": [1.81434, 6.59135, 13.28504], "size": [1, 3, 0], "uv": [12, 88]}
				]
			},
			{
				"name": "piece78",
				"parent": "crystal10",
				"pivot": [-11, 10, 14],
				"rotation": [180, -90, 0]
			},
			{
				"name": "bone179",
				"parent": "piece78",
				"pivot": [-11, 10, 14],
				"rotation": [10, 0, -10],
				"cubes": [
					{"origin": [-12.8871, 2.41711, 24.84708], "size": [1, 3, 0], "uv": [10, 88]}
				]
			},
			{
				"name": "bone180",
				"parent": "piece78",
				"pivot": [-11, 10, 14],
				"rotation": [10, 0, 10],
				"cubes": [
					{"origin": [-10.87867, 2.28414, 24.82364], "size": [1, 3, 0], "uv": [8, 88]}
				]
			},
			{
				"name": "piece79",
				"parent": "crystal10",
				"pivot": [-11, 10, 14],
				"rotation": [180, 180, 0]
			},
			{
				"name": "bone181",
				"parent": "piece79",
				"pivot": [-11, 10, 14],
				"rotation": [10, 0, -10],
				"cubes": [
					{"origin": [-24.81434, 6.72638, 12.51927], "size": [1, 3, 0], "uv": [72, 87]}
				]
			},
			{
				"name": "bone182",
				"parent": "piece79",
				"pivot": [-11, 10, 14],
				"rotation": [10, 0, 10],
				"cubes": [
					{"origin": [-22.80591, 2.45111, 11.76542], "size": [1, 3, 0], "uv": [70, 87]}
				]
			},
			{
				"name": "piece80",
				"parent": "crystal10",
				"pivot": [-11, 10, 14],
				"rotation": [180, 90, 0]
			},
			{
				"name": "bone183",
				"parent": "piece80",
				"pivot": [-11, 10, 14],
				"rotation": [10, 0, -10],
				"cubes": [
					{"origin": [-12.12133, 6.62535, 0.20338], "size": [1, 3, 0], "uv": [68, 87]}
				]
			},
			{
				"name": "bone184",
				"parent": "piece80",
				"pivot": [-11, 10, 14],
				"rotation": [10, 0, 10],
				"cubes": [
					{"origin": [-10.1129, 6.75833, 0.22683], "size": [1, 3, 0], "uv": [66, 87]}
				]
			},
			{
				"name": "crystal11",
				"parent": "wingRight",
				"pivot": [-11, 14, 16],
				"cubes": [
					{"origin": [1.00003, 14.00706, 15.11121], "size": [1, 0, 1], "uv": [44, 19]},
					{"origin": [1.00101, 19.82597, 15.11118], "size": [1, 0, 1], "uv": [21, 43]}
				]
			},
			{
				"name": "piece81",
				"parent": "crystal11",
				"pivot": [-11, 14, 16]
			},
			{
				"name": "bone185",
				"parent": "piece81",
				"pivot": [-11, 14, 16],
				"rotation": [10, 0, -10],
				"cubes": [
					{"origin": [0.81912, 12.11003, 14.76324], "size": [1, 3, 0], "uv": [64, 87]}
				]
			},
			{
				"name": "bone186",
				"parent": "piece81",
				"pivot": [-11, 14, 16],
				"rotation": [10, 0, 10],
				"cubes": [
					{"origin": [0.80113, 16.38529, 15.51709], "size": [1, 3, 0], "uv": [62, 87]}
				]
			},
			{
				"name": "piece82",
				"parent": "crystal11",
				"pivot": [-11, 14, 16],
				"rotation": [0, 90, 0]
			},
			{
				"name": "bone187",
				"parent": "piece82",
				"pivot": [-11, 14, 16],
				"rotation": [10, 0, -10],
				"cubes": [
					{"origin": [-11.10812, 11.94305, 27.82145], "size": [1, 3, 0], "uv": [60, 87]}
				]
			},
			{
				"name": "bone188",
				"parent": "piece82",
				"pivot": [-11, 14, 16],
				"rotation": [10, 0, 10],
				"cubes": [
					{"origin": [-11.12611, 12.07603, 27.8449], "size": [1, 3, 0], "uv": [58, 87]}
				]
			},
			{
				"name": "piece83",
				"parent": "crystal11",
				"pivot": [-11, 14, 16],
				"rotation": [0, -90, 0]
			},
			{
				"name": "bone189",
				"parent": "piece83",
				"pivot": [-11, 14, 16],
				"rotation": [10, 0, -10],
				"cubes": [
					{"origin": [-11.87389, 16.41724, 3.22465], "size": [1, 3, 0], "uv": [56, 87]}
				]
			},
			{
				"name": "bone190",
				"parent": "piece83",
				"pivot": [-11, 14, 16],
				"rotation": [10, 0, 10],
				"cubes": [
					{"origin": [-11.89188, 16.28427, 3.2012], "size": [1, 3, 0], "uv": [54, 87]}
				]
			},
			{
				"name": "piece84",
				"parent": "crystal11",
				"pivot": [-11, 14, 16],
				"rotation": [0, 180, 0]
			},
			{
				"name": "bone191",
				"parent": "piece84",
				"pivot": [-11, 14, 16],
				"rotation": [10, 0, -10],
				"cubes": [
					{"origin": [-23.80113, 16.25026, 16.28286], "size": [1, 3, 0], "uv": [52, 87]}
				]
			},
			{
				"name": "bone192",
				"parent": "piece84",
				"pivot": [-11, 14, 16],
				"rotation": [10, 0, 10],
				"cubes": [
					{"origin": [-23.81912, 11.975, 15.52902], "size": [1, 3, 0], "uv": [50, 87]}
				]
			},
			{
				"name": "piece85",
				"parent": "crystal11",
				"pivot": [-11, 14, 16],
				"rotation": [180, 0, 0]
			},
			{
				"name": "bone193",
				"parent": "piece85",
				"pivot": [-11, 14, 16],
				"rotation": [10, 0, -10],
				"cubes": [
					{"origin": [-0.19409, 6.31609, 14.5312], "size": [1, 3, 0], "uv": [28, 87]}
				]
			},
			{
				"name": "bone194",
				"parent": "piece85",
				"pivot": [-11, 14, 16],
				"rotation": [10, 0, 10],
				"cubes": [
					{"origin": [1.81434, 10.59135, 15.28504], "size": [1, 3, 0], "uv": [26, 87]}
				]
			},
			{
				"name": "piece86",
				"parent": "crystal11",
				"pivot": [-11, 14, 16],
				"rotation": [180, -90, 0]
			},
			{
				"name": "bone195",
				"parent": "piece86",
				"pivot": [-11, 14, 16],
				"rotation": [10, 0, -10],
				"cubes": [
					{"origin": [-12.8871, 6.41711, 26.84708], "size": [1, 3, 0], "uv": [24, 87]}
				]
			},
			{
				"name": "bone196",
				"parent": "piece86",
				"pivot": [-11, 14, 16],
				"rotation": [10, 0, 10],
				"cubes": [
					{"origin": [-10.87867, 6.28414, 26.82364], "size": [1, 3, 0], "uv": [22, 87]}
				]
			},
			{
				"name": "piece87",
				"parent": "crystal11",
				"pivot": [-11, 14, 16],
				"rotation": [180, 180, 0]
			},
			{
				"name": "bone197",
				"parent": "piece87",
				"pivot": [-11, 14, 16],
				"rotation": [10, 0, -10],
				"cubes": [
					{"origin": [-24.81434, 10.72638, 14.51927], "size": [1, 3, 0], "uv": [20, 87]}
				]
			},
			{
				"name": "bone198",
				"parent": "piece87",
				"pivot": [-11, 14, 16],
				"rotation": [10, 0, 10],
				"cubes": [
					{"origin": [-22.80591, 6.45111, 13.76542], "size": [1, 3, 0], "uv": [18, 87]}
				]
			},
			{
				"name": "piece88",
				"parent": "crystal11",
				"pivot": [-11, 14, 16],
				"rotation": [180, 90, 0]
			},
			{
				"name": "bone199",
				"parent": "piece88",
				"pivot": [-11, 14, 16],
				"rotation": [10, 0, -10],
				"cubes": [
					{"origin": [-12.12133, 10.62535, 2.20338], "size": [1, 3, 0], "uv": [16, 87]}
				]
			},
			{
				"name": "bone200",
				"parent": "piece88",
				"pivot": [-11, 14, 16],
				"rotation": [10, 0, 10],
				"cubes": [
					{"origin": [-10.1129, 10.75833, 2.22683], "size": [1, 3, 0], "uv": [87, 13]}
				]
			},
			{
				"name": "crystal12",
				"parent": "wingRight",
				"pivot": [-11, 12, 19],
				"cubes": [
					{"origin": [1.00003, 12.00706, 18.11121], "size": [1, 0, 1], "uv": [17, 43]},
					{"origin": [1.00101, 17.82597, 18.11118], "size": [1, 0, 1], "uv": [21, 42]}
				]
			},
			{
				"name": "piece89",
				"parent": "crystal12",
				"pivot": [-11, 12, 19]
			},
			{
				"name": "bone201",
				"parent": "piece89",
				"pivot": [-11, 12, 19],
				"rotation": [10, 0, -10],
				"cubes": [
					{"origin": [0.81912, 10.11003, 17.76324], "size": [1, 3, 0], "uv": [87, 10]}
				]
			},
			{
				"name": "bone202",
				"parent": "piece89",
				"pivot": [-11, 12, 19],
				"rotation": [10, 0, 10],
				"cubes": [
					{"origin": [0.80113, 14.38529, 18.51709], "size": [1, 3, 0], "uv": [87, 6]}
				]
			},
			{
				"name": "piece90",
				"parent": "crystal12",
				"pivot": [-11, 12, 19],
				"rotation": [0, 90, 0]
			},
			{
				"name": "bone203",
				"parent": "piece90",
				"pivot": [-11, 12, 19],
				"rotation": [10, 0, -10],
				"cubes": [
					{"origin": [-11.10812, 9.94305, 30.82145], "size": [1, 3, 0], "uv": [87, 3]}
				]
			},
			{
				"name": "bone204",
				"parent": "piece90",
				"pivot": [-11, 12, 19],
				"rotation": [10, 0, 10],
				"cubes": [
					{"origin": [-11.12611, 10.07603, 30.8449], "size": [1, 3, 0], "uv": [87, 0]}
				]
			},
			{
				"name": "piece91",
				"parent": "crystal12",
				"pivot": [-11, 12, 19],
				"rotation": [0, -90, 0]
			},
			{
				"name": "bone205",
				"parent": "piece91",
				"pivot": [-11, 12, 19],
				"rotation": [10, 0, -10],
				"cubes": [
					{"origin": [-11.87389, 14.41724, 6.22465], "size": [1, 3, 0], "uv": [86, 85]}
				]
			},
			{
				"name": "bone206",
				"parent": "piece91",
				"pivot": [-11, 12, 19],
				"rotation": [10, 0, 10],
				"cubes": [
					{"origin": [-11.89188, 14.28427, 6.2012], "size": [1, 3, 0], "uv": [86, 82]}
				]
			},
			{
				"name": "piece92",
				"parent": "crystal12",
				"pivot": [-11, 12, 19],
				"rotation": [0, 180, 0]
			},
			{
				"name": "bone207",
				"parent": "piece92",
				"pivot": [-11, 12, 19],
				"rotation": [10, 0, -10],
				"cubes": [
					{"origin": [-23.80113, 14.25026, 19.28286], "size": [1, 3, 0], "uv": [86, 79]}
				]
			},
			{
				"name": "bone208",
				"parent": "piece92",
				"pivot": [-11, 12, 19],
				"rotation": [10, 0, 10],
				"cubes": [
					{"origin": [-23.81912, 9.975, 18.52902], "size": [1, 3, 0], "uv": [86, 76]}
				]
			},
			{
				"name": "piece93",
				"parent": "crystal12",
				"pivot": [-11, 12, 19],
				"rotation": [180, 0, 0]
			},
			{
				"name": "bone209",
				"parent": "piece93",
				"pivot": [-11, 12, 19],
				"rotation": [10, 0, -10],
				"cubes": [
					{"origin": [-0.19409, 4.31609, 17.5312], "size": [1, 3, 0], "uv": [86, 73]}
				]
			},
			{
				"name": "bone210",
				"parent": "piece93",
				"pivot": [-11, 12, 19],
				"rotation": [10, 0, 10],
				"cubes": [
					{"origin": [1.81434, 8.59135, 18.28504], "size": [1, 3, 0], "uv": [86, 68]}
				]
			},
			{
				"name": "piece94",
				"parent": "crystal12",
				"pivot": [-11, 12, 19],
				"rotation": [180, -90, 0]
			},
			{
				"name": "bone211",
				"parent": "piece94",
				"pivot": [-11, 12, 19],
				"rotation": [10, 0, -10],
				"cubes": [
					{"origin": [-12.8871, 4.41711, 29.84708], "size": [1, 3, 0], "uv": [86, 65]}
				]
			},
			{
				"name": "bone212",
				"parent": "piece94",
				"pivot": [-11, 12, 19],
				"rotation": [10, 0, 10],
				"cubes": [
					{"origin": [-10.87867, 4.28414, 29.82364], "size": [1, 3, 0], "uv": [86, 62]}
				]
			},
			{
				"name": "piece95",
				"parent": "crystal12",
				"pivot": [-11, 12, 19],
				"rotation": [180, 180, 0]
			},
			{
				"name": "bone213",
				"parent": "piece95",
				"pivot": [-11, 12, 19],
				"rotation": [10, 0, -10],
				"cubes": [
					{"origin": [-24.81434, 8.72638, 17.51927], "size": [1, 3, 0], "uv": [86, 57]}
				]
			},
			{
				"name": "bone214",
				"parent": "piece95",
				"pivot": [-11, 12, 19],
				"rotation": [10, 0, 10],
				"cubes": [
					{"origin": [-22.80591, 4.45111, 16.76542], "size": [1, 3, 0], "uv": [86, 53]}
				]
			},
			{
				"name": "piece96",
				"parent": "crystal12",
				"pivot": [-11, 12, 19],
				"rotation": [180, 90, 0]
			},
			{
				"name": "bone215",
				"parent": "piece96",
				"pivot": [-11, 12, 19],
				"rotation": [10, 0, -10],
				"cubes": [
					{"origin": [-12.12133, 8.62535, 5.20338], "size": [1, 3, 0], "uv": [86, 50]}
				]
			},
			{
				"name": "bone216",
				"parent": "piece96",
				"pivot": [-11, 12, 19],
				"rotation": [10, 0, 10],
				"cubes": [
					{"origin": [-10.1129, 8.75833, 5.22683], "size": [1, 3, 0], "uv": [86, 47]}
				]
			},
			{
				"name": "crystal13",
				"parent": "wingRight",
				"pivot": [-11, 9, 22],
				"cubes": [
					{"origin": [1.00003, 9.00706, 21.11121], "size": [1, 0, 1], "uv": [17, 42]},
					{"origin": [1.00101, 14.82597, 21.11118], "size": [1, 0, 1], "uv": [40, 19]}
				]
			},
			{
				"name": "piece97",
				"parent": "crystal13",
				"pivot": [-11, 9, 22]
			},
			{
				"name": "bone217",
				"parent": "piece97",
				"pivot": [-11, 9, 22],
				"rotation": [10, 0, -10],
				"cubes": [
					{"origin": [0.81912, 7.11003, 20.76324], "size": [1, 3, 0], "uv": [86, 44]}
				]
			},
			{
				"name": "bone218",
				"parent": "piece97",
				"pivot": [-11, 9, 22],
				"rotation": [10, 0, 10],
				"cubes": [
					{"origin": [0.80113, 11.38529, 21.51709], "size": [1, 3, 0], "uv": [86, 41]}
				]
			},
			{
				"name": "piece98",
				"parent": "crystal13",
				"pivot": [-11, 9, 22],
				"rotation": [0, 90, 0]
			},
			{
				"name": "bone219",
				"parent": "piece98",
				"pivot": [-11, 9, 22],
				"rotation": [10, 0, -10],
				"cubes": [
					{"origin": [-11.10812, 6.94305, 33.82145], "size": [1, 3, 0], "uv": [86, 38]}
				]
			},
			{
				"name": "bone220",
				"parent": "piece98",
				"pivot": [-11, 9, 22],
				"rotation": [10, 0, 10],
				"cubes": [
					{"origin": [-11.12611, 7.07603, 33.8449], "size": [1, 3, 0], "uv": [36, 86]}
				]
			},
			{
				"name": "piece99",
				"parent": "crystal13",
				"pivot": [-11, 9, 22],
				"rotation": [0, -90, 0]
			},
			{
				"name": "bone221",
				"parent": "piece99",
				"pivot": [-11, 9, 22],
				"rotation": [10, 0, -10],
				"cubes": [
					{"origin": [-11.87389, 11.41724, 9.22465], "size": [1, 3, 0], "uv": [86, 35]}
				]
			},
			{
				"name": "bone222",
				"parent": "piece99",
				"pivot": [-11, 9, 22],
				"rotation": [10, 0, 10],
				"cubes": [
					{"origin": [-11.89188, 11.28427, 9.2012], "size": [1, 3, 0], "uv": [34, 86]}
				]
			},
			{
				"name": "piece100",
				"parent": "crystal13",
				"pivot": [-11, 9, 22],
				"rotation": [0, 180, 0]
			},
			{
				"name": "bone223",
				"parent": "piece100",
				"pivot": [-11, 9, 22],
				"rotation": [10, 0, -10],
				"cubes": [
					{"origin": [-23.80113, 11.25026, 22.28286], "size": [1, 3, 0], "uv": [86, 32]}
				]
			},
			{
				"name": "bone224",
				"parent": "piece100",
				"pivot": [-11, 9, 22],
				"rotation": [10, 0, 10],
				"cubes": [
					{"origin": [-23.81912, 6.975, 21.52902], "size": [1, 3, 0], "uv": [32, 86]}
				]
			},
			{
				"name": "piece101",
				"parent": "crystal13",
				"pivot": [-11, 9, 22],
				"rotation": [180, 0, 0]
			},
			{
				"name": "bone225",
				"parent": "piece101",
				"pivot": [-11, 9, 22],
				"rotation": [10, 0, -10],
				"cubes": [
					{"origin": [-0.19409, 1.31609, 20.5312], "size": [1, 3, 0], "uv": [30, 86]}
				]
			},
			{
				"name": "bone226",
				"parent": "piece101",
				"pivot": [-11, 9, 22],
				"rotation": [10, 0, 10],
				"cubes": [
					{"origin": [1.81434, 5.59135, 21.28504], "size": [1, 3, 0], "uv": [86, 28]}
				]
			},
			{
				"name": "piece102",
				"parent": "crystal13",
				"pivot": [-11, 9, 22],
				"rotation": [180, -90, 0]
			},
			{
				"name": "bone227",
				"parent": "piece102",
				"pivot": [-11, 9, 22],
				"rotation": [10, 0, -10],
				"cubes": [
					{"origin": [-12.8871, 1.41711, 32.84708], "size": [1, 3, 0], "uv": [86, 25]}
				]
			},
			{
				"name": "bone228",
				"parent": "piece102",
				"pivot": [-11, 9, 22],
				"rotation": [10, 0, 10],
				"cubes": [
					{"origin": [-10.87867, 1.28414, 32.82364], "size": [1, 3, 0], "uv": [86, 22]}
				]
			},
			{
				"name": "piece103",
				"parent": "crystal13",
				"pivot": [-11, 9, 22],
				"rotation": [180, 180, 0]
			},
			{
				"name": "bone229",
				"parent": "piece103",
				"pivot": [-11, 9, 22],
				"rotation": [10, 0, -10],
				"cubes": [
					{"origin": [-24.81434, 5.72638, 20.51927], "size": [1, 3, 0], "uv": [86, 19]}
				]
			},
			{
				"name": "bone230",
				"parent": "piece103",
				"pivot": [-11, 9, 22],
				"rotation": [10, 0, 10],
				"cubes": [
					{"origin": [-22.80591, 1.45111, 19.76542], "size": [1, 3, 0], "uv": [86, 16]}
				]
			},
			{
				"name": "piece104",
				"parent": "crystal13",
				"pivot": [-11, 9, 22],
				"rotation": [180, 90, 0]
			},
			{
				"name": "bone231",
				"parent": "piece104",
				"pivot": [-11, 9, 22],
				"rotation": [10, 0, -10],
				"cubes": [
					{"origin": [-12.12133, 5.62535, 8.20338], "size": [1, 3, 0], "uv": [6, 86]}
				]
			},
			{
				"name": "bone232",
				"parent": "piece104",
				"pivot": [-11, 9, 22],
				"rotation": [10, 0, 10],
				"cubes": [
					{"origin": [-10.1129, 5.75833, 8.22683], "size": [1, 3, 0], "uv": [4, 86]}
				]
			},
			{
				"name": "crystal14",
				"parent": "wingRight",
				"pivot": [-11, 5, 24],
				"cubes": [
					{"origin": [1.00003, 5.00706, 23.11121], "size": [1, 0, 1], "uv": [3, 40]},
					{"origin": [1.00101, 10.82597, 23.11118], "size": [1, 0, 1], "uv": [40, 1]}
				]
			},
			{
				"name": "piece105",
				"parent": "crystal14",
				"pivot": [-11, 5, 24]
			},
			{
				"name": "bone233",
				"parent": "piece105",
				"pivot": [-11, 5, 24],
				"rotation": [10, 0, -10],
				"cubes": [
					{"origin": [0.81912, 3.11003, 22.76324], "size": [1, 3, 0], "uv": [2, 86]}
				]
			},
			{
				"name": "bone234",
				"parent": "piece105",
				"pivot": [-11, 5, 24],
				"rotation": [10, 0, 10],
				"cubes": [
					{"origin": [0.80113, 7.38529, 23.51709], "size": [1, 3, 0], "uv": [0, 86]}
				]
			},
			{
				"name": "piece106",
				"parent": "crystal14",
				"pivot": [-11, 5, 24],
				"rotation": [0, 90, 0]
			},
			{
				"name": "bone235",
				"parent": "piece106",
				"pivot": [-11, 5, 24],
				"rotation": [10, 0, -10],
				"cubes": [
					{"origin": [-11.10812, 2.94305, 35.82145], "size": [1, 3, 0], "uv": [84, 85]}
				]
			},
			{
				"name": "bone236",
				"parent": "piece106",
				"pivot": [-11, 5, 24],
				"rotation": [10, 0, 10],
				"cubes": [
					{"origin": [-11.12611, 3.07603, 35.8449], "size": [1, 3, 0], "uv": [82, 85]}
				]
			},
			{
				"name": "piece107",
				"parent": "crystal14",
				"pivot": [-11, 5, 24],
				"rotation": [0, -90, 0]
			},
			{
				"name": "bone237",
				"parent": "piece107",
				"pivot": [-11, 5, 24],
				"rotation": [10, 0, -10],
				"cubes": [
					{"origin": [-11.87389, 7.41724, 11.22465], "size": [1, 3, 0], "uv": [80, 85]}
				]
			},
			{
				"name": "bone238",
				"parent": "piece107",
				"pivot": [-11, 5, 24],
				"rotation": [10, 0, 10],
				"cubes": [
					{"origin": [-11.89188, 7.28427, 11.2012], "size": [1, 3, 0], "uv": [78, 85]}
				]
			},
			{
				"name": "piece108",
				"parent": "crystal14",
				"pivot": [-11, 5, 24],
				"rotation": [0, 180, 0]
			},
			{
				"name": "bone239",
				"parent": "piece108",
				"pivot": [-11, 5, 24],
				"rotation": [10, 0, -10],
				"cubes": [
					{"origin": [-23.80113, 7.25026, 24.28286], "size": [1, 3, 0], "uv": [76, 85]}
				]
			},
			{
				"name": "bone240",
				"parent": "piece108",
				"pivot": [-11, 5, 24],
				"rotation": [10, 0, 10],
				"cubes": [
					{"origin": [-23.81912, 2.975, 23.52902], "size": [1, 3, 0], "uv": [74, 85]}
				]
			},
			{
				"name": "piece109",
				"parent": "crystal14",
				"pivot": [-11, 5, 24],
				"rotation": [180, 0, 0]
			},
			{
				"name": "bone241",
				"parent": "piece109",
				"pivot": [-11, 5, 24],
				"rotation": [10, 0, -10],
				"cubes": [
					{"origin": [-0.19409, -2.68391, 22.5312], "size": [1, 3, 0], "uv": [48, 85]}
				]
			},
			{
				"name": "bone242",
				"parent": "piece109",
				"pivot": [-11, 5, 24],
				"rotation": [10, 0, 10],
				"cubes": [
					{"origin": [1.81434, 1.59135, 23.28504], "size": [1, 3, 0], "uv": [46, 85]}
				]
			},
			{
				"name": "piece110",
				"parent": "crystal14",
				"pivot": [-11, 5, 24],
				"rotation": [180, -90, 0]
			},
			{
				"name": "bone243",
				"parent": "piece110",
				"pivot": [-11, 5, 24],
				"rotation": [10, 0, -10],
				"cubes": [
					{"origin": [-12.8871, -2.58289, 34.84708], "size": [1, 3, 0], "uv": [44, 85]}
				]
			},
			{
				"name": "bone244",
				"parent": "piece110",
				"pivot": [-11, 5, 24],
				"rotation": [10, 0, 10],
				"cubes": [
					{"origin": [-10.87867, -2.71586, 34.82364], "size": [1, 3, 0], "uv": [42, 85]}
				]
			},
			{
				"name": "piece111",
				"parent": "crystal14",
				"pivot": [-11, 5, 24],
				"rotation": [180, 180, 0]
			},
			{
				"name": "bone245",
				"parent": "piece111",
				"pivot": [-11, 5, 24],
				"rotation": [10, 0, -10],
				"cubes": [
					{"origin": [-24.81434, 1.72638, 22.51927], "size": [1, 3, 0], "uv": [14, 85]}
				]
			},
			{
				"name": "bone246",
				"parent": "piece111",
				"pivot": [-11, 5, 24],
				"rotation": [10, 0, 10],
				"cubes": [
					{"origin": [-22.80591, -2.54889, 21.76542], "size": [1, 3, 0], "uv": [85, 13]}
				]
			},
			{
				"name": "piece112",
				"parent": "crystal14",
				"pivot": [-11, 5, 24],
				"rotation": [180, 90, 0]
			},
			{
				"name": "bone247",
				"parent": "piece112",
				"pivot": [-11, 5, 24],
				"rotation": [10, 0, -10],
				"cubes": [
					{"origin": [-12.12133, 1.62535, 10.20338], "size": [1, 3, 0], "uv": [12, 85]}
				]
			},
			{
				"name": "bone248",
				"parent": "piece112",
				"pivot": [-11, 5, 24],
				"rotation": [10, 0, 10],
				"cubes": [
					{"origin": [-10.1129, 1.75833, 10.22683], "size": [1, 3, 0], "uv": [85, 10]}
				]
			},
			{
				"name": "wingLeft",
				"pivot": [-1, 16, 3],
				"rotation": [15, -60, 0]
			},
			{
				"name": "bone87",
				"parent": "wingLeft",
				"pivot": [-13, 16, 3],
				"rotation": [-45, 0, 0],
				"cubes": [
					{"origin": [-2, 15.64645, 3.35355], "size": [1, 1, 2], "uv": [8, 54]}
				]
			},
			{
				"name": "bone88",
				"parent": "wingLeft",
				"pivot": [-13, 16, 3],
				"rotation": [-30, 0, 0],
				"cubes": [
					{"origin": [-2, 15.04935, 5.18185], "size": [1, 1, 2], "uv": [0, 54]}
				]
			},
			{
				"name": "bone89",
				"parent": "wingLeft",
				"pivot": [-13, 16, 3],
				"rotation": [-15, 0, 0],
				"cubes": [
					{"origin": [-2, 13.9994, 6.79331], "size": [1, 1, 1], "uv": [64, 63]}
				]
			},
			{
				"name": "bone90",
				"parent": "wingLeft",
				"pivot": [-13, 16, 3],
				"cubes": [
					{"origin": [-2, 12.82697, 7.11219], "size": [1, 1, 2], "uv": [53, 34]}
				]
			},
			{
				"name": "bone91",
				"parent": "wingLeft",
				"pivot": [-13, 16, 3],
				"rotation": [30, 0, 0],
				"cubes": [
					{"origin": [-2, 10.19598, 6.7068], "size": [1, 1, 3], "uv": [28, 23]}
				]
			},
			{
				"name": "bone92",
				"parent": "wingLeft",
				"pivot": [-13, 16, 3],
				"rotation": [60, 0, 0],
				"cubes": [
					{"origin": [-2, 7.62017, 5.90624], "size": [1, 1, 4], "uv": [78, 52]}
				]
			},
			{
				"name": "bone93",
				"parent": "wingLeft",
				"pivot": [-13, 16, 3],
				"rotation": [90, 0, 0],
				"cubes": [
					{"origin": [-2, 5.28973, 4.79107], "size": [1, 1, 5], "uv": [38, 19]}
				]
			},
			{
				"name": "bone94",
				"parent": "wingLeft",
				"pivot": [-13, 16, 3],
				"rotation": [150, 0, 0],
				"cubes": [
					{"origin": [-2, 4.76363, -8.87983], "size": [1, 1, 8], "uv": [28, 19]}
				]
			},
			{
				"name": "bone95",
				"parent": "wingLeft",
				"pivot": [-13, 16, 3],
				"rotation": [135, 0, 0],
				"cubes": [
					{"origin": [-2, 2.07177, -11.56685], "size": [1, 1, 6], "uv": [0, 54]}
				]
			},
			{
				"name": "bone96",
				"parent": "wingLeft",
				"pivot": [-13, 16, 3],
				"rotation": [120, 0, 0],
				"cubes": [
					{"origin": [-2, -1.22381, -11.4656], "size": [1, 1, 4], "uv": [78, 27]}
				]
			},
			{
				"name": "bone97",
				"parent": "wingLeft",
				"pivot": [-13, 16, 3],
				"rotation": [105, 0, 0],
				"cubes": [
					{"origin": [-2, -4.3809, -10.51485], "size": [1, 1, 4], "uv": [74, 77]}
				]
			},
			{
				"name": "crystal",
				"parent": "wingLeft",
				"pivot": [-14, 6, 8],
				"cubes": [
					{"origin": [-1.99997, 6.00706, 7.11121], "size": [1, 0, 1], "uv": [39, 23]},
					{"origin": [-1.99899, 11.82597, 7.11118], "size": [1, 0, 1], "uv": [3, 39]}
				]
			},
			{
				"name": "piece",
				"parent": "crystal",
				"pivot": [-14, 6, 8]
			},
			{
				"name": "bone98",
				"parent": "piece",
				"pivot": [-14, 6, 8],
				"rotation": [10, 0, -10],
				"cubes": [
					{"origin": [-2.18088, 4.11003, 6.76324], "size": [1, 3, 0], "uv": [10, 85]}
				]
			},
			{
				"name": "bone99",
				"parent": "piece",
				"pivot": [-14, 6, 8],
				"rotation": [10, 0, 10],
				"cubes": [
					{"origin": [-2.19887, 8.38529, 7.51709], "size": [1, 3, 0], "uv": [8, 85]}
				]
			},
			{
				"name": "piece2",
				"parent": "crystal",
				"pivot": [-14, 6, 8],
				"rotation": [0, 90, 0]
			},
			{
				"name": "bone100",
				"parent": "piece2",
				"pivot": [-14, 6, 8],
				"rotation": [10, 0, -10],
				"cubes": [
					{"origin": [-14.10812, 3.94305, 19.82145], "size": [1, 3, 0], "uv": [85, 6]}
				]
			},
			{
				"name": "bone101",
				"parent": "piece2",
				"pivot": [-14, 6, 8],
				"rotation": [10, 0, 10],
				"cubes": [
					{"origin": [-14.12611, 4.07603, 19.8449], "size": [1, 3, 0], "uv": [85, 3]}
				]
			},
			{
				"name": "piece3",
				"parent": "crystal",
				"pivot": [-14, 6, 8],
				"rotation": [0, -90, 0]
			},
			{
				"name": "bone102",
				"parent": "piece3",
				"pivot": [-14, 6, 8],
				"rotation": [10, 0, -10],
				"cubes": [
					{"origin": [-14.87389, 8.41724, -4.77535], "size": [1, 3, 0], "uv": [85, 0]}
				]
			},
			{
				"name": "bone103",
				"parent": "piece3",
				"pivot": [-14, 6, 8],
				"rotation": [10, 0, 10],
				"cubes": [
					{"origin": [-14.89188, 8.28427, -4.7988], "size": [1, 3, 0], "uv": [84, 82]}
				]
			},
			{
				"name": "piece4",
				"parent": "crystal",
				"pivot": [-14, 6, 8],
				"rotation": [0, 180, 0]
			},
			{
				"name": "bone104",
				"parent": "piece4",
				"pivot": [-14, 6, 8],
				"rotation": [10, 0, -10],
				"cubes": [
					{"origin": [-26.80113, 8.25026, 8.28286], "size": [1, 3, 0], "uv": [84, 79]}
				]
			},
			{
				"name": "bone105",
				"parent": "piece4",
				"pivot": [-14, 6, 8],
				"rotation": [10, 0, 10],
				"cubes": [
					{"origin": [-26.81912, 3.975, 7.52902], "size": [1, 3, 0], "uv": [84, 76]}
				]
			},
			{
				"name": "piece5",
				"parent": "crystal",
				"pivot": [-14, 6, 8],
				"rotation": [180, 0, 0]
			},
			{
				"name": "bone106",
				"parent": "piece5",
				"pivot": [-14, 6, 8],
				"rotation": [10, 0, -10],
				"cubes": [
					{"origin": [-3.19409, -1.68391, 6.5312], "size": [1, 3, 0], "uv": [72, 84]}
				]
			},
			{
				"name": "bone107",
				"parent": "piece5",
				"pivot": [-14, 6, 8],
				"rotation": [10, 0, 10],
				"cubes": [
					{"origin": [-1.18566, 2.59135, 7.28504], "size": [1, 3, 0], "uv": [70, 84]}
				]
			},
			{
				"name": "piece6",
				"parent": "crystal",
				"pivot": [-14, 6, 8],
				"rotation": [180, -90, 0]
			},
			{
				"name": "bone108",
				"parent": "piece6",
				"pivot": [-14, 6, 8],
				"rotation": [10, 0, -10],
				"cubes": [
					{"origin": [-15.8871, -1.58289, 18.84708], "size": [1, 3, 0], "uv": [84, 68]}
				]
			},
			{
				"name": "bone109",
				"parent": "piece6",
				"pivot": [-14, 6, 8],
				"rotation": [10, 0, 10],
				"cubes": [
					{"origin": [-13.87867, -1.71586, 18.82364], "size": [1, 3, 0], "uv": [68, 84]}
				]
			},
			{
				"name": "piece7",
				"parent": "crystal",
				"pivot": [-14, 6, 8],
				"rotation": [180, 180, 0]
			},
			{
				"name": "bone110",
				"parent": "piece7",
				"pivot": [-14, 6, 8],
				"rotation": [10, 0, -10],
				"cubes": [
					{"origin": [-27.81434, 2.72638, 6.51927], "size": [1, 3, 0], "uv": [66, 84]}
				]
			},
			{
				"name": "bone111",
				"parent": "piece7",
				"pivot": [-14, 6, 8],
				"rotation": [10, 0, 10],
				"cubes": [
					{"origin": [-25.80591, -1.54889, 5.76542], "size": [1, 3, 0], "uv": [84, 65]}
				]
			},
			{
				"name": "piece8",
				"parent": "crystal",
				"pivot": [-14, 6, 8],
				"rotation": [180, 90, 0]
			},
			{
				"name": "bone112",
				"parent": "piece8",
				"pivot": [-14, 6, 8],
				"rotation": [10, 0, -10],
				"cubes": [
					{"origin": [-15.12133, 2.62535, -5.79662], "size": [1, 3, 0], "uv": [64, 84]}
				]
			},
			{
				"name": "bone113",
				"parent": "piece8",
				"pivot": [-14, 6, 8],
				"rotation": [10, 0, 10],
				"cubes": [
					{"origin": [-13.1129, 2.75833, -5.77317], "size": [1, 3, 0], "uv": [84, 62]}
				]
			},
			{
				"name": "crystal2",
				"parent": "wingLeft",
				"pivot": [-14, 7, 11],
				"cubes": [
					{"origin": [-1.99997, 7.00706, 10.11121], "size": [1, 0, 1], "uv": [39, 0]},
					{"origin": [-1.99899, 12.82597, 10.11118], "size": [1, 0, 1], "uv": [37, 23]}
				]
			},
			{
				"name": "piece9",
				"parent": "crystal2",
				"pivot": [-14, 7, 11]
			},
			{
				"name": "bone114",
				"parent": "piece9",
				"pivot": [-14, 7, 11],
				"rotation": [10, 0, -10],
				"cubes": [
					{"origin": [-2.18088, 5.11003, 9.76324], "size": [1, 3, 0], "uv": [62, 84]}
				]
			},
			{
				"name": "bone115",
				"parent": "piece9",
				"pivot": [-14, 7, 11],
				"rotation": [10, 0, 10],
				"cubes": [
					{"origin": [-2.19887, 9.38529, 10.51709], "size": [1, 3, 0], "uv": [60, 84]}
				]
			},
			{
				"name": "piece10",
				"parent": "crystal2",
				"pivot": [-14, 7, 11],
				"rotation": [0, 90, 0]
			},
			{
				"name": "bone116",
				"parent": "piece10",
				"pivot": [-14, 7, 11],
				"rotation": [10, 0, -10],
				"cubes": [
					{"origin": [-14.10812, 4.94305, 22.82145], "size": [1, 3, 0], "uv": [58, 84]}
				]
			},
			{
				"name": "bone117",
				"parent": "piece10",
				"pivot": [-14, 7, 11],
				"rotation": [10, 0, 10],
				"cubes": [
					{"origin": [-14.12611, 5.07603, 22.8449], "size": [1, 3, 0], "uv": [84, 57]}
				]
			},
			{
				"name": "piece11",
				"parent": "crystal2",
				"pivot": [-14, 7, 11],
				"rotation": [0, -90, 0]
			},
			{
				"name": "bone118",
				"parent": "piece11",
				"pivot": [-14, 7, 11],
				"rotation": [10, 0, -10],
				"cubes": [
					{"origin": [-14.87389, 9.41724, -1.77535], "size": [1, 3, 0], "uv": [56, 84]}
				]
			},
			{
				"name": "bone119",
				"parent": "piece11",
				"pivot": [-14, 7, 11],
				"rotation": [10, 0, 10],
				"cubes": [
					{"origin": [-14.89188, 9.28427, -1.7988], "size": [1, 3, 0], "uv": [54, 84]}
				]
			},
			{
				"name": "piece12",
				"parent": "crystal2",
				"pivot": [-14, 7, 11],
				"rotation": [0, 180, 0]
			},
			{
				"name": "bone120",
				"parent": "piece12",
				"pivot": [-14, 7, 11],
				"rotation": [10, 0, -10],
				"cubes": [
					{"origin": [-26.80113, 9.25026, 11.28286], "size": [1, 3, 0], "uv": [84, 52]}
				]
			},
			{
				"name": "bone121",
				"parent": "piece12",
				"pivot": [-14, 7, 11],
				"rotation": [10, 0, 10],
				"cubes": [
					{"origin": [-26.81912, 4.975, 10.52902], "size": [1, 3, 0], "uv": [84, 40]}
				]
			},
			{
				"name": "piece13",
				"parent": "crystal2",
				"pivot": [-14, 7, 11],
				"rotation": [180, 0, 0]
			},
			{
				"name": "bone122",
				"parent": "piece13",
				"pivot": [-14, 7, 11],
				"rotation": [10, 0, -10],
				"cubes": [
					{"origin": [-3.19409, -0.68391, 9.5312], "size": [1, 3, 0], "uv": [84, 37]}
				]
			},
			{
				"name": "bone123",
				"parent": "piece13",
				"pivot": [-14, 7, 11],
				"rotation": [10, 0, 10],
				"cubes": [
					{"origin": [-1.18566, 3.59135, 10.28504], "size": [1, 3, 0], "uv": [84, 34]}
				]
			},
			{
				"name": "piece14",
				"parent": "crystal2",
				"pivot": [-14, 7, 11],
				"rotation": [180, -90, 0]
			},
			{
				"name": "bone124",
				"parent": "piece14",
				"pivot": [-14, 7, 11],
				"rotation": [10, 0, -10],
				"cubes": [
					{"origin": [-15.8871, -0.58289, 21.84708], "size": [1, 3, 0], "uv": [84, 28]}
				]
			},
			{
				"name": "bone125",
				"parent": "piece14",
				"pivot": [-14, 7, 11],
				"rotation": [10, 0, 10],
				"cubes": [
					{"origin": [-13.87867, -0.71586, 21.82364], "size": [1, 3, 0], "uv": [28, 84]}
				]
			},
			{
				"name": "piece15",
				"parent": "crystal2",
				"pivot": [-14, 7, 11],
				"rotation": [180, 180, 0]
			},
			{
				"name": "bone249",
				"parent": "piece15",
				"pivot": [-14, 7, 11],
				"rotation": [10, 0, -10],
				"cubes": [
					{"origin": [-27.81434, 3.72638, 9.51927], "size": [1, 3, 0], "uv": [26, 84]}
				]
			},
			{
				"name": "bone250",
				"parent": "piece15",
				"pivot": [-14, 7, 11],
				"rotation": [10, 0, 10],
				"cubes": [
					{"origin": [-25.80591, -0.54889, 8.76542], "size": [1, 3, 0], "uv": [84, 25]}
				]
			},
			{
				"name": "piece16",
				"parent": "crystal2",
				"pivot": [-14, 7, 11],
				"rotation": [180, 90, 0]
			},
			{
				"name": "bone251",
				"parent": "piece16",
				"pivot": [-14, 7, 11],
				"rotation": [10, 0, -10],
				"cubes": [
					{"origin": [-15.12133, 3.62535, -2.79662], "size": [1, 3, 0], "uv": [24, 84]}
				]
			},
			{
				"name": "bone252",
				"parent": "piece16",
				"pivot": [-14, 7, 11],
				"rotation": [10, 0, 10],
				"cubes": [
					{"origin": [-13.1129, 3.75833, -2.77317], "size": [1, 3, 0], "uv": [84, 22]}
				]
			},
			{
				"name": "crystal3",
				"parent": "wingLeft",
				"pivot": [-14, 10, 14],
				"cubes": [
					{"origin": [-1.99997, 10.00706, 13.11121], "size": [1, 0, 1], "uv": [34, 28]},
					{"origin": [-1.99899, 15.82597, 13.11118], "size": [1, 0, 1], "uv": [32, 19]}
				]
			},
			{
				"name": "piece17",
				"parent": "crystal3",
				"pivot": [-14, 10, 14]
			},
			{
				"name": "bone253",
				"parent": "piece17",
				"pivot": [-14, 10, 14],
				"rotation": [10, 0, -10],
				"cubes": [
					{"origin": [-2.18088, 8.11003, 12.76324], "size": [1, 3, 0], "uv": [22, 84]}
				]
			},
			{
				"name": "bone254",
				"parent": "piece17",
				"pivot": [-14, 10, 14],
				"rotation": [10, 0, 10],
				"cubes": [
					{"origin": [-2.19887, 12.38529, 13.51709], "size": [1, 3, 0], "uv": [20, 84]}
				]
			},
			{
				"name": "piece18",
				"parent": "crystal3",
				"pivot": [-14, 10, 14],
				"rotation": [0, 90, 0]
			},
			{
				"name": "bone255",
				"parent": "piece18",
				"pivot": [-14, 10, 14],
				"rotation": [10, 0, -10],
				"cubes": [
					{"origin": [-14.10812, 7.94305, 25.82145], "size": [1, 3, 0], "uv": [84, 19]}
				]
			},
			{
				"name": "bone256",
				"parent": "piece18",
				"pivot": [-14, 10, 14],
				"rotation": [10, 0, 10],
				"cubes": [
					{"origin": [-14.12611, 8.07603, 25.8449], "size": [1, 3, 0], "uv": [18, 84]}
				]
			},
			{
				"name": "piece19",
				"parent": "crystal3",
				"pivot": [-14, 10, 14],
				"rotation": [0, -90, 0]
			},
			{
				"name": "bone257",
				"parent": "piece19",
				"pivot": [-14, 10, 14],
				"rotation": [10, 0, -10],
				"cubes": [
					{"origin": [-14.87389, 12.41724, 1.22465], "size": [1, 3, 0], "uv": [84, 16]}
				]
			},
			{
				"name": "bone258",
				"parent": "piece19",
				"pivot": [-14, 10, 14],
				"rotation": [10, 0, 10],
				"cubes": [
					{"origin": [-14.89188, 12.28427, 1.2012], "size": [1, 3, 0], "uv": [16, 84]}
				]
			},
			{
				"name": "piece20",
				"parent": "crystal3",
				"pivot": [-14, 10, 14],
				"rotation": [0, 180, 0]
			},
			{
				"name": "bone259",
				"parent": "piece20",
				"pivot": [-14, 10, 14],
				"rotation": [10, 0, -10],
				"cubes": [
					{"origin": [-26.80113, 12.25026, 14.28286], "size": [1, 3, 0], "uv": [83, 13]}
				]
			},
			{
				"name": "bone260",
				"parent": "piece20",
				"pivot": [-14, 10, 14],
				"rotation": [10, 0, 10],
				"cubes": [
					{"origin": [-26.81912, 7.975, 13.52902], "size": [1, 3, 0], "uv": [83, 10]}
				]
			},
			{
				"name": "piece21",
				"parent": "crystal3",
				"pivot": [-14, 10, 14],
				"rotation": [180, 0, 0]
			},
			{
				"name": "bone261",
				"parent": "piece21",
				"pivot": [-14, 10, 14],
				"rotation": [10, 0, -10],
				"cubes": [
					{"origin": [-3.19409, 2.31609, 12.5312], "size": [1, 3, 0], "uv": [6, 83]}
				]
			},
			{
				"name": "bone262",
				"parent": "piece21",
				"pivot": [-14, 10, 14],
				"rotation": [10, 0, 10],
				"cubes": [
					{"origin": [-1.18566, 6.59135, 13.28504], "size": [1, 3, 0], "uv": [4, 83]}
				]
			},
			{
				"name": "piece22",
				"parent": "crystal3",
				"pivot": [-14, 10, 14],
				"rotation": [180, -90, 0]
			},
			{
				"name": "bone263",
				"parent": "piece22",
				"pivot": [-14, 10, 14],
				"rotation": [10, 0, -10],
				"cubes": [
					{"origin": [-15.8871, 2.41711, 24.84708], "size": [1, 3, 0], "uv": [2, 83]}
				]
			},
			{
				"name": "bone264",
				"parent": "piece22",
				"pivot": [-14, 10, 14],
				"rotation": [10, 0, 10],
				"cubes": [
					{"origin": [-13.87867, 2.28414, 24.82364], "size": [1, 3, 0], "uv": [83, 0]}
				]
			},
			{
				"name": "piece23",
				"parent": "crystal3",
				"pivot": [-14, 10, 14],
				"rotation": [180, 180, 0]
			},
			{
				"name": "bone265",
				"parent": "piece23",
				"pivot": [-14, 10, 14],
				"rotation": [10, 0, -10],
				"cubes": [
					{"origin": [-27.81434, 6.72638, 12.51927], "size": [1, 3, 0], "uv": [0, 83]}
				]
			},
			{
				"name": "bone266",
				"parent": "piece23",
				"pivot": [-14, 10, 14],
				"rotation": [10, 0, 10],
				"cubes": [
					{"origin": [-25.80591, 2.45111, 11.76542], "size": [1, 3, 0], "uv": [82, 82]}
				]
			},
			{
				"name": "piece24",
				"parent": "crystal3",
				"pivot": [-14, 10, 14],
				"rotation": [180, 90, 0]
			},
			{
				"name": "bone267",
				"parent": "piece24",
				"pivot": [-14, 10, 14],
				"rotation": [10, 0, -10],
				"cubes": [
					{"origin": [-15.12133, 6.62535, 0.20338], "size": [1, 3, 0], "uv": [80, 82]}
				]
			},
			{
				"name": "bone268",
				"parent": "piece24",
				"pivot": [-14, 10, 14],
				"rotation": [10, 0, 10],
				"cubes": [
					{"origin": [-13.1129, 6.75833, 0.22683], "size": [1, 3, 0], "uv": [78, 82]}
				]
			},
			{
				"name": "crystal4",
				"parent": "wingLeft",
				"pivot": [-14, 14, 16],
				"cubes": [
					{"origin": [-1.99997, 14.00706, 15.11121], "size": [1, 0, 1], "uv": [32, 10]},
					{"origin": [-1.99899, 19.82597, 15.11118], "size": [1, 0, 1], "uv": [32, 9]}
				]
			},
			{
				"name": "piece25",
				"parent": "crystal4",
				"pivot": [-14, 14, 16]
			},
			{
				"name": "bone269",
				"parent": "piece25",
				"pivot": [-14, 14, 16],
				"rotation": [10, 0, -10],
				"cubes": [
					{"origin": [-2.18088, 12.11003, 14.76324], "size": [1, 3, 0], "uv": [82, 76]}
				]
			},
			{
				"name": "bone270",
				"parent": "piece25",
				"pivot": [-14, 14, 16],
				"rotation": [10, 0, 10],
				"cubes": [
					{"origin": [-2.19887, 16.38529, 15.51709], "size": [1, 3, 0], "uv": [76, 82]}
				]
			},
			{
				"name": "piece26",
				"parent": "crystal4",
				"pivot": [-14, 14, 16],
				"rotation": [0, 90, 0]
			},
			{
				"name": "bone271",
				"parent": "piece26",
				"pivot": [-14, 14, 16],
				"rotation": [10, 0, -10],
				"cubes": [
					{"origin": [-14.10812, 11.94305, 27.82145], "size": [1, 3, 0], "uv": [74, 82]}
				]
			},
			{
				"name": "bone272",
				"parent": "piece26",
				"pivot": [-14, 14, 16],
				"rotation": [10, 0, 10],
				"cubes": [
					{"origin": [-14.12611, 12.07603, 27.8449], "size": [1, 3, 0], "uv": [82, 65]}
				]
			},
			{
				"name": "piece27",
				"parent": "crystal4",
				"pivot": [-14, 14, 16],
				"rotation": [0, -90, 0]
			},
			{
				"name": "bone273",
				"parent": "piece27",
				"pivot": [-14, 14, 16],
				"rotation": [10, 0, -10],
				"cubes": [
					{"origin": [-14.87389, 16.41724, 3.22465], "size": [1, 3, 0], "uv": [82, 62]}
				]
			},
			{
				"name": "bone274",
				"parent": "piece27",
				"pivot": [-14, 14, 16],
				"rotation": [10, 0, 10],
				"cubes": [
					{"origin": [-14.89188, 16.28427, 3.2012], "size": [1, 3, 0], "uv": [82, 40]}
				]
			},
			{
				"name": "piece28",
				"parent": "crystal4",
				"pivot": [-14, 14, 16],
				"rotation": [0, 180, 0]
			},
			{
				"name": "bone275",
				"parent": "piece28",
				"pivot": [-14, 14, 16],
				"rotation": [10, 0, -10],
				"cubes": [
					{"origin": [-26.80113, 16.25026, 16.28286], "size": [1, 3, 0], "uv": [82, 37]}
				]
			},
			{
				"name": "bone276",
				"parent": "piece28",
				"pivot": [-14, 14, 16],
				"rotation": [10, 0, 10],
				"cubes": [
					{"origin": [-26.81912, 11.975, 15.52902], "size": [1, 3, 0], "uv": [82, 34]}
				]
			},
			{
				"name": "piece29",
				"parent": "crystal4",
				"pivot": [-14, 14, 16],
				"rotation": [180, 0, 0]
			},
			{
				"name": "bone277",
				"parent": "piece29",
				"pivot": [-14, 14, 16],
				"rotation": [10, 0, -10],
				"cubes": [
					{"origin": [-3.19409, 6.31609, 14.5312], "size": [1, 3, 0], "uv": [82, 16]}
				]
			},
			{
				"name": "bone278",
				"parent": "piece29",
				"pivot": [-14, 14, 16],
				"rotation": [10, 0, 10],
				"cubes": [
					{"origin": [-1.18566, 10.59135, 15.28504], "size": [1, 3, 0], "uv": [72, 81]}
				]
			},
			{
				"name": "piece30",
				"parent": "crystal4",
				"pivot": [-14, 14, 16],
				"rotation": [180, -90, 0]
			},
			{
				"name": "bone279",
				"parent": "piece30",
				"pivot": [-14, 14, 16],
				"rotation": [10, 0, -10],
				"cubes": [
					{"origin": [-15.8871, 6.41711, 26.84708], "size": [1, 3, 0], "uv": [70, 81]}
				]
			},
			{
				"name": "bone280",
				"parent": "piece30",
				"pivot": [-14, 14, 16],
				"rotation": [10, 0, 10],
				"cubes": [
					{"origin": [-13.87867, 6.28414, 26.82364], "size": [1, 3, 0], "uv": [68, 81]}
				]
			},
			{
				"name": "piece31",
				"parent": "crystal4",
				"pivot": [-14, 14, 16],
				"rotation": [180, 180, 0]
			},
			{
				"name": "bone281",
				"parent": "piece31",
				"pivot": [-14, 14, 16],
				"rotation": [10, 0, -10],
				"cubes": [
					{"origin": [-27.81434, 10.72638, 14.51927], "size": [1, 3, 0], "uv": [66, 81]}
				]
			},
			{
				"name": "bone282",
				"parent": "piece31",
				"pivot": [-14, 14, 16],
				"rotation": [10, 0, 10],
				"cubes": [
					{"origin": [-25.80591, 6.45111, 13.76542], "size": [1, 3, 0], "uv": [64, 81]}
				]
			},
			{
				"name": "piece32",
				"parent": "crystal4",
				"pivot": [-14, 14, 16],
				"rotation": [180, 90, 0]
			},
			{
				"name": "bone283",
				"parent": "piece32",
				"pivot": [-14, 14, 16],
				"rotation": [10, 0, -10],
				"cubes": [
					{"origin": [-15.12133, 10.62535, 2.20338], "size": [1, 3, 0], "uv": [62, 81]}
				]
			},
			{
				"name": "bone284",
				"parent": "piece32",
				"pivot": [-14, 14, 16],
				"rotation": [10, 0, 10],
				"cubes": [
					{"origin": [-13.1129, 10.75833, 2.22683], "size": [1, 3, 0], "uv": [60, 81]}
				]
			},
			{
				"name": "crystal5",
				"parent": "wingLeft",
				"pivot": [-14, 12, 19],
				"cubes": [
					{"origin": [-1.99997, 12.00706, 18.11121], "size": [1, 0, 1], "uv": [30, 19]},
					{"origin": [-1.99899, 17.82597, 18.11118], "size": [1, 0, 1], "uv": [28, 19]}
				]
			},
			{
				"name": "piece33",
				"parent": "crystal5",
				"pivot": [-14, 12, 19]
			},
			{
				"name": "bone285",
				"parent": "piece33",
				"pivot": [-14, 12, 19],
				"rotation": [10, 0, -10],
				"cubes": [
					{"origin": [-2.18088, 10.11003, 17.76324], "size": [1, 3, 0], "uv": [58, 81]}
				]
			},
			{
				"name": "bone286",
				"parent": "piece33",
				"pivot": [-14, 12, 19],
				"rotation": [10, 0, 10],
				"cubes": [
					{"origin": [-2.19887, 14.38529, 18.51709], "size": [1, 3, 0], "uv": [56, 81]}
				]
			},
			{
				"name": "piece34",
				"parent": "crystal5",
				"pivot": [-14, 12, 19],
				"rotation": [0, 90, 0]
			},
			{
				"name": "bone287",
				"parent": "piece34",
				"pivot": [-14, 12, 19],
				"rotation": [10, 0, -10],
				"cubes": [
					{"origin": [-14.10812, 9.94305, 30.82145], "size": [1, 3, 0], "uv": [54, 81]}
				]
			},
			{
				"name": "bone288",
				"parent": "piece34",
				"pivot": [-14, 12, 19],
				"rotation": [10, 0, 10],
				"cubes": [
					{"origin": [-14.12611, 10.07603, 30.8449], "size": [1, 3, 0], "uv": [20, 81]}
				]
			},
			{
				"name": "piece35",
				"parent": "crystal5",
				"pivot": [-14, 12, 19],
				"rotation": [0, -90, 0]
			},
			{
				"name": "bone289",
				"parent": "piece35",
				"pivot": [-14, 12, 19],
				"rotation": [10, 0, -10],
				"cubes": [
					{"origin": [-14.87389, 14.41724, 6.22465], "size": [1, 3, 0], "uv": [18, 81]}
				]
			},
			{
				"name": "bone290",
				"parent": "piece35",
				"pivot": [-14, 12, 19],
				"rotation": [10, 0, 10],
				"cubes": [
					{"origin": [-14.89188, 14.28427, 6.2012], "size": [1, 3, 0], "uv": [16, 81]}
				]
			},
			{
				"name": "piece36",
				"parent": "crystal5",
				"pivot": [-14, 12, 19],
				"rotation": [0, 180, 0]
			},
			{
				"name": "bone291",
				"parent": "piece36",
				"pivot": [-14, 12, 19],
				"rotation": [10, 0, -10],
				"cubes": [
					{"origin": [-26.80113, 14.25026, 19.28286], "size": [1, 3, 0], "uv": [81, 13]}
				]
			},
			{
				"name": "bone292",
				"parent": "piece36",
				"pivot": [-14, 12, 19],
				"rotation": [10, 0, 10],
				"cubes": [
					{"origin": [-26.81912, 9.975, 18.52902], "size": [1, 3, 0], "uv": [81, 10]}
				]
			},
			{
				"name": "piece37",
				"parent": "crystal5",
				"pivot": [-14, 12, 19],
				"rotation": [180, 0, 0]
			},
			{
				"name": "bone293",
				"parent": "piece37",
				"pivot": [-14, 12, 19],
				"rotation": [10, 0, -10],
				"cubes": [
					{"origin": [-3.19409, 4.31609, 17.5312], "size": [1, 3, 0], "uv": [80, 76]}
				]
			},
			{
				"name": "bone294",
				"parent": "piece37",
				"pivot": [-14, 12, 19],
				"rotation": [10, 0, 10],
				"cubes": [
					{"origin": [-1.18566, 8.59135, 18.28504], "size": [1, 3, 0], "uv": [80, 62]}
				]
			},
			{
				"name": "piece38",
				"parent": "crystal5",
				"pivot": [-14, 12, 19],
				"rotation": [180, -90, 0]
			},
			{
				"name": "bone295",
				"parent": "piece38",
				"pivot": [-14, 12, 19],
				"rotation": [10, 0, -10],
				"cubes": [
					{"origin": [-15.8871, 4.41711, 29.84708], "size": [1, 3, 0], "uv": [80, 57]}
				]
			},
			{
				"name": "bone296",
				"parent": "piece38",
				"pivot": [-14, 12, 19],
				"rotation": [10, 0, 10],
				"cubes": [
					{"origin": [-13.87867, 4.28414, 29.82364], "size": [1, 3, 0], "uv": [80, 27]}
				]
			},
			{
				"name": "piece39",
				"parent": "crystal5",
				"pivot": [-14, 12, 19],
				"rotation": [180, 180, 0]
			},
			{
				"name": "bone297",
				"parent": "piece39",
				"pivot": [-14, 12, 19],
				"rotation": [10, 0, -10],
				"cubes": [
					{"origin": [-27.81434, 8.72638, 17.51927], "size": [1, 3, 0], "uv": [6, 80]}
				]
			},
			{
				"name": "bone298",
				"parent": "piece39",
				"pivot": [-14, 12, 19],
				"rotation": [10, 0, 10],
				"cubes": [
					{"origin": [-25.80591, 4.45111, 16.76542], "size": [1, 3, 0], "uv": [4, 80]}
				]
			},
			{
				"name": "piece40",
				"parent": "crystal5",
				"pivot": [-14, 12, 19],
				"rotation": [180, 90, 0]
			},
			{
				"name": "bone299",
				"parent": "piece40",
				"pivot": [-14, 12, 19],
				"rotation": [10, 0, -10],
				"cubes": [
					{"origin": [-15.12133, 8.62535, 5.20338], "size": [1, 3, 0], "uv": [2, 80]}
				]
			},
			{
				"name": "bone300",
				"parent": "piece40",
				"pivot": [-14, 12, 19],
				"rotation": [10, 0, 10],
				"cubes": [
					{"origin": [-13.1129, 8.75833, 5.22683], "size": [1, 3, 0], "uv": [0, 80]}
				]
			},
			{
				"name": "crystal6",
				"parent": "wingLeft",
				"pivot": [-14, 9, 22],
				"cubes": [
					{"origin": [-1.99997, 9.00706, 21.11121], "size": [1, 0, 1], "uv": [26, 19]},
					{"origin": [-1.99899, 14.82597, 21.11118], "size": [1, 0, 1], "uv": [2, 23]}
				]
			},
			{
				"name": "piece41",
				"parent": "crystal6",
				"pivot": [-14, 9, 22]
			},
			{
				"name": "bone301",
				"parent": "piece41",
				"pivot": [-14, 9, 22],
				"rotation": [10, 0, -10],
				"cubes": [
					{"origin": [-2.18088, 7.11003, 20.76324], "size": [1, 3, 0], "uv": [79, 13]}
				]
			},
			{
				"name": "bone302",
				"parent": "piece41",
				"pivot": [-14, 9, 22],
				"rotation": [10, 0, 10],
				"cubes": [
					{"origin": [-2.19887, 11.38529, 21.51709], "size": [1, 3, 0], "uv": [79, 10]}
				]
			},
			{
				"name": "piece42",
				"parent": "crystal6",
				"pivot": [-14, 9, 22],
				"rotation": [0, 90, 0]
			},
			{
				"name": "bone303",
				"parent": "piece42",
				"pivot": [-14, 9, 22],
				"rotation": [10, 0, -10],
				"cubes": [
					{"origin": [-14.10812, 6.94305, 33.82145], "size": [1, 3, 0], "uv": [78, 57]}
				]
			},
			{
				"name": "bone304",
				"parent": "piece42",
				"pivot": [-14, 9, 22],
				"rotation": [10, 0, 10],
				"cubes": [
					{"origin": [-14.12611, 7.07603, 33.8449], "size": [1, 3, 0], "uv": [78, 27]}
				]
			},
			{
				"name": "piece43",
				"parent": "crystal6",
				"pivot": [-14, 9, 22],
				"rotation": [0, -90, 0]
			},
			{
				"name": "bone305",
				"parent": "piece43",
				"pivot": [-14, 9, 22],
				"rotation": [10, 0, -10],
				"cubes": [
					{"origin": [-14.87389, 11.41724, 9.22465], "size": [1, 3, 0], "uv": [20, 78]}
				]
			},
			{
				"name": "bone306",
				"parent": "piece43",
				"pivot": [-14, 9, 22],
				"rotation": [10, 0, 10],
				"cubes": [
					{"origin": [-14.89188, 11.28427, 9.2012], "size": [1, 3, 0], "uv": [18, 78]}
				]
			},
			{
				"name": "piece44",
				"parent": "crystal6",
				"pivot": [-14, 9, 22],
				"rotation": [0, 180, 0]
			},
			{
				"name": "bone307",
				"parent": "piece44",
				"pivot": [-14, 9, 22],
				"rotation": [10, 0, -10],
				"cubes": [
					{"origin": [-26.80113, 11.25026, 22.28286], "size": [1, 3, 0], "uv": [16, 78]}
				]
			},
			{
				"name": "bone308",
				"parent": "piece44",
				"pivot": [-14, 9, 22],
				"rotation": [10, 0, 10],
				"cubes": [
					{"origin": [-26.81912, 6.975, 21.52902], "size": [1, 3, 0], "uv": [76, 43]}
				]
			},
			{
				"name": "piece45",
				"parent": "crystal6",
				"pivot": [-14, 9, 22],
				"rotation": [180, 0, 0]
			},
			{
				"name": "bone309",
				"parent": "piece45",
				"pivot": [-14, 9, 22],
				"rotation": [10, 0, -10],
				"cubes": [
					{"origin": [-3.19409, 1.31609, 20.5312], "size": [1, 3, 0], "uv": [22, 74]}
				]
			},
			{
				"name": "bone310",
				"parent": "piece45",
				"pivot": [-14, 9, 22],
				"rotation": [10, 0, 10],
				"cubes": [
					{"origin": [-1.18566, 5.59135, 21.28504], "size": [1, 3, 0], "uv": [73, 21]}
				]
			},
			{
				"name": "piece46",
				"parent": "crystal6",
				"pivot": [-14, 9, 22],
				"rotation": [180, -90, 0]
			},
			{
				"name": "bone311",
				"parent": "piece46",
				"pivot": [-14, 9, 22],
				"rotation": [10, 0, -10],
				"cubes": [
					{"origin": [-15.8871, 1.41711, 32.84708], "size": [1, 3, 0], "uv": [73, 18]}
				]
			},
			{
				"name": "bone312",
				"parent": "piece46",
				"pivot": [-14, 9, 22],
				"rotation": [10, 0, 10],
				"cubes": [
					{"origin": [-13.87867, 1.28414, 32.82364], "size": [1, 3, 0], "uv": [12, 73]}
				]
			},
			{
				"name": "piece47",
				"parent": "crystal6",
				"pivot": [-14, 9, 22],
				"rotation": [180, 180, 0]
			},
			{
				"name": "bone313",
				"parent": "piece47",
				"pivot": [-14, 9, 22],
				"rotation": [10, 0, -10],
				"cubes": [
					{"origin": [-27.81434, 5.72638, 20.51927], "size": [1, 3, 0], "uv": [44, 71]}
				]
			},
			{
				"name": "bone314",
				"parent": "piece47",
				"pivot": [-14, 9, 22],
				"rotation": [10, 0, 10],
				"cubes": [
					{"origin": [-25.80591, 1.45111, 19.76542], "size": [1, 3, 0], "uv": [26, 71]}
				]
			},
			{
				"name": "piece48",
				"parent": "crystal6",
				"pivot": [-14, 9, 22],
				"rotation": [180, 90, 0]
			},
			{
				"name": "bone315",
				"parent": "piece48",
				"pivot": [-14, 9, 22],
				"rotation": [10, 0, -10],
				"cubes": [
					{"origin": [-15.12133, 5.62535, 8.20338], "size": [1, 3, 0], "uv": [54, 70]}
				]
			},
			{
				"name": "bone316",
				"parent": "piece48",
				"pivot": [-14, 9, 22],
				"rotation": [10, 0, 10],
				"cubes": [
					{"origin": [-13.1129, 5.75833, 8.22683], "size": [1, 3, 0], "uv": [44, 68]}
				]
			},
			{
				"name": "crystal7",
				"parent": "wingLeft",
				"pivot": [-14, 5, 24],
				"cubes": [
					{"origin": [-1.99997, 5.00706, 23.11121], "size": [1, 0, 1], "uv": [5, 12]},
					{"origin": [-1.99899, 10.82597, 23.11118], "size": [1, 0, 1], "uv": [5, 11]}
				]
			},
			{
				"name": "piece49",
				"parent": "crystal7",
				"pivot": [-14, 5, 24]
			},
			{
				"name": "bone317",
				"parent": "piece49",
				"pivot": [-14, 5, 24],
				"rotation": [10, 0, -10],
				"cubes": [
					{"origin": [-2.18088, 3.11003, 22.76324], "size": [1, 3, 0], "uv": [67, 56]}
				]
			},
			{
				"name": "bone318",
				"parent": "piece49",
				"pivot": [-14, 5, 24],
				"rotation": [10, 0, 10],
				"cubes": [
					{"origin": [-2.19887, 7.38529, 23.51709], "size": [1, 3, 0], "uv": [67, 47]}
				]
			},
			{
				"name": "piece50",
				"parent": "crystal7",
				"pivot": [-14, 5, 24],
				"rotation": [0, 90, 0]
			},
			{
				"name": "bone319",
				"parent": "piece50",
				"pivot": [-14, 5, 24],
				"rotation": [10, 0, -10],
				"cubes": [
					{"origin": [-14.10812, 2.94305, 35.82145], "size": [1, 3, 0], "uv": [45, 61]}
				]
			},
			{
				"name": "bone320",
				"parent": "piece50",
				"pivot": [-14, 5, 24],
				"rotation": [10, 0, 10],
				"cubes": [
					{"origin": [-14.12611, 3.07603, 35.8449], "size": [1, 3, 0], "uv": [58, 47]}
				]
			},
			{
				"name": "piece51",
				"parent": "crystal7",
				"pivot": [-14, 5, 24],
				"rotation": [0, -90, 0]
			},
			{
				"name": "bone321",
				"parent": "piece51",
				"pivot": [-14, 5, 24],
				"rotation": [10, 0, -10],
				"cubes": [
					{"origin": [-14.87389, 7.41724, 11.22465], "size": [1, 3, 0], "uv": [48, 56]}
				]
			},
			{
				"name": "bone322",
				"parent": "piece51",
				"pivot": [-14, 5, 24],
				"rotation": [10, 0, 10],
				"cubes": [
					{"origin": [-14.89188, 7.28427, 11.2012], "size": [1, 3, 0], "uv": [21, 54]}
				]
			},
			{
				"name": "piece52",
				"parent": "crystal7",
				"pivot": [-14, 5, 24],
				"rotation": [0, 180, 0]
			},
			{
				"name": "bone323",
				"parent": "piece52",
				"pivot": [-14, 5, 24],
				"rotation": [10, 0, -10],
				"cubes": [
					{"origin": [-26.80113, 7.25026, 24.28286], "size": [1, 3, 0], "uv": [16, 54]}
				]
			},
			{
				"name": "bone324",
				"parent": "piece52",
				"pivot": [-14, 5, 24],
				"rotation": [10, 0, 10],
				"cubes": [
					{"origin": [-26.81912, 2.975, 23.52902], "size": [1, 3, 0], "uv": [49, 47]}
				]
			},
			{
				"name": "piece53",
				"parent": "crystal7",
				"pivot": [-14, 5, 24],
				"rotation": [180, 0, 0]
			},
			{
				"name": "bone325",
				"parent": "piece53",
				"pivot": [-14, 5, 24],
				"rotation": [10, 0, -10],
				"cubes": [
					{"origin": [-3.19409, -2.68391, 22.5312], "size": [1, 3, 0], "uv": [42, 46]}
				]
			},
			{
				"name": "bone326",
				"parent": "piece53",
				"pivot": [-14, 5, 24],
				"rotation": [10, 0, 10],
				"cubes": [
					{"origin": [-1.18566, 1.59135, 23.28504], "size": [1, 3, 0], "uv": [46, 34]}
				]
			},
			{
				"name": "piece54",
				"parent": "crystal7",
				"pivot": [-14, 5, 24],
				"rotation": [180, -90, 0]
			},
			{
				"name": "bone327",
				"parent": "piece54",
				"pivot": [-14, 5, 24],
				"rotation": [10, 0, -10],
				"cubes": [
					{"origin": [-15.8871, -2.58289, 34.84708], "size": [1, 3, 0], "uv": [44, 28]}
				]
			},
			{
				"name": "bone328",
				"parent": "piece54",
				"pivot": [-14, 5, 24],
				"rotation": [10, 0, 10],
				"cubes": [
					{"origin": [-13.87867, -2.71586, 34.82364], "size": [1, 3, 0], "uv": [33, 23]}
				]
			},
			{
				"name": "piece55",
				"parent": "crystal7",
				"pivot": [-14, 5, 24],
				"rotation": [180, 180, 0]
			},
			{
				"name": "bone329",
				"parent": "piece55",
				"pivot": [-14, 5, 24],
				"rotation": [10, 0, -10],
				"cubes": [
					{"origin": [-27.81434, 1.72638, 22.51927], "size": [1, 3, 0], "uv": [33, 6]}
				]
			},
			{
				"name": "bone330",
				"parent": "piece55",
				"pivot": [-14, 5, 24],
				"rotation": [10, 0, 10],
				"cubes": [
					{"origin": [-25.80591, -2.54889, 21.76542], "size": [1, 3, 0], "uv": [33, 3]}
				]
			},
			{
				"name": "piece56",
				"parent": "crystal7",
				"pivot": [-14, 5, 24],
				"rotation": [180, 90, 0]
			},
			{
				"name": "bone331",
				"parent": "piece56",
				"pivot": [-14, 5, 24],
				"rotation": [10, 0, -10],
				"cubes": [
					{"origin": [-15.12133, 1.62535, 10.20338], "size": [1, 3, 0], "uv": [28, 23]}
				]
			},
			{
				"name": "bone332",
				"parent": "piece56",
				"pivot": [-14, 5, 24],
				"rotation": [10, 0, 10],
				"cubes": [
					{"origin": [-13.1129, 1.75833, 10.22683], "size": [1, 3, 0], "uv": [0, 0]}
				]
			}
		]
	}
}