{
	"format_version": "1.10.0",
	"geometry.model": {
		"texturewidth": 128,
		"textureheight": 128,
		"visible_bounds_width": 4,
		"visible_bounds_height": 4,
		"visible_bounds_offset": [0, 1, 0],
		"bones": [
			{
				"name": "head",
				"pivot": [0, 18, 0],
				"cubes": [
					{"origin": [-4, 18, -4], "size": [8, 8, 8], "uv": [24, 20]},
					{"origin": [-4, 18, -4], "size": [8, 8, 8], "uv": [0, 12], "inflate": 0.1}
				]
			},
			{
				"name": "blink",
				"parent": "head",
				"pivot": [0, 18, 0],
				"cubes": [
					{"origin": [-4, 18, -4.001], "size": [8, 8, 0], "uv": [0, 48]}
				]
			},
			{
				"name": "cf",
				"parent": "head",
				"pivot": [0, 18, 0]
			},
			{
				"name": "bone87",
				"parent": "cf",
				"pivot": [0, 18, 0],
				"rotation": [-7.5, 0, 0],
				"cubes": [
					{"origin": [3, 12, -4], "size": [1, 6, 0], "uv": [4, 28]},
					{"origin": [-4, 12, -4], "size": [1, 6, 0], "uv": [22, 28]}
				]
			},
			{
				"name": "hair",
				"parent": "head",
				"pivot": [0, 18, 0]
			},
			{
				"name": "bone93",
				"parent": "hair",
				"pivot": [-4, 18, 0],
				"rotation": [0, 0, 2.5],
				"cubes": [
					{"origin": [-4, 10, 3], "size": [0, 8, 1], "uv": [16, 42]}
				]
			},
			{
				"name": "bone94",
				"parent": "hair",
				"pivot": [-4, 18, 0],
				"rotation": [0, 0, 5],
				"cubes": [
					{"origin": [-4, 10, 2], "size": [0, 8, 1], "uv": [6, 11]}
				]
			},
			{
				"name": "bone103",
				"parent": "hair",
				"pivot": [4, 18, 0],
				"rotation": [0, 0, -5],
				"cubes": [
					{"origin": [4, 10, 2], "size": [0, 8, 1], "uv": [4, 8]}
				]
			},
			{
				"name": "bone147",
				"parent": "hair",
				"pivot": [4, 18, 0],
				"rotation": [0, 0, -2.5],
				"cubes": [
					{"origin": [4, 10, 3], "size": [0, 8, 1], "uv": [4, 0]}
				]
			},
			{
				"name": "bone150",
				"parent": "hair",
				"pivot": [0, 18, 4],
				"rotation": [2.5, 0, 0],
				"cubes": [
					{"origin": [3, 10, 4], "size": [1, 8, 0], "uv": [72, 48]},
					{"origin": [1, 10, 4], "size": [1, 8, 0], "uv": [66, 71]},
					{"origin": [-4, 10, 4], "size": [1, 8, 0], "uv": [64, 71]}
				]
			},
			{
				"name": "bone163",
				"parent": "hair",
				"pivot": [0, 18, 4],
				"rotation": [5, 0, 0],
				"cubes": [
					{"origin": [2, 10, 4], "size": [1, 8, 0], "uv": [60, 63]},
					{"origin": [0, 10, 4], "size": [1, 8, 0], "uv": [58, 63]},
					{"origin": [-2, 10, 4], "size": [1, 8, 0], "uv": [22, 43]}
				]
			},
			{
				"name": "bone164",
				"parent": "hair",
				"pivot": [0, 18, 4],
				"rotation": [7.5, 0, 0],
				"cubes": [
					{"origin": [-1, 10, 4], "size": [1, 8, 0], "uv": [20, 43]},
					{"origin": [-3, 10, 4], "size": [1, 8, 0], "uv": [18, 43]}
				]
			},
			{
				"name": "armRight",
				"pivot": [-3, 17.5, 0],
				"rotation": [0, 0, 25],
				"cubes": [
					{"origin": [-5, 8.5, -1], "size": [2, 8, 2], "uv": [62, 79]},
					{"origin": [-5.5, 9.5, -1.5], "size": [3, 8, 3], "uv": [52, 52]}
				]
			},
			{
				"name": "bone90",
				"parent": "armRight",
				"pivot": [-3, 17.5, 0],
				"rotation": [5, 0, 0],
				"cubes": [
					{"origin": [-5.5, 9.5, -1.5], "size": [3, 8, 3], "uv": [48, 41]}
				]
			},
			{
				"name": "bone91",
				"parent": "armRight",
				"pivot": [-3, 17.5, 0],
				"rotation": [-5, 0, 0],
				"cubes": [
					{"origin": [-5.5, 9.5, -1.5], "size": [3, 8, 3], "uv": [48, 17]}
				]
			},
			{
				"name": "armLeft",
				"pivot": [3, 17.5, 0],
				"rotation": [0, 0, -25],
				"cubes": [
					{"origin": [2.5, 9.5, -1.5], "size": [3, 8, 3], "uv": [40, 52]},
					{"origin": [3, 8.5, -1], "size": [2, 8, 2], "uv": [0, 77]}
				]
			},
			{
				"name": "bone88",
				"parent": "armLeft",
				"pivot": [3, 17.5, 0],
				"rotation": [5, 0, 0],
				"cubes": [
					{"origin": [2.5, 9.5, -1.5], "size": [3, 8, 3], "uv": [28, 51]}
				]
			},
			{
				"name": "bone89",
				"parent": "armLeft",
				"pivot": [3, 17.5, 0],
				"rotation": [-5, 0, 0],
				"cubes": [
					{"origin": [2.5, 9.5, -1.5], "size": [3, 8, 3], "uv": [16, 51]}
				]
			},
			{
				"name": "body",
				"pivot": [0, 10.5, 0],
				"cubes": [
					{"origin": [-3, 8.999, -3], "size": [6, 9, 6], "uv": [24, 36]},
					{"origin": [-3, 8.999, -3], "size": [6, 9, 6], "uv": [0, 28], "inflate": 0.1}
				]
			},
			{
				"name": "sittingRotationSkirt",
				"parent": "body",
				"pivot": [0, 10.5, 0]
			},
			{
				"name": "bone",
				"parent": "sittingRotationSkirt",
				"pivot": [0, 13.5, 0]
			},
			{
				"name": "bone2",
				"parent": "bone",
				"pivot": [0, 3, 0]
			},
			{
				"name": "bone3",
				"parent": "bone2",
				"pivot": [0, 3, 6.19607],
				"rotation": [32, 0, 0]
			},
			{
				"name": "bone4",
				"parent": "bone3",
				"pivot": [0, 3, 6.19607],
				"rotation": [0, -45, 0],
				"cubes": [
					{"origin": [-1, 3, 5.19607], "size": [2, 8, 2], "uv": [76, 75]}
				]
			},
			{
				"name": "bone5",
				"parent": "bone",
				"pivot": [0, 3, 0],
				"rotation": [0, -25.71429, 0]
			},
			{
				"name": "bone6",
				"parent": "bone5",
				"pivot": [0, 3, 6.19607],
				"rotation": [32, 0, 0]
			},
			{
				"name": "bone7",
				"parent": "bone6",
				"pivot": [0, 3, 6.19607],
				"rotation": [0, -45, 0],
				"cubes": [
					{"origin": [-1, 3, 5.19607], "size": [2, 8, 2], "uv": [76, 65]}
				]
			},
			{
				"name": "bone8",
				"parent": "bone",
				"pivot": [0, 3, 0],
				"rotation": [0, -51.42857, 0]
			},
			{
				"name": "bone9",
				"parent": "bone8",
				"pivot": [0, 3, 6.19607],
				"rotation": [32, 0, 0]
			},
			{
				"name": "bone10",
				"parent": "bone9",
				"pivot": [0, 3, 6.19607],
				"rotation": [0, -45, 0],
				"cubes": [
					{"origin": [-1, 3, 5.19607], "size": [2, 8, 2], "uv": [76, 46]}
				]
			},
			{
				"name": "bone11",
				"parent": "bone",
				"pivot": [0, 3, 0],
				"rotation": [0, -77.14286, 0]
			},
			{
				"name": "bone12",
				"parent": "bone11",
				"pivot": [0, 3, 6.19607],
				"rotation": [32, 0, 0]
			},
			{
				"name": "bone13",
				"parent": "bone12",
				"pivot": [0, 3, 6.19607],
				"rotation": [0, -45, 0],
				"cubes": [
					{"origin": [-1, 3, 5.19607], "size": [2, 8, 2], "uv": [76, 30]}
				]
			},
			{
				"name": "bone14",
				"parent": "bone",
				"pivot": [0, 3, 0],
				"rotation": [0, -102.85714, 0]
			},
			{
				"name": "bone15",
				"parent": "bone14",
				"pivot": [0, 3, 6.19607],
				"rotation": [32, 0, 0]
			},
			{
				"name": "bone16",
				"parent": "bone15",
				"pivot": [0, 3, 6.19607],
				"rotation": [0, -45, 0],
				"cubes": [
					{"origin": [-1, 3, 5.19607], "size": [2, 8, 2], "uv": [74, 0]}
				]
			},
			{
				"name": "bone17",
				"parent": "bone",
				"pivot": [0, 3, 0],
				"rotation": [0, -128.57143, 0]
			},
			{
				"name": "bone18",
				"parent": "bone17",
				"pivot": [0, 3, 6.19607],
				"rotation": [32, 0, 0]
			},
			{
				"name": "bone19",
				"parent": "bone18",
				"pivot": [0, 3, 6.19607],
				"rotation": [0, -45, 0],
				"cubes": [
					{"origin": [-1, 3, 5.19607], "size": [2, 8, 2], "uv": [48, 73]}
				]
			},
			{
				"name": "bone20",
				"parent": "bone",
				"pivot": [0, 3, 0],
				"rotation": [0, -154.28571, 0]
			},
			{
				"name": "bone21",
				"parent": "bone20",
				"pivot": [0, 3, 6.19607],
				"rotation": [32, 0, 0]
			},
			{
				"name": "bone22",
				"parent": "bone21",
				"pivot": [0, 3, 6.19607],
				"rotation": [0, -45, 0],
				"cubes": [
					{"origin": [-1, 3, 5.19607], "size": [2, 8, 2], "uv": [40, 73]}
				]
			},
			{
				"name": "bone23",
				"parent": "bone",
				"pivot": [0, 3, 0],
				"rotation": [0, -180, 0]
			},
			{
				"name": "bone24",
				"parent": "bone23",
				"pivot": [0, 3, 6.19607],
				"rotation": [32, 0, 0]
			},
			{
				"name": "bone25",
				"parent": "bone24",
				"pivot": [0, 3, 6.19607],
				"rotation": [0, -45, 0],
				"cubes": [
					{"origin": [-1, 3, 5.19607], "size": [2, 8, 2], "uv": [73, 20]}
				]
			},
			{
				"name": "bone26",
				"parent": "bone",
				"pivot": [0, 3, 0],
				"rotation": [0, -205.71429, 0]
			},
			{
				"name": "bone27",
				"parent": "bone26",
				"pivot": [0, 3, 6.19607],
				"rotation": [32, 0, 0]
			},
			{
				"name": "bone28",
				"parent": "bone27",
				"pivot": [0, 3, 6.19607],
				"rotation": [0, -45, 0],
				"cubes": [
					{"origin": [-1, 3, 5.19607], "size": [2, 8, 2], "uv": [32, 72]}
				]
			},
			{
				"name": "bone29",
				"parent": "bone",
				"pivot": [0, 3, 0],
				"rotation": [0, -231.42857, 0]
			},
			{
				"name": "bone30",
				"parent": "bone29",
				"pivot": [0, 3, 6.19607],
				"rotation": [32, 0, 0]
			},
			{
				"name": "bone31",
				"parent": "bone30",
				"pivot": [0, 3, 6.19607],
				"rotation": [0, -45, 0],
				"cubes": [
					{"origin": [-1, 3, 5.19607], "size": [2, 8, 2], "uv": [24, 72]}
				]
			},
			{
				"name": "bone32",
				"parent": "bone",
				"pivot": [0, 3, 0],
				"rotation": [0, -257.14286, 0]
			},
			{
				"name": "bone33",
				"parent": "bone32",
				"pivot": [0, 3, 6.19607],
				"rotation": [32, 0, 0]
			},
			{
				"name": "bone34",
				"parent": "bone33",
				"pivot": [0, 3, 6.19607],
				"rotation": [0, -45, 0],
				"cubes": [
					{"origin": [-1, 3, 5.19607], "size": [2, 8, 2], "uv": [16, 72]}
				]
			},
			{
				"name": "bone35",
				"parent": "bone",
				"pivot": [0, 3, 0],
				"rotation": [0, -282.85714, 0]
			},
			{
				"name": "bone36",
				"parent": "bone35",
				"pivot": [0, 3, 6.19607],
				"rotation": [32, 0, 0]
			},
			{
				"name": "bone37",
				"parent": "bone36",
				"pivot": [0, 3, 6.19607],
				"rotation": [0, -45, 0],
				"cubes": [
					{"origin": [-1, 3, 5.19607], "size": [2, 8, 2], "uv": [72, 10]}
				]
			},
			{
				"name": "bone38",
				"parent": "bone",
				"pivot": [0, 3, 0],
				"rotation": [0, -308.57143, 0]
			},
			{
				"name": "bone39",
				"parent": "bone38",
				"pivot": [0, 3, 6.19607],
				"rotation": [32, 0, 0]
			},
			{
				"name": "bone40",
				"parent": "bone39",
				"pivot": [0, 3, 6.19607],
				"rotation": [0, -45, 0],
				"cubes": [
					{"origin": [-1, 3, 5.19607], "size": [2, 8, 2], "uv": [56, 71]}
				]
			},
			{
				"name": "bone41",
				"parent": "bone",
				"pivot": [0, 3, 0],
				"rotation": [0, -334.28571, 0]
			},
			{
				"name": "bone42",
				"parent": "bone41",
				"pivot": [0, 3, 6.19607],
				"rotation": [32, 0, 0]
			},
			{
				"name": "bone43",
				"parent": "bone42",
				"pivot": [0, 3, 6.19607],
				"rotation": [0, -45, 0],
				"cubes": [
					{"origin": [-1, 3, 5.19607], "size": [2, 8, 2], "uv": [70, 57]}
				]
			},
			{
				"name": "bone44",
				"parent": "sittingRotationSkirt",
				"pivot": [0, 12.5, 0]
			},
			{
				"name": "bone45",
				"parent": "bone44",
				"pivot": [0, 2, 0]
			},
			{
				"name": "bone46",
				"parent": "bone45",
				"pivot": [0, 2, 6.19607],
				"rotation": [32, 0, 0]
			},
			{
				"name": "bone47",
				"parent": "bone46",
				"pivot": [0, 2, 6.19607],
				"rotation": [0, -45, 0],
				"cubes": [
					{"origin": [-1, 2, 5.19607], "size": [2, 8, 2], "uv": [70, 38]}
				]
			},
			{
				"name": "bone48",
				"parent": "bone44",
				"pivot": [0, 2, 0],
				"rotation": [0, -25.71429, 0]
			},
			{
				"name": "bone49",
				"parent": "bone48",
				"pivot": [0, 2, 6.19607],
				"rotation": [32, 0, 0]
			},
			{
				"name": "bone50",
				"parent": "bone49",
				"pivot": [0, 2, 6.19607],
				"rotation": [0, -45, 0],
				"cubes": [
					{"origin": [-1, 2, 5.19607], "size": [2, 8, 2], "uv": [8, 70]}
				]
			},
			{
				"name": "bone51",
				"parent": "bone44",
				"pivot": [0, 2, 0],
				"rotation": [0, -51.42857, 0]
			},
			{
				"name": "bone52",
				"parent": "bone51",
				"pivot": [0, 2, 6.19607],
				"rotation": [32, 0, 0]
			},
			{
				"name": "bone53",
				"parent": "bone52",
				"pivot": [0, 2, 6.19607],
				"rotation": [0, -45, 0],
				"cubes": [
					{"origin": [-1, 2, 5.19607], "size": [2, 8, 2], "uv": [68, 69]}
				]
			},
			{
				"name": "bone54",
				"parent": "bone44",
				"pivot": [0, 2, 0],
				"rotation": [0, -77.14286, 0]
			},
			{
				"name": "bone55",
				"parent": "bone54",
				"pivot": [0, 2, 6.19607],
				"rotation": [32, 0, 0]
			},
			{
				"name": "bone56",
				"parent": "bone55",
				"pivot": [0, 2, 6.19607],
				"rotation": [0, -45, 0],
				"cubes": [
					{"origin": [-1, 2, 5.19607], "size": [2, 8, 2], "uv": [67, 28]}
				]
			},
			{
				"name": "bone57",
				"parent": "bone44",
				"pivot": [0, 2, 0],
				"rotation": [0, -102.85714, 0]
			},
			{
				"name": "bone58",
				"parent": "bone57",
				"pivot": [0, 2, 6.19607],
				"rotation": [32, 0, 0]
			},
			{
				"name": "bone59",
				"parent": "bone58",
				"pivot": [0, 2, 6.19607],
				"rotation": [0, -45, 0],
				"cubes": [
					{"origin": [-1, 2, 5.19607], "size": [2, 8, 2], "uv": [0, 67]}
				]
			},
			{
				"name": "bone60",
				"parent": "bone44",
				"pivot": [0, 2, 0],
				"rotation": [0, -128.57143, 0]
			},
			{
				"name": "bone61",
				"parent": "bone60",
				"pivot": [0, 2, 6.19607],
				"rotation": [32, 0, 0]
			},
			{
				"name": "bone62",
				"parent": "bone61",
				"pivot": [0, 2, 6.19607],
				"rotation": [0, -45, 0],
				"cubes": [
					{"origin": [-1, 2, 5.19607], "size": [2, 8, 2], "uv": [65, 18]}
				]
			},
			{
				"name": "bone63",
				"parent": "bone44",
				"pivot": [0, 2, 0],
				"rotation": [0, -154.28571, 0]
			},
			{
				"name": "bone64",
				"parent": "bone63",
				"pivot": [0, 2, 6.19607],
				"rotation": [32, 0, 0]
			},
			{
				"name": "bone65",
				"parent": "bone64",
				"pivot": [0, 2, 6.19607],
				"rotation": [0, -45, 0],
				"cubes": [
					{"origin": [-1, 2, 5.19607], "size": [2, 8, 2], "uv": [64, 49]}
				]
			},
			{
				"name": "bone66",
				"parent": "bone44",
				"pivot": [0, 2, 0],
				"rotation": [0, -180, 0]
			},
			{
				"name": "bone67",
				"parent": "bone66",
				"pivot": [0, 2, 6.19607],
				"rotation": [32, 0, 0]
			},
			{
				"name": "bone68",
				"parent": "bone67",
				"pivot": [0, 2, 6.19607],
				"rotation": [0, -45, 0],
				"cubes": [
					{"origin": [-1, 2, 5.19607], "size": [2, 8, 2], "uv": [50, 63]}
				]
			},
			{
				"name": "bone69",
				"parent": "bone44",
				"pivot": [0, 2, 0],
				"rotation": [0, -205.71429, 0]
			},
			{
				"name": "bone70",
				"parent": "bone69",
				"pivot": [0, 2, 6.19607],
				"rotation": [32, 0, 0]
			},
			{
				"name": "bone71",
				"parent": "bone70",
				"pivot": [0, 2, 6.19607],
				"rotation": [0, -45, 0],
				"cubes": [
					{"origin": [-1, 2, 5.19607], "size": [2, 8, 2], "uv": [42, 63]}
				]
			},
			{
				"name": "bone72",
				"parent": "bone44",
				"pivot": [0, 2, 0],
				"rotation": [0, -231.42857, 0]
			},
			{
				"name": "bone73",
				"parent": "bone72",
				"pivot": [0, 2, 6.19607],
				"rotation": [32, 0, 0]
			},
			{
				"name": "bone74",
				"parent": "bone73",
				"pivot": [0, 2, 6.19607],
				"rotation": [0, -45, 0],
				"cubes": [
					{"origin": [-1, 2, 5.19607], "size": [2, 8, 2], "uv": [62, 61]}
				]
			},
			{
				"name": "bone75",
				"parent": "bone44",
				"pivot": [0, 2, 0],
				"rotation": [0, -257.14286, 0]
			},
			{
				"name": "bone76",
				"parent": "bone75",
				"pivot": [0, 2, 6.19607],
				"rotation": [32, 0, 0]
			},
			{
				"name": "bone77",
				"parent": "bone76",
				"pivot": [0, 2, 6.19607],
				"rotation": [0, -45, 0],
				"cubes": [
					{"origin": [-1, 2, 5.19607], "size": [2, 8, 2], "uv": [34, 62]}
				]
			},
			{
				"name": "bone78",
				"parent": "bone44",
				"pivot": [0, 2, 0],
				"rotation": [0, -282.85714, 0]
			},
			{
				"name": "bone79",
				"parent": "bone78",
				"pivot": [0, 2, 6.19607],
				"rotation": [32, 0, 0]
			},
			{
				"name": "bone80",
				"parent": "bone79",
				"pivot": [0, 2, 6.19607],
				"rotation": [0, -45, 0],
				"cubes": [
					{"origin": [-1, 2, 5.19607], "size": [2, 8, 2], "uv": [26, 62]}
				]
			},
			{
				"name": "bone81",
				"parent": "bone44",
				"pivot": [0, 2, 0],
				"rotation": [0, -308.57143, 0]
			},
			{
				"name": "bone82",
				"parent": "bone81",
				"pivot": [0, 2, 6.19607],
				"rotation": [32, 0, 0]
			},
			{
				"name": "bone83",
				"parent": "bone82",
				"pivot": [0, 2, 6.19607],
				"rotation": [0, -45, 0],
				"cubes": [
					{"origin": [-1, 2, 5.19607], "size": [2, 8, 2], "uv": [18, 62]}
				]
			},
			{
				"name": "bone84",
				"parent": "bone44",
				"pivot": [0, 2, 0],
				"rotation": [0, -334.28571, 0]
			},
			{
				"name": "bone85",
				"parent": "bone84",
				"pivot": [0, 2, 6.19607],
				"rotation": [32, 0, 0]
			},
			{
				"name": "bone86",
				"parent": "bone85",
				"pivot": [0, 2, 6.19607],
				"rotation": [0, -45, 0],
				"cubes": [
					{"origin": [-1, 2, 5.19607], "size": [2, 8, 2], "uv": [10, 60]}
				]
			},
			{
				"name": "chestPlate",
				"parent": "body",
				"pivot": [0, 10.5, 0]
			},
			{
				"name": "sinFloat",
				"parent": "chestPlate",
				"pivot": [0, 10.5, 0]
			},
			{
				"name": "pd",
				"parent": "sinFloat",
				"pivot": [-1, -3, -8]
			},
			{
				"name": "band1",
				"parent": "pd",
				"pivot": [-1, -3, -8],
				"rotation": [90, -90, 0],
				"cubes": [
					{"origin": [2.75836, -8.25836, -0.48428], "size": [11, 0, 5], "uv": [37, 36]},
					{"origin": [2.75836, 4.25636, -0.48528], "size": [11, 0, 5], "uv": [19, 12]}
				]
			},
			{
				"name": "band2",
				"parent": "pd",
				"pivot": [-1, -3, -8],
				"rotation": [0, 0, -135],
				"cubes": [
					{"origin": [11.56746, -8.13244, -4.24164], "size": [6, 0, 3], "uv": [33, 17]}
				]
			},
			{
				"name": "band3",
				"parent": "pd",
				"pivot": [1, -3, -8],
				"rotation": [0, 0, 135],
				"cubes": [
					{"origin": [-17.56676, -8.13173, -4.24164], "size": [6, 0, 3], "uv": [21, 17]}
				]
			},
			{
				"name": "band4",
				"parent": "pd",
				"pivot": [-1, -3, -8],
				"cubes": [
					{"origin": [10.5, 13.75636, -4.24164], "size": [5, 0, 5], "uv": [0, 43]},
					{"origin": [-15.5, 13.75736, -4.24164], "size": [5, 0, 5], "uv": [41, 12]}
				]
			},
			{
				"name": "band5",
				"parent": "pd",
				"pivot": [-1, -3, -8],
				"rotation": [45, 0, 0],
				"cubes": [
					{"origin": [-15.5, 2.65515, 10.04234], "size": [3, 0, 6], "uv": [0, 6]},
					{"origin": [12.5, 2.65515, 10.04234], "size": [3, 0, 6], "uv": [0, 0]}
				]
			},
			{
				"name": "band6",
				"parent": "pd",
				"pivot": [-1, -3, -8],
				"rotation": [90, 0, 0],
				"cubes": [
					{"origin": [-15.5, -16.001, 13], "size": [31, 0, 12], "uv": [0, 0]}
				]
			},
			{
				"name": "rangedAttackShow",
				"parent": "chestPlate",
				"pivot": [0, 10.5, 0],
				"rotation": [15, 0, 0]
			},
			{
				"name": "cosFloat",
				"parent": "rangedAttackShow",
				"pivot": [0, 10.5, 0]
			},
			{
				"name": "gong",
				"parent": "cosFloat",
				"pivot": [-7, 10.5, 2]
			},
			{
				"name": "bone105",
				"parent": "gong",
				"pivot": [-7, 10.5, 2],
				"cubes": [
					{"origin": [-15, 12.5, -8], "size": [1, 4, 1], "uv": [24, 36]}
				]
			},
			{
				"name": "bone106",
				"parent": "bone105",
				"pivot": [-15, 16.5, -7],
				"rotation": [22.5, 0, 0],
				"cubes": [
					{"origin": [-15, 16.5, -8], "size": [1, 3, 1], "uv": [60, 20]}
				]
			},
			{
				"name": "bone108",
				"parent": "bone106",
				"pivot": [-15, 19.5, -8],
				"rotation": [-60, 0, 0],
				"cubes": [
					{"origin": [-15, 19.5, -8], "size": [1, 5, 1], "uv": [18, 28]}
				]
			},
			{
				"name": "bone107",
				"parent": "gong",
				"pivot": [-15, 12.5, -7],
				"rotation": [-22.5, 0, 0],
				"cubes": [
					{"origin": [-15, 9.5, -8], "size": [1, 3, 1], "uv": [0, 43]}
				]
			},
			{
				"name": "bone109",
				"parent": "bone107",
				"pivot": [-15, 9.5, -8],
				"rotation": [60, 0, 0],
				"cubes": [
					{"origin": [-15, 4.5, -8], "size": [1, 5, 1], "uv": [0, 28]}
				]
			},
			{
				"name": "bone110",
				"parent": "gong",
				"pivot": [-7, 10.5, 2],
				"cubes": [
					{"origin": [-15, 6.5, -6], "size": [1, 16, 1], "uv": [0, 0], "inflate": -0.48}
				]
			},
			{
				"name": "bone111",
				"parent": "gong",
				"pivot": [-7, 10.5, 2],
				"cubes": [
					{"origin": [-14, 22.5, -10], "size": [1, 1, 1], "uv": [56, 12], "inflate": -0.2},
					{"origin": [-16, 22.5, -8], "size": [1, 1, 1], "uv": [49, 52], "inflate": -0.2},
					{"origin": [-15, 19.5, -10], "size": [1, 1, 1], "uv": [37, 51], "inflate": -0.2},
					{"origin": [-17, 21.5, -8], "size": [1, 1, 1], "uv": [25, 51], "inflate": -0.2},
					{"origin": [-15, 23.5, -7], "size": [1, 1, 1], "uv": [0, 17], "inflate": -0.2}
				]
			},
			{
				"name": "deco",
				"parent": "body",
				"pivot": [0, 25.25, -3.05],
				"rotation": [-11, 0, 0]
			},
			{
				"name": "bone95",
				"parent": "deco",
				"pivot": [0, 12.75, 2.95]
			},
			{
				"name": "bone96",
				"parent": "bone95",
				"pivot": [0, 25.25, -3.55],
				"rotation": [0, 0, 5],
				"cubes": [
					{"origin": [-2.2191, 15.88128, -2.11472], "size": [3, 1, 1], "uv": [78, 10]}
				]
			},
			{
				"name": "bone97",
				"parent": "bone95",
				"pivot": [0, 25.25, -3.55],
				"rotation": [0, 0, -15],
				"cubes": [
					{"origin": [-5.28956, 16.20526, -2.11472], "size": [3, 1, 1], "uv": [64, 38]}
				]
			},
			{
				"name": "bone98",
				"parent": "deco",
				"pivot": [0, 12.75, 2.95]
			},
			{
				"name": "bone99",
				"parent": "bone98",
				"pivot": [0, 25.25, -3.55],
				"rotation": [0, 0, -5],
				"cubes": [
					{"origin": [-0.7809, 15.88128, -2.11472], "size": [3, 1, 1], "uv": [64, 12]}
				]
			},
			{
				"name": "bone100",
				"parent": "bone98",
				"pivot": [0, 25.25, -3.55],
				"rotation": [0, 0, 15],
				"cubes": [
					{"origin": [2.28956, 16.20526, -2.11472], "size": [3, 1, 1], "uv": [7, 56]}
				]
			},
			{
				"name": "bone101",
				"parent": "deco",
				"pivot": [0, 12.75, 2.95],
				"cubes": [
					{"origin": [-0.5, 15.90383, -2.11472], "size": [1, 1, 1], "uv": [57, 41], "inflate": 0.1}
				]
			},
			{
				"name": "bone102",
				"parent": "deco",
				"pivot": [-0.5, 25.21527, -3.24696],
				"rotation": [0, 0, 20],
				"cubes": [
					{"origin": [2.02557, 13.90259, -1.31168], "size": [1, 3, 0], "uv": [48, 17]}
				]
			},
			{
				"name": "bone104",
				"parent": "deco",
				"pivot": [0.5, 25.21527, -3.24696],
				"rotation": [0, 0, -20],
				"cubes": [
					{"origin": [-3.02557, 13.90259, -1.31168], "size": [1, 3, 0], "uv": [4, 17]}
				]
			},
			{
				"name": "wj",
				"parent": "body",
				"pivot": [0, 10.5, 2],
				"rotation": [15, 0, 0],
				"cubes": [
					{"origin": [-3, 14.5, 5], "size": [6, 3, 0], "uv": [76, 56]}
				]
			},
			{
				"name": "legLeft",
				"pivot": [2, 9, 0],
				"cubes": [
					{"origin": [0.499, 0.1, -1.5], "size": [2.75, 8.9, 3], "uv": [57, 25]},
					{"origin": [0.499, 0.1, -1.5], "size": [2.75, 5, 3], "uv": [57, 12], "inflate": 0.1},
					{"origin": [0.499, 0.1, -1.5], "size": [2.75, 2, 3], "uv": [78, 40], "inflate": 0.2}
				]
			},
			{
				"name": "legRight",
				"pivot": [-2, 9, 0],
				"cubes": [
					{"origin": [-3.249, 0.2, -1.5], "size": [2.75, 8.8, 3], "uv": [0, 56]},
					{"origin": [-3.249, 0.2, -1.5], "size": [2.75, 5, 3], "uv": [60, 41], "inflate": 0.1},
					{"origin": [-3.249, 0.2, -1.5], "size": [2.75, 2, 3], "uv": [78, 59], "inflate": 0.2}
				]
			}
		]
	}
}