{
	"format_version": "1.10.0",
	"geometry.model": {
		"texturewidth": 128,
		"textureheight": 128,
		"visible_bounds_width": 3,
		"visible_bounds_height": 4,
		"visible_bounds_offset": [0, 1, 0],
		"bones": [
			{
				"name": "head",
				"pivot": [0, 18, 0],
				"cubes": [
					{"origin": [-4, 18, -4], "size": [8, 8, 8], "uv": [0, 16]},
					{"origin": [-4, 18, -4], "size": [8, 8, 8], "uv": [0, 0], "inflate": 0.1}
				]
			},
			{
				"name": "blink",
				"parent": "head",
				"pivot": [0, 18, 0],
				"cubes": [
					{"origin": [-4, 18, -4.001], "size": [8, 8, 0], "uv": [0, 58]}
				]
			},
			{
				"name": "hu",
				"parent": "head",
				"pivot": [0, 18, 0],
				"cubes": [
					{"origin": [-2, 22.5, 3], "size": [4, 5, 3], "uv": [16, 60]}
				]
			},
			{
				"name": "headdressLeftTop",
				"parent": "hu",
				"pivot": [-1, 24.5, 4.5],
				"rotation": [0, 10, 15],
				"cubes": [
					{"origin": [-9, 22, 4], "size": [8, 5, 1], "uv": [18, 54]}
				]
			},
			{
				"name": "headdressLeftTop2",
				"parent": "hu",
				"pivot": [-1, 24.5, 4.5],
				"rotation": [0, 27.5, 40],
				"cubes": [
					{"origin": [-9, 22, 4], "size": [8, 5, 1], "uv": [50, 32]}
				]
			},
			{
				"name": "headdressRightTop",
				"parent": "hu",
				"pivot": [1, 24.5, 4.5],
				"rotation": [0, -10, -15],
				"cubes": [
					{"origin": [1, 22, 4], "size": [8, 5, 1], "uv": [0, 52]}
				]
			},
			{
				"name": "headdressRightTop2",
				"parent": "hu",
				"pivot": [1, 24.5, 4.5],
				"rotation": [0, -27.5, -40],
				"cubes": [
					{"origin": [1, 22, 4], "size": [8, 5, 1], "uv": [44, 26]}
				]
			},
			{
				"name": "headdressRightBottom",
				"parent": "hu",
				"pivot": [0, 24, 4.5],
				"rotation": [0, 5, -55],
				"cubes": [
					{"origin": [-13, 23, 4], "size": [12, 4, 1], "uv": [26, 41]}
				]
			},
			{
				"name": "headdressLeftBottom",
				"parent": "hu",
				"pivot": [0, 24, 4.5],
				"rotation": [0, -5, 55],
				"cubes": [
					{"origin": [1, 23, 4], "size": [12, 4, 1], "uv": [0, 39]}
				]
			},
			{
				"name": "cf",
				"parent": "head",
				"pivot": [0, 18, 0]
			},
			{
				"name": "hairRight",
				"parent": "cf",
				"pivot": [-4, 18, -3],
				"rotation": [-10, 0, 10],
				"cubes": [
					{"origin": [-4.01519, 13.17101, -4.03015], "size": [1, 5, 1], "uv": [4, 0]},
					{"origin": [-4.01519, 14.17101, -4.03015], "size": [1, 2, 1], "uv": [24, 3], "inflate": 0.1}
				]
			},
			{
				"name": "hairLeft",
				"parent": "cf",
				"pivot": [4, 18, -3],
				"rotation": [-10, 0, -10],
				"cubes": [
					{"origin": [3.01519, 13.17101, -4.03015], "size": [1, 5, 1], "uv": [0, 0]},
					{"origin": [3.01519, 14.17101, -4.03015], "size": [1, 2, 1], "uv": [24, 0], "inflate": 0.1}
				]
			},
			{
				"name": "hair",
				"parent": "head",
				"pivot": [0, 18, 4]
			},
			{
				"name": "bone77",
				"parent": "hair",
				"pivot": [0, 18, 4],
				"rotation": [10, 0, 0],
				"cubes": [
					{"origin": [3, 8, 3], "size": [1, 10, 1], "uv": [60, 79]}
				]
			},
			{
				"name": "bone78",
				"parent": "hair",
				"pivot": [0, 18, 4],
				"rotation": [15, 0, 0],
				"cubes": [
					{"origin": [2, 8, 3], "size": [1, 10, 1], "uv": [56, 79]},
					{"origin": [0, 8, 3], "size": [1, 10, 1], "uv": [52, 79]},
					{"origin": [-4, 8, 3], "size": [1, 10, 1], "uv": [48, 79]}
				]
			},
			{
				"name": "bone79",
				"parent": "hair",
				"pivot": [0, 18, 4],
				"rotation": [20, 0, 0],
				"cubes": [
					{"origin": [1, 8, 3], "size": [1, 10, 1], "uv": [78, 47]},
					{"origin": [-1, 8, 3], "size": [1, 10, 1], "uv": [44, 76]},
					{"origin": [-3, 8, 3], "size": [1, 10, 1], "uv": [40, 76]}
				]
			},
			{
				"name": "bone80",
				"parent": "hair",
				"pivot": [0, 18, 4],
				"rotation": [25, 0, 0],
				"cubes": [
					{"origin": [-2, 8, 3], "size": [1, 10, 1], "uv": [8, 76]}
				]
			},
			{
				"name": "armRight",
				"pivot": [-3, 17.5, 0],
				"rotation": [0, 0, 25],
				"cubes": [
					{"origin": [-5, 9.5, -1], "size": [2, 8, 2], "uv": [8, 66]}
				]
			},
			{
				"name": "decorationRight",
				"parent": "armRight",
				"pivot": [-3, 17.5, 0]
			},
			{
				"name": "bone41",
				"parent": "decorationRight",
				"pivot": [-3, 17.5, 0],
				"cubes": [
					{"origin": [-5.5, 10.5, -1.5], "size": [3, 6, 3], "uv": [27, 65], "inflate": -0.49}
				]
			},
			{
				"name": "bone42",
				"parent": "decorationRight",
				"pivot": [-3, 16, -1],
				"rotation": [-24, 0, 0],
				"cubes": [
					{"origin": [-5.5, 10.92907, -1.48138], "size": [3, 6, 3], "uv": [64, 46], "inflate": -0.49}
				]
			},
			{
				"name": "bone43",
				"parent": "decorationRight",
				"pivot": [-3, 16, 1],
				"rotation": [24, 0, 0],
				"cubes": [
					{"origin": [-5.5, 10.92907, -1.51862], "size": [3, 6, 3], "uv": [64, 4], "inflate": -0.49}
				]
			},
			{
				"name": "bone44",
				"parent": "decorationRight",
				"pivot": [-3, 17.5, 0],
				"rotation": [0, 0, -45],
				"cubes": [
					{"origin": [-6.97487, 16.35355, -2.5], "size": [3, 5, 5], "uv": [50, 12], "inflate": -1.5},
					{"origin": [-5.56066, 14.93934, -2.5], "size": [4, 3, 5], "uv": [49, 41], "inflate": -1.5}
				]
			},
			{
				"name": "bone45",
				"parent": "decorationRight",
				"pivot": [-3, 17.5, 0],
				"rotation": [45, 0, 0],
				"cubes": [
					{"origin": [-6.5, 15.64645, -3.26777], "size": [5, 5, 3], "uv": [33, 57], "inflate": -1.5},
					{"origin": [-6.5, 14.23223, -1.85355], "size": [5, 3, 5], "uv": [44, 4], "inflate": -1.5}
				]
			},
			{
				"name": "bone46",
				"parent": "decorationRight",
				"pivot": [-3, 17.5, 0],
				"cubes": [
					{"origin": [-5.5, 15.5, -1.5], "size": [3, 1, 3], "uv": [73, 10], "inflate": -0.4}
				]
			},
			{
				"name": "decoration",
				"parent": "decorationRight",
				"pivot": [-5.3, 16.05, -0.1],
				"rotation": [-15, 0, 0],
				"mirror": true
			},
			{
				"name": "bone47",
				"parent": "decoration",
				"pivot": [-5.3, 16.05, -0.1],
				"rotation": [30, 0, 10],
				"mirror": true,
				"cubes": [
					{"origin": [-5.7, 14.45, -0.5], "size": [1, 2, 1], "uv": [65, 13], "inflate": -0.4, "mirror": false}
				]
			},
			{
				"name": "bone48",
				"parent": "bone47",
				"pivot": [-5.3, 16.05, -0.1],
				"rotation": [30, 0, 0],
				"mirror": true,
				"cubes": [
					{"origin": [-5.7, 13.41077, -1.1], "size": [1, 2, 1], "uv": [63, 4], "inflate": -0.4, "mirror": false}
				]
			},
			{
				"name": "bone49",
				"parent": "decoration",
				"pivot": [-5.3, 16.05, -0.1],
				"rotation": [0, 0, 10],
				"mirror": true,
				"cubes": [
					{"origin": [-5.7, 14.45, -0.5], "size": [1, 2, 1], "uv": [58, 61], "inflate": -0.4, "mirror": false}
				]
			},
			{
				"name": "bone50",
				"parent": "bone49",
				"pivot": [-5.3, 16.05, -0.1],
				"rotation": [30, 0, 0],
				"mirror": true,
				"cubes": [
					{"origin": [-5.7, 13.41077, -1.1], "size": [1, 2, 1], "uv": [61, 12], "inflate": -0.4, "mirror": false}
				]
			},
			{
				"name": "bone51",
				"parent": "decoration",
				"pivot": [-5.3, 16.05, -0.1],
				"rotation": [-15, 20, 20],
				"mirror": true,
				"cubes": [
					{"origin": [-5.7, 14.45, -0.6], "size": [1, 2, 1], "uv": [27, 60], "inflate": -0.4, "mirror": false}
				]
			},
			{
				"name": "bone52",
				"parent": "bone51",
				"pivot": [-5.3, 16.05, -0.1],
				"rotation": [-38, 0, 0],
				"mirror": true,
				"cubes": [
					{"origin": [-5.7, 14.45, -0.6], "size": [1, 2, 1], "uv": [59, 4], "inflate": -0.4, "mirror": false}
				]
			},
			{
				"name": "bone53",
				"parent": "bone51",
				"pivot": [-5.3, 16.05, -0.1],
				"rotation": [-109, 0, 0],
				"mirror": true,
				"cubes": [
					{"origin": [-5.7, 14.74613, 0.46718], "size": [1, 2, 1], "uv": [58, 49], "inflate": -0.4, "mirror": false}
				]
			},
			{
				"name": "bone54",
				"parent": "decoration",
				"pivot": [-5.3, 16.05, -0.1],
				"rotation": [100, -20, 20],
				"mirror": true,
				"cubes": [
					{"origin": [-5.7, 14.45, -0.6], "size": [1, 2, 1], "uv": [58, 38], "inflate": -0.4, "mirror": false}
				]
			},
			{
				"name": "bone55",
				"parent": "bone54",
				"pivot": [-5.3, 16.05, -0.1],
				"rotation": [-38, 0, 0],
				"mirror": true,
				"cubes": [
					{"origin": [-5.7, 14.45, -0.6], "size": [1, 2, 1], "uv": [58, 22], "inflate": -0.4, "mirror": false}
				]
			},
			{
				"name": "bone56",
				"parent": "bone54",
				"pivot": [-5.3, 16.05, -0.1],
				"rotation": [-109, 0, 0],
				"mirror": true,
				"cubes": [
					{"origin": [-5.7, 14.74613, 0.46718], "size": [1, 2, 1], "uv": [46, 56], "inflate": -0.4, "mirror": false}
				]
			},
			{
				"name": "armLeft",
				"pivot": [3, 17.5, 0],
				"rotation": [0, 0, -25],
				"cubes": [
					{"origin": [3, 9.5, -1], "size": [2, 8, 2], "uv": [0, 66]}
				]
			},
			{
				"name": "decorationRight2",
				"parent": "armLeft",
				"pivot": [3, 17.5, 0]
			},
			{
				"name": "bone57",
				"parent": "decorationRight2",
				"pivot": [3, 17.5, 0],
				"cubes": [
					{"origin": [2.5, 10.5, -1.5], "size": [3, 6, 3], "uv": [62, 22], "inflate": -0.49}
				]
			},
			{
				"name": "bone58",
				"parent": "decorationRight2",
				"pivot": [3, 16, -1],
				"rotation": [-24, 0, 0],
				"cubes": [
					{"origin": [2.5, 10.92907, -1.48138], "size": [3, 6, 3], "uv": [61, 61], "inflate": -0.49}
				]
			},
			{
				"name": "bone59",
				"parent": "decorationRight2",
				"pivot": [3, 16, 1],
				"rotation": [24, 0, 0],
				"cubes": [
					{"origin": [2.5, 10.92907, -1.51862], "size": [3, 6, 3], "uv": [49, 61], "inflate": -0.49}
				]
			},
			{
				"name": "bone60",
				"parent": "decorationRight2",
				"pivot": [3, 17.5, 0],
				"rotation": [0, 0, 45],
				"cubes": [
					{"origin": [3.97487, 16.35355, -2.5], "size": [3, 5, 5], "uv": [38, 46], "inflate": -1.5},
					{"origin": [1.56066, 14.93934, -2.5], "size": [4, 3, 5], "uv": [20, 46], "inflate": -1.5}
				]
			},
			{
				"name": "bone61",
				"parent": "decorationRight2",
				"pivot": [3, 17.5, 0],
				"rotation": [45, 0, 0],
				"cubes": [
					{"origin": [1.5, 15.64645, -3.26777], "size": [5, 5, 3], "uv": [51, 53], "inflate": -1.5},
					{"origin": [1.5, 14.23223, -1.85355], "size": [5, 3, 5], "uv": [0, 44], "inflate": -1.5}
				]
			},
			{
				"name": "bone62",
				"parent": "decorationRight2",
				"pivot": [3, 17.5, 0],
				"cubes": [
					{"origin": [2.5, 15.5, -1.5], "size": [3, 1, 3], "uv": [68, 0], "inflate": -0.4}
				]
			},
			{
				"name": "decoration2",
				"parent": "decorationRight2",
				"pivot": [5.3, 16.05, -0.1],
				"rotation": [-15, 0, 0]
			},
			{
				"name": "bone63",
				"parent": "decoration2",
				"pivot": [5.3, 16.05, -0.1],
				"rotation": [30, 0, -10],
				"cubes": [
					{"origin": [4.7, 14.45, -0.5], "size": [1, 2, 1], "uv": [54, 49], "inflate": -0.4}
				]
			},
			{
				"name": "bone64",
				"parent": "bone63",
				"pivot": [5.3, 16.05, -0.1],
				"rotation": [30, 0, 0],
				"cubes": [
					{"origin": [4.7, 13.41077, -1.1], "size": [1, 2, 1], "uv": [54, 38], "inflate": -0.4}
				]
			},
			{
				"name": "bone65",
				"parent": "decoration2",
				"pivot": [5.3, 16.05, -0.1],
				"rotation": [0, 0, -10],
				"cubes": [
					{"origin": [4.7, 14.45, -0.5], "size": [1, 2, 1], "uv": [51, 14], "inflate": -0.4}
				]
			},
			{
				"name": "bone66",
				"parent": "bone65",
				"pivot": [5.3, 16.05, -0.1],
				"rotation": [30, 0, 0],
				"cubes": [
					{"origin": [4.7, 13.41077, -1.1], "size": [1, 2, 1], "uv": [50, 38], "inflate": -0.4}
				]
			},
			{
				"name": "bone67",
				"parent": "decoration2",
				"pivot": [5.3, 16.05, -0.1],
				"rotation": [-15, -20, -20],
				"cubes": [
					{"origin": [4.7, 14.45, -0.6], "size": [1, 2, 1], "uv": [48, 12], "inflate": -0.4}
				]
			},
			{
				"name": "bone68",
				"parent": "bone67",
				"pivot": [5.3, 16.05, -0.1],
				"rotation": [-38, 0, 0],
				"cubes": [
					{"origin": [4.7, 14.45, -0.6], "size": [1, 2, 1], "uv": [44, 12], "inflate": -0.4}
				]
			},
			{
				"name": "bone69",
				"parent": "bone67",
				"pivot": [5.3, 16.05, -0.1],
				"rotation": [-109, 0, 0],
				"cubes": [
					{"origin": [4.7, 14.74613, 0.46718], "size": [1, 2, 1], "uv": [0, 44], "inflate": -0.4}
				]
			},
			{
				"name": "bone70",
				"parent": "decoration2",
				"pivot": [5.3, 16.05, -0.1],
				"rotation": [100, 20, -20],
				"cubes": [
					{"origin": [4.7, 14.45, -0.6], "size": [1, 2, 1], "uv": [22, 35], "inflate": -0.4}
				]
			},
			{
				"name": "bone71",
				"parent": "bone70",
				"pivot": [5.3, 16.05, -0.1],
				"rotation": [-38, 0, 0],
				"cubes": [
					{"origin": [4.7, 14.45, -0.6], "size": [1, 2, 1], "uv": [18, 35], "inflate": -0.4}
				]
			},
			{
				"name": "bone72",
				"parent": "bone70",
				"pivot": [5.3, 16.05, -0.1],
				"rotation": [-109, 0, 0],
				"cubes": [
					{"origin": [4.7, 14.74613, 0.46718], "size": [1, 2, 1], "uv": [0, 35], "inflate": -0.4}
				]
			},
			{
				"name": "body",
				"pivot": [0, 10.5, 0],
				"cubes": [
					{"origin": [-3, 8.999, -3], "size": [6, 9, 6], "uv": [26, 26]},
					{"origin": [-3, 10.999, -3], "size": [6, 1, 6], "uv": [0, 32], "inflate": 0.05},
					{"origin": [-3, 11.999, -3], "size": [6, 6, 6], "uv": [26, 10], "inflate": 0.1},
					{"origin": [-3, 8.999, -3], "size": [6, 2, 6], "uv": [24, 0], "inflate": 0.1}
				]
			},
			{
				"name": "headdressLeftBottom2",
				"parent": "body",
				"pivot": [2, 24, -0.5],
				"rotation": [0, -30, 67.5],
				"cubes": [
					{"origin": [13, 16, -3], "size": [12, 3, 1], "uv": [42, 0]}
				]
			},
			{
				"name": "headdressRightBottom2",
				"parent": "body",
				"pivot": [-2, 24, -0.5],
				"rotation": [0, 30, -67.5],
				"cubes": [
					{"origin": [-25, 16, -3], "size": [12, 3, 1], "uv": [32, 22]}
				]
			},
			{
				"name": "sittingRotationSkirt",
				"parent": "body",
				"pivot": [0, 10.5, 0]
			},
			{
				"name": "bone",
				"parent": "sittingRotationSkirt",
				"pivot": [0, 13.5, 0]
			},
			{
				"name": "bone2",
				"parent": "bone",
				"pivot": [0, 3, 0]
			},
			{
				"name": "bone3",
				"parent": "bone2",
				"pivot": [0, 3, 5.73769],
				"rotation": [28, 0, 0]
			},
			{
				"name": "bone4",
				"parent": "bone3",
				"pivot": [0, 3, 5.73769],
				"rotation": [0, -45, 0],
				"cubes": [
					{"origin": [-1, 3, 4.73769], "size": [2, 7, 2], "uv": [0, 76]}
				]
			},
			{
				"name": "bone5",
				"parent": "bone",
				"pivot": [0, 3, 0],
				"rotation": [0, -27.69231, 0]
			},
			{
				"name": "bone6",
				"parent": "bone5",
				"pivot": [0, 3, 5.73769],
				"rotation": [28, 0, 0]
			},
			{
				"name": "bone7",
				"parent": "bone6",
				"pivot": [0, 3, 5.73769],
				"rotation": [0, -45, 0],
				"cubes": [
					{"origin": [-1, 3, 4.73769], "size": [2, 7, 2], "uv": [75, 38]}
				]
			},
			{
				"name": "bone8",
				"parent": "bone",
				"pivot": [0, 3, 0],
				"rotation": [0, -55.38462, 0]
			},
			{
				"name": "bone9",
				"parent": "bone8",
				"pivot": [0, 3, 5.73769],
				"rotation": [28, 0, 0]
			},
			{
				"name": "bone10",
				"parent": "bone9",
				"pivot": [0, 3, 5.73769],
				"rotation": [0, -45, 0],
				"cubes": [
					{"origin": [-1, 3, 4.73769], "size": [2, 7, 2], "uv": [14, 75]}
				]
			},
			{
				"name": "bone11",
				"parent": "bone",
				"pivot": [0, 3, 0],
				"rotation": [0, -83.07692, 0]
			},
			{
				"name": "bone12",
				"parent": "bone11",
				"pivot": [0, 3, 5.73769],
				"rotation": [28, 0, 0]
			},
			{
				"name": "bone13",
				"parent": "bone12",
				"pivot": [0, 3, 5.73769],
				"rotation": [0, -45, 0],
				"cubes": [
					{"origin": [-1, 3, 4.73769], "size": [2, 7, 2], "uv": [32, 74]}
				]
			},
			{
				"name": "bone14",
				"parent": "bone",
				"pivot": [0, 3, 0],
				"rotation": [0, -110.76923, 0]
			},
			{
				"name": "bone15",
				"parent": "bone14",
				"pivot": [0, 3, 5.73769],
				"rotation": [28, 0, 0]
			},
			{
				"name": "bone16",
				"parent": "bone15",
				"pivot": [0, 3, 5.73769],
				"rotation": [0, -45, 0],
				"cubes": [
					{"origin": [-1, 3, 4.73769], "size": [2, 7, 2], "uv": [24, 74]}
				]
			},
			{
				"name": "bone17",
				"parent": "bone",
				"pivot": [0, 3, 0],
				"rotation": [0, -138.46154, 0]
			},
			{
				"name": "bone18",
				"parent": "bone17",
				"pivot": [0, 3, 5.73769],
				"rotation": [28, 0, 0]
			},
			{
				"name": "bone19",
				"parent": "bone18",
				"pivot": [0, 3, 5.73769],
				"rotation": [0, -45, 0],
				"cubes": [
					{"origin": [-1, 3, 4.73769], "size": [2, 7, 2], "uv": [74, 18]}
				]
			},
			{
				"name": "bone20",
				"parent": "bone",
				"pivot": [0, 3, 0],
				"rotation": [0, -166.15385, 0]
			},
			{
				"name": "bone21",
				"parent": "bone20",
				"pivot": [0, 3, 5.73769],
				"rotation": [28, 0, 0]
			},
			{
				"name": "bone22",
				"parent": "bone21",
				"pivot": [0, 3, 5.73769],
				"rotation": [0, -45, 0],
				"cubes": [
					{"origin": [-1, 3, 4.73769], "size": [2, 7, 2], "uv": [73, 73]}
				]
			},
			{
				"name": "bone23",
				"parent": "bone",
				"pivot": [0, 3, 0],
				"rotation": [0, -193.84615, 0]
			},
			{
				"name": "bone24",
				"parent": "bone23",
				"pivot": [0, 3, 5.73769],
				"rotation": [28, 0, 0]
			},
			{
				"name": "bone25",
				"parent": "bone24",
				"pivot": [0, 3, 5.73769],
				"rotation": [0, -45, 0],
				"cubes": [
					{"origin": [-1, 3, 4.73769], "size": [2, 7, 2], "uv": [73, 64]}
				]
			},
			{
				"name": "bone26",
				"parent": "bone",
				"pivot": [0, 3, 0],
				"rotation": [0, -221.53846, 0]
			},
			{
				"name": "bone27",
				"parent": "bone26",
				"pivot": [0, 3, 5.73769],
				"rotation": [28, 0, 0]
			},
			{
				"name": "bone28",
				"parent": "bone27",
				"pivot": [0, 3, 5.73769],
				"rotation": [0, -45, 0],
				"cubes": [
					{"origin": [-1, 3, 4.73769], "size": [2, 7, 2], "uv": [72, 29]}
				]
			},
			{
				"name": "bone29",
				"parent": "bone",
				"pivot": [0, 3, 0],
				"rotation": [0, -249.23077, 0]
			},
			{
				"name": "bone30",
				"parent": "bone29",
				"pivot": [0, 3, 5.73769],
				"rotation": [28, 0, 0]
			},
			{
				"name": "bone31",
				"parent": "bone30",
				"pivot": [0, 3, 5.73769],
				"rotation": [0, -45, 0],
				"cubes": [
					{"origin": [-1, 3, 4.73769], "size": [2, 7, 2], "uv": [65, 70]}
				]
			},
			{
				"name": "bone32",
				"parent": "bone",
				"pivot": [0, 3, 0],
				"rotation": [0, -276.92308, 0]
			},
			{
				"name": "bone33",
				"parent": "bone32",
				"pivot": [0, 3, 5.73769],
				"rotation": [28, 0, 0]
			},
			{
				"name": "bone34",
				"parent": "bone33",
				"pivot": [0, 3, 5.73769],
				"rotation": [0, -45, 0],
				"cubes": [
					{"origin": [-1, 3, 4.73769], "size": [2, 7, 2], "uv": [57, 70]}
				]
			},
			{
				"name": "bone35",
				"parent": "bone",
				"pivot": [0, 3, 0],
				"rotation": [0, -304.61538, 0]
			},
			{
				"name": "bone36",
				"parent": "bone35",
				"pivot": [0, 3, 5.73769],
				"rotation": [28, 0, 0]
			},
			{
				"name": "bone37",
				"parent": "bone36",
				"pivot": [0, 3, 5.73769],
				"rotation": [0, -45, 0],
				"cubes": [
					{"origin": [-1, 3, 4.73769], "size": [2, 7, 2], "uv": [70, 55]}
				]
			},
			{
				"name": "bone38",
				"parent": "bone",
				"pivot": [0, 3, 0],
				"rotation": [0, -332.30769, 0]
			},
			{
				"name": "bone39",
				"parent": "bone38",
				"pivot": [0, 3, 5.73769],
				"rotation": [28, 0, 0]
			},
			{
				"name": "bone40",
				"parent": "bone39",
				"pivot": [0, 3, 5.73769],
				"rotation": [0, -45, 0],
				"cubes": [
					{"origin": [-1, 3, 4.73769], "size": [2, 7, 2], "uv": [49, 70]}
				]
			},
			{
				"name": "decoration3",
				"parent": "body",
				"pivot": [0, 10.5, 0],
				"cubes": [
					{"origin": [-0.5, 16, -3.5], "size": [1, 1, 1], "uv": [24, 22]},
					{"origin": [-0.5, 14, -3.25], "size": [1, 2, 1], "uv": [22, 32]}
				]
			},
			{
				"name": "bone73",
				"parent": "decoration3",
				"pivot": [0, 17, -4],
				"rotation": [0, 0, 40],
				"cubes": [
					{"origin": [-3, 16, -3.75], "size": [3, 1, 1], "uv": [0, 16]}
				]
			},
			{
				"name": "bone74",
				"parent": "decoration3",
				"pivot": [0, 17, -4],
				"rotation": [0, 0, -40],
				"cubes": [
					{"origin": [0, 16, -3.75], "size": [3, 1, 1], "uv": [0, 6]}
				]
			},
			{
				"name": "bone75",
				"parent": "decoration3",
				"pivot": [0.5, 16, -3],
				"rotation": [0, 0, -27],
				"cubes": [
					{"origin": [-0.40798, 14.21799, -3.25], "size": [1, 2, 1], "uv": [18, 32]}
				]
			},
			{
				"name": "bone76",
				"parent": "decoration3",
				"pivot": [-0.5, 16, -3],
				"rotation": [0, 0, 27],
				"cubes": [
					{"origin": [-0.59202, 14.21799, -3.25], "size": [1, 2, 1], "uv": [0, 32]}
				]
			},
			{
				"name": "chestPlate",
				"parent": "body",
				"pivot": [0, 10.5, 0]
			},
			{
				"name": "sinFloat",
				"parent": "chestPlate",
				"pivot": [0, 10.5, 0]
			},
			{
				"name": "zRotationNormalA",
				"parent": "sinFloat",
				"pivot": [0, 10.5, 0],
				"cubes": [
					{"origin": [-8, 8.5, -5], "size": [2, 2, 1], "uv": [0, 21]},
					{"origin": [6, 13.5, -7], "size": [2, 2, 1], "uv": [0, 18]}
				]
			},
			{
				"name": "legLeft",
				"pivot": [2, 9, 0],
				"cubes": [
					{"origin": [0.499, 0.1, -1.5], "size": [2.75, 8.9, 3], "uv": [39, 65]},
					{"origin": [0.499, 0.1, -1.5], "size": [2.75, 4, 3], "uv": [66, 13], "inflate": 0.1},
					{"origin": [0.499, 0.1, -1.5], "size": [2.75, 2, 3], "uv": [15, 44], "inflate": 0.2}
				]
			},
			{
				"name": "legRight",
				"pivot": [-2, 9, 0],
				"cubes": [
					{"origin": [-3.249, 0.2, -1.5], "size": [2.75, 8.8, 3], "uv": [65, 35]},
					{"origin": [-3.249, 0.2, -1.5], "size": [2.75, 4, 3], "uv": [16, 68], "inflate": 0.1},
					{"origin": [-3.249, 0.2, -1.5], "size": [2.75, 2, 3], "uv": [33, 46], "inflate": 0.2}
				]
			}
		]
	}
}