{
	"format_version": "1.10.0",
	"geometry.model": {
		"texturewidth": 128,
		"textureheight": 128,
		"visible_bounds_width": 3,
		"visible_bounds_height": 4,
		"visible_bounds_offset": [0, 1, 0],
		"bones": [
			{
				"name": "head",
				"pivot": [0, 18, 0],
				"cubes": [
					{"origin": [-4, 18, -4], "size": [8, 8, 8], "uv": [0, 16]},
					{"origin": [-4, 18, -4], "size": [8, 8, 8], "uv": [0, 0], "inflate": 0.1}
				]
			},
			{
				"name": "blink",
				"parent": "head",
				"pivot": [0, 18, 0],
				"cubes": [
					{"origin": [-4, 18, -4.001], "size": [8, 8, 0], "uv": [24, 16]}
				]
			},
			{
				"name": "hat",
				"parent": "head",
				"pivot": [0, 0, 0]
			},
			{
				"name": "section",
				"parent": "hat",
				"pivot": [0, 0, 0],
				"cubes": [
					{"origin": [-1.5, 26, -3.621], "size": [3, 2, 0], "uv": [60, 8]}
				]
			},
			{
				"name": "bone18",
				"parent": "section",
				"pivot": [0, 0, 0],
				"rotation": [-45, 0, 0],
				"cubes": [
					{"origin": [-1.5, 17.23926, -22.35872], "size": [3, 1, 1], "uv": [57, 38]}
				]
			},
			{
				"name": "bone19",
				"parent": "section",
				"pivot": [0, 0, 0],
				"rotation": [-13, 0, 0],
				"cubes": [
					{"origin": [-1.5, 27.31609, -9.29593], "size": [3, 0, 3], "uv": [49, 18]}
				]
			},
			{
				"name": "section2",
				"parent": "hat",
				"pivot": [0, 0, 0],
				"rotation": [0, -45, 0],
				"cubes": [
					{"origin": [-1.5, 26, -3.621], "size": [3, 2, 0], "uv": [60, 6]}
				]
			},
			{
				"name": "bone20",
				"parent": "section2",
				"pivot": [0, 0, 0],
				"rotation": [-45, 0, 0],
				"cubes": [
					{"origin": [-1.5, 17.23926, -22.35872], "size": [3, 1, 1], "uv": [57, 0]}
				]
			},
			{
				"name": "bone21",
				"parent": "section2",
				"pivot": [0, 0, 0],
				"rotation": [-13, 0, 0],
				"cubes": [
					{"origin": [-1.5, 27.3121, -9.29593], "size": [3, 0, 3], "uv": [49, 15]}
				]
			},
			{
				"name": "section3",
				"parent": "hat",
				"pivot": [0, 0, 0],
				"rotation": [0, -90, 0],
				"cubes": [
					{"origin": [-1.5, 26, -3.621], "size": [3, 2, 0], "uv": [60, 4]}
				]
			},
			{
				"name": "bone22",
				"parent": "section3",
				"pivot": [0, 0, 0],
				"rotation": [-45, 0, 0],
				"cubes": [
					{"origin": [-1.5, 17.23926, -22.35872], "size": [3, 1, 1], "uv": [56, 56]}
				]
			},
			{
				"name": "bone23",
				"parent": "section3",
				"pivot": [0, 0, 0],
				"rotation": [-13, 0, 0],
				"cubes": [
					{"origin": [-1.5, 27.3131, -9.29593], "size": [3, 0, 3], "uv": [47, 34]}
				]
			},
			{
				"name": "section4",
				"parent": "hat",
				"pivot": [0, 0, 0],
				"rotation": [0, -135, 0],
				"cubes": [
					{"origin": [-1.5, 26, -3.621], "size": [3, 2, 0], "uv": [60, 2]}
				]
			},
			{
				"name": "bone24",
				"parent": "section4",
				"pivot": [0, 0, 0],
				"rotation": [-45, 0, 0],
				"cubes": [
					{"origin": [-1.5, 17.23926, -22.35872], "size": [3, 1, 1], "uv": [56, 33]}
				]
			},
			{
				"name": "bone25",
				"parent": "section4",
				"pivot": [0, 0, 0],
				"rotation": [-13, 0, 0],
				"cubes": [
					{"origin": [-1.5, 27.3141, -9.29593], "size": [3, 0, 3], "uv": [47, 31]}
				]
			},
			{
				"name": "section5",
				"parent": "hat",
				"pivot": [0, 0, 0],
				"rotation": [0, 180, 0],
				"cubes": [
					{"origin": [-1.5, 26, -3.621], "size": [3, 2, 0], "uv": [59, 45]}
				]
			},
			{
				"name": "bone26",
				"parent": "section5",
				"pivot": [0, 0, 0],
				"rotation": [-45, 0, 0],
				"cubes": [
					{"origin": [-1.5, 17.23926, -22.35872], "size": [3, 1, 1], "uv": [56, 31]}
				]
			},
			{
				"name": "bone27",
				"parent": "section5",
				"pivot": [0, 0, 0],
				"rotation": [-13, 0, 0],
				"cubes": [
					{"origin": [-1.5, 27.3151, -9.29593], "size": [3, 0, 3], "uv": [15, 35]}
				]
			},
			{
				"name": "section6",
				"parent": "hat",
				"pivot": [0, 0, 0],
				"rotation": [0, 135, 0],
				"cubes": [
					{"origin": [-1.5, 26, -3.621], "size": [3, 2, 0], "uv": [56, 58]}
				]
			},
			{
				"name": "bone28",
				"parent": "section6",
				"pivot": [0, 0, 0],
				"rotation": [-45, 0, 0],
				"cubes": [
					{"origin": [-1.5, 17.23926, -22.35872], "size": [3, 1, 1], "uv": [56, 29]}
				]
			},
			{
				"name": "bone56",
				"parent": "section6",
				"pivot": [0, 0, 0],
				"rotation": [-13, 0, 0],
				"cubes": [
					{"origin": [-1.5, 27.3191, -9.29593], "size": [3, 0, 3], "uv": [15, 32]}
				]
			},
			{
				"name": "section7",
				"parent": "hat",
				"pivot": [0, 0, 0],
				"rotation": [0, 90, 0],
				"cubes": [
					{"origin": [-1.5, 26, -3.621], "size": [3, 2, 0], "uv": [50, 58]}
				]
			},
			{
				"name": "bone57",
				"parent": "section7",
				"pivot": [0, 0, 0],
				"rotation": [-45, 0, 0],
				"cubes": [
					{"origin": [-1.5, 17.23926, -22.35872], "size": [3, 1, 1], "uv": [56, 27]}
				]
			},
			{
				"name": "bone58",
				"parent": "section7",
				"pivot": [0, 0, 0],
				"rotation": [-13, 0, 0],
				"cubes": [
					{"origin": [-1.5, 27.3181, -9.29593], "size": [3, 0, 3], "uv": [28, 0]}
				]
			},
			{
				"name": "section8",
				"parent": "hat",
				"pivot": [0, 0, 0],
				"rotation": [0, 45, 0],
				"cubes": [
					{"origin": [-1.5, 26, -3.621], "size": [3, 2, 0], "uv": [57, 54]}
				]
			},
			{
				"name": "bone59",
				"parent": "section8",
				"pivot": [0, 0, 0],
				"rotation": [-45, 0, 0],
				"cubes": [
					{"origin": [-1.5, 17.23926, -22.35872], "size": [3, 1, 1], "uv": [56, 13]}
				]
			},
			{
				"name": "bone60",
				"parent": "section8",
				"pivot": [0, 0, 0],
				"rotation": [-13, 0, 0],
				"cubes": [
					{"origin": [-1.5, 27.3171, -9.29593], "size": [3, 0, 3], "uv": [21, 5]}
				]
			},
			{
				"name": "star",
				"parent": "hat",
				"pivot": [0, 27, 3],
				"cubes": [
					{"origin": [-1.4986, 27.07447, -3.9], "size": [3, 1, 1], "uv": [56, 11], "inflate": -0.2}
				]
			},
			{
				"name": "bone29",
				"parent": "star",
				"pivot": [0, 27, 3],
				"rotation": [0, 0, -36],
				"cubes": [
					{"origin": [-0.99861, 26.42553, -3.9], "size": [2, 1, 1], "uv": [48, 45], "inflate": -0.2}
				]
			},
			{
				"name": "bone30",
				"parent": "star",
				"pivot": [0, 27, 3],
				"rotation": [0, 0, 36],
				"cubes": [
					{"origin": [-0.99861, 26.42553, -3.9], "size": [2, 1, 1], "uv": [40, 24], "inflate": -0.2}
				]
			},
			{
				"name": "bone31",
				"parent": "star",
				"pivot": [0, 27, 3],
				"rotation": [0, 0, -72],
				"cubes": [
					{"origin": [-1.00108, 27.07352, -3.9], "size": [3, 1, 1], "uv": [53, 25], "inflate": -0.2}
				]
			},
			{
				"name": "bone32",
				"parent": "star",
				"pivot": [0, 27, 3],
				"rotation": [0, 0, 72],
				"cubes": [
					{"origin": [-1.99861, 27.07447, -3.9], "size": [3, 1, 1], "uv": [32, 24], "inflate": -0.2}
				]
			},
			{
				"name": "hair",
				"parent": "head",
				"pivot": [-4, 18, -4],
				"rotation": [-10, 0, 10],
				"cubes": [
					{"origin": [-4.01519, 13.17101, -4.03015], "size": [1, 5, 1], "uv": [56, 5]}
				]
			},
			{
				"name": "decoration",
				"parent": "hair",
				"pivot": [-3, 15, -5]
			},
			{
				"name": "bone38",
				"parent": "decoration",
				"pivot": [-3, 15, -5],
				"rotation": [0, 0, -15],
				"cubes": [
					{"origin": [-4.45434, 15.29878, -5.03015], "size": [1, 1, 1], "uv": [60, 22]},
					{"origin": [-3.45434, 14.29878, -4.53015], "size": [1, 1, 0], "uv": [6, 5]}
				]
			},
			{
				"name": "bone39",
				"parent": "decoration",
				"pivot": [-3, 15, -5],
				"rotation": [0, 0, 15],
				"cubes": [
					{"origin": [-3.54286, 15.03158, -5.03015], "size": [1, 1, 1], "uv": [22, 60]},
					{"origin": [-4.54286, 14.03158, -4.53015], "size": [1, 1, 0], "uv": [6, 4]}
				]
			},
			{
				"name": "hair2",
				"parent": "head",
				"pivot": [-4, 18, -4],
				"rotation": [-10, 0, -10],
				"cubes": [
					{"origin": [2.89365, 11.80293, -3.78892], "size": [1, 5, 1], "uv": [0, 32]}
				]
			},
			{
				"name": "decoration2",
				"parent": "hair2",
				"pivot": [-3, 15, -5]
			},
			{
				"name": "bone36",
				"parent": "decoration2",
				"pivot": [-3, 15, -5],
				"rotation": [0, 0, -15],
				"cubes": [
					{"origin": [1.86501, 12.18918, -4.78892], "size": [1, 1, 1], "uv": [60, 20]},
					{"origin": [2.86501, 11.18918, -4.28892], "size": [1, 1, 0], "uv": [6, 1]}
				]
			},
			{
				"name": "bone37",
				"parent": "decoration2",
				"pivot": [-3, 15, -5],
				"rotation": [0, 0, 15],
				"cubes": [
					{"origin": [3.48466, 15.49826, -4.78892], "size": [1, 1, 1], "uv": [52, 21]},
					{"origin": [2.48466, 14.49826, -4.28892], "size": [1, 1, 0], "uv": [6, 0]}
				]
			},
			{
				"name": "hair3",
				"parent": "head",
				"pivot": [0, 18, 0]
			},
			{
				"name": "bone40",
				"parent": "hair3",
				"pivot": [-4, 18, 0],
				"rotation": [0, 0, 5],
				"cubes": [
					{"origin": [-4, 10, 3], "size": [0, 8, 1], "uv": [6, 15]}
				]
			},
			{
				"name": "bone42",
				"parent": "hair3",
				"pivot": [4, 18, 0],
				"rotation": [0, 0, -5],
				"cubes": [
					{"origin": [4, 10, 3], "size": [0, 8, 1], "uv": [4, 15]}
				]
			},
			{
				"name": "bone43",
				"parent": "hair3",
				"pivot": [4, 18, 0],
				"rotation": [0, 0, -10],
				"cubes": [
					{"origin": [4, 10, 2], "size": [0, 8, 1], "uv": [2, 15]}
				]
			},
			{
				"name": "bone41",
				"parent": "hair3",
				"pivot": [-4, 18, 0],
				"rotation": [0, 0, 10],
				"cubes": [
					{"origin": [-4, 10, 2], "size": [0, 8, 1], "uv": [0, 15]}
				]
			},
			{
				"name": "bone44",
				"parent": "hair3",
				"pivot": [0, 18, 4],
				"rotation": [5, 0, 0],
				"cubes": [
					{"origin": [3, 10, 4], "size": [1, 8, 0], "uv": [4, 56]}
				]
			},
			{
				"name": "bone45",
				"parent": "hair3",
				"pivot": [0, 18, 0],
				"rotation": [10, 0, 0],
				"cubes": [
					{"origin": [2, 9.30532, 3.93923], "size": [1, 8, 0], "uv": [2, 56]}
				]
			},
			{
				"name": "bone46",
				"parent": "hair3",
				"pivot": [0, 18, 0],
				"rotation": [15, 0, 0],
				"cubes": [
					{"origin": [1, 8.96455, 3.86369], "size": [1, 8, 0], "uv": [0, 56]}
				]
			},
			{
				"name": "bone47",
				"parent": "hair3",
				"pivot": [0, 18, 0],
				"rotation": [10, 0, 0],
				"cubes": [
					{"origin": [0, 9.30532, 3.93923], "size": [1, 8, 0], "uv": [55, 49]}
				]
			},
			{
				"name": "bone48",
				"parent": "hair3",
				"pivot": [0, 18, 0],
				"rotation": [5, 0, 0],
				"cubes": [
					{"origin": [-1, 9.65138, 3.98478], "size": [1, 8, 0], "uv": [42, 50]}
				]
			},
			{
				"name": "bone49",
				"parent": "hair3",
				"pivot": [0, 18, 0],
				"rotation": [10, 0, 0],
				"cubes": [
					{"origin": [-2, 9.30532, 3.93923], "size": [1, 8, 0], "uv": [40, 50]}
				]
			},
			{
				"name": "bone50",
				"parent": "hair3",
				"pivot": [0, 18, 0],
				"rotation": [15, 0, 0],
				"cubes": [
					{"origin": [-3, 8.96455, 3.86369], "size": [1, 8, 0], "uv": [38, 50]}
				]
			},
			{
				"name": "bone51",
				"parent": "hair3",
				"pivot": [0, 18, 0],
				"rotation": [10, 0, 0],
				"cubes": [
					{"origin": [-4, 9.30532, 3.93923], "size": [1, 8, 0], "uv": [24, 32]}
				]
			},
			{
				"name": "armRight",
				"pivot": [-3, 17.5, 0],
				"rotation": [0, 0, 25],
				"cubes": [
					{"origin": [-5, 12.5, -1], "size": [2, 1, 2], "uv": [54, 35], "inflate": 0.05},
					{"origin": [-5, 8.5, -1], "size": [2, 8, 2], "uv": [22, 50]},
					{"origin": [-5, 9.5, -1], "size": [2, 2, 2], "uv": [0, 0], "inflate": 0.1},
					{"origin": [-5.5, 13.5, -1.5], "size": [3, 4, 3], "uv": [48, 38]}
				]
			},
			{
				"name": "armLeft",
				"pivot": [3, 17.5, 0],
				"rotation": [0, 0, -25],
				"cubes": [
					{"origin": [2.5, 13.5, -1.5], "size": [3, 4, 3], "uv": [44, 24]},
					{"origin": [3, 8.5, -1], "size": [2, 8, 2], "uv": [30, 50]},
					{"origin": [3, 9.5, -1], "size": [2, 1.2, 2], "uv": [0, 4], "inflate": 0.1}
				]
			},
			{
				"name": "body",
				"pivot": [0, 10.5, 0],
				"cubes": [
					{"origin": [-3, 8.999, -3], "size": [6, 9, 6], "uv": [32, 0]},
					{"origin": [-3, 8.999, -3], "size": [6, 9, 6], "uv": [0, 32], "inflate": 0.1},
					{"origin": [-3, 8.999, -3], "size": [6, 9, 6], "uv": [26, 26], "inflate": 0.12}
				]
			},
			{
				"name": "sittingRotationSkirt",
				"parent": "body",
				"pivot": [0, 10.5, 0]
			},
			{
				"name": "bone",
				"parent": "sittingRotationSkirt",
				"pivot": [0, 13.5, 0]
			},
			{
				"name": "bone2",
				"parent": "bone",
				"pivot": [0, 3, 0]
			},
			{
				"name": "bone3",
				"parent": "bone2",
				"pivot": [0, 3, 4.94392],
				"rotation": [14, 0, 0],
				"cubes": [
					{"origin": [-3, 1.52972, 4.94392], "size": [6, 9, 0], "uv": [0, 47]}
				]
			},
			{
				"name": "bone4",
				"parent": "bone3",
				"pivot": [-3, 2.52972, 4.94392],
				"rotation": [0, 0, 13.59981],
				"cubes": [
					{"origin": [-5, 5.52972, 4.94292], "size": [2, 5, 0], "uv": [42, 58]}
				]
			},
			{
				"name": "bone5",
				"parent": "bone3",
				"pivot": [3, 2.52972, 4.94392],
				"rotation": [0, 0, -13.59981],
				"cubes": [
					{"origin": [3, 5.52972, 4.94492], "size": [2, 5, 0], "uv": [38, 58]}
				]
			},
			{
				"name": "bone6",
				"parent": "bone",
				"pivot": [0, 3, 0],
				"rotation": [0, -90, 0]
			},
			{
				"name": "bone7",
				"parent": "bone6",
				"pivot": [0, 3, 4.94392],
				"rotation": [14, 0, 0],
				"cubes": [
					{"origin": [-3, 1.52972, 4.94392], "size": [6, 9, 0], "uv": [36, 41]}
				]
			},
			{
				"name": "bone8",
				"parent": "bone7",
				"pivot": [-3, 2.52972, 4.94392],
				"rotation": [0, 0, 13.59981],
				"cubes": [
					{"origin": [-5, 5.52972, 4.94292], "size": [2, 5, 0], "uv": [18, 58]}
				]
			},
			{
				"name": "bone9",
				"parent": "bone7",
				"pivot": [3, 2.52972, 4.94392],
				"rotation": [0, 0, -13.59981],
				"cubes": [
					{"origin": [3, 5.52972, 4.94492], "size": [2, 5, 0], "uv": [58, 15]}
				]
			},
			{
				"name": "bone10",
				"parent": "bone",
				"pivot": [0, 3, 0],
				"rotation": [0, -180, 0]
			},
			{
				"name": "bone11",
				"parent": "bone10",
				"pivot": [0, 3, 4.94392],
				"rotation": [14, 0, 0],
				"cubes": [
					{"origin": [-3, 1.52972, 4.94392], "size": [6, 9, 0], "uv": [24, 41]}
				]
			},
			{
				"name": "bone12",
				"parent": "bone11",
				"pivot": [-3, 2.52972, 4.94392],
				"rotation": [0, 0, 13.59981],
				"cubes": [
					{"origin": [-5, 5.52972, 4.94292], "size": [2, 5, 0], "uv": [14, 58]}
				]
			},
			{
				"name": "bone13",
				"parent": "bone11",
				"pivot": [3, 2.52972, 4.94392],
				"rotation": [0, 0, -13.59981],
				"cubes": [
					{"origin": [3, 5.52972, 4.94492], "size": [2, 5, 0], "uv": [10, 58]}
				]
			},
			{
				"name": "bone14",
				"parent": "bone",
				"pivot": [0, 3, 0],
				"rotation": [0, -270, 0]
			},
			{
				"name": "bone15",
				"parent": "bone14",
				"pivot": [0, 3, 4.94392],
				"rotation": [14, 0, 0],
				"cubes": [
					{"origin": [-3, 1.52972, 4.94392], "size": [6, 9, 0], "uv": [40, 15]}
				]
			},
			{
				"name": "bone16",
				"parent": "bone15",
				"pivot": [-3, 2.52972, 4.94392],
				"rotation": [0, 0, 13.59981],
				"cubes": [
					{"origin": [-5, 5.52972, 4.94292], "size": [2, 5, 0], "uv": [57, 49]}
				]
			},
			{
				"name": "bone17",
				"parent": "bone15",
				"pivot": [3, 2.52972, 4.94392],
				"rotation": [0, 0, -13.59981],
				"cubes": [
					{"origin": [3, 5.52972, 4.94492], "size": [2, 5, 0], "uv": [6, 56]}
				]
			},
			{
				"name": "decoration3",
				"parent": "body",
				"pivot": [0, 9.5, -1],
				"rotation": [-10, 0, 0],
				"cubes": [
					{"origin": [-0.5, 16.27, -5], "size": [1, 1, 1], "uv": [28, 50]}
				]
			},
			{
				"name": "bone52",
				"parent": "decoration3",
				"pivot": [0, 16.4, -3.601],
				"rotation": [0, -25, -15],
				"cubes": [
					{"origin": [-2.42262, 16.4, -4.50731], "size": [2, 1, 0], "uv": [4, 7]}
				]
			},
			{
				"name": "bone53",
				"parent": "decoration3",
				"pivot": [0, 16.4, -3.601],
				"rotation": [0, 25, 15],
				"cubes": [
					{"origin": [0.42262, 16.4, -4.50731], "size": [2, 1, 0], "uv": [0, 7]}
				]
			},
			{
				"name": "bone54",
				"parent": "decoration3",
				"pivot": [0, 16.4, -3.601],
				"rotation": [-25, 0, -25],
				"cubes": [
					{"origin": [-0.5, 13.97738, -4.50731], "size": [1, 2, 0], "uv": [0, 4]}
				]
			},
			{
				"name": "bone55",
				"parent": "decoration3",
				"pivot": [0, 16.4, -3.601],
				"rotation": [-25, 0, 25],
				"cubes": [
					{"origin": [-0.5, 13.97738, -4.50731], "size": [1, 2, 0], "uv": [0, 0]}
				]
			},
			{
				"name": "legLeft",
				"pivot": [2, 9, 0],
				"cubes": [
					{"origin": [0.499, 0.1, -1.5], "size": [2.75, 8.9, 3], "uv": [45, 47]},
					{"origin": [0.499, 0.1, -1.5], "size": [2.75, 2, 3], "uv": [24, 0], "inflate": 0.2}
				]
			},
			{
				"name": "legRight",
				"pivot": [-2, 9, 0],
				"cubes": [
					{"origin": [-3.249, 0.2, -1.5], "size": [2.75, 8.8, 3], "uv": [12, 47]},
					{"origin": [-3.249, 2.2, -1.5], "size": [2.75, 1.8, 3], "uv": [53, 21], "inflate": 0.1},
					{"origin": [-3.249, 6.2, -1.5], "size": [2.75, 1, 3], "uv": [52, 45], "inflate": 0.1},
					{"origin": [-3.249, 0.2, -1.5], "size": [2.75, 2, 3], "uv": [50, 0], "inflate": 0.2}
				]
			},
			{
				"name": "xiaodao",
				"parent": "legRight",
				"pivot": [-2, 9, 0]
			},
			{
				"name": "bone33",
				"parent": "xiaodao",
				"pivot": [-2, 9, 0],
				"cubes": [
					{"origin": [-4, 6, -1], "size": [1, 2, 1], "uv": [19, 47]},
					{"origin": [-4, 4, -1], "size": [1, 3, 1], "uv": [46, 58], "inflate": -0.2}
				]
			},
			{
				"name": "bone34",
				"parent": "bone33",
				"pivot": [-2, 9, 0],
				"cubes": [
					{"origin": [-4, 6, -1.5], "size": [1, 1, 2], "uv": [32, 3]}
				]
			}
		]
	}
}