{
	"format_version": "1.10.0",
	"geometry.model": {
		"texturewidth": 128,
		"textureheight": 128,
		"visible_bounds_width": 3,
		"visible_bounds_height": 4,
		"visible_bounds_offset": [0, 1, 0],
		"bones": [
			{
				"name": "head",
				"pivot": [0, 18, 0],
				"cubes": [
					{"origin": [-4, 18, -4], "size": [8, 8, 8], "uv": [0, 16]},
					{"origin": [-4, 18, -4], "size": [8, 8, 8], "uv": [0, 0], "inflate": 0.1}
				]
			},
			{
				"name": "blink",
				"parent": "head",
				"pivot": [0, 18, 0],
				"cubes": [
					{"origin": [-4, 18, -4.001], "size": [8, 8, 0], "uv": [36, 11]}
				]
			},
			{
				"name": "someotherstrangethings",
				"parent": "head",
				"pivot": [0, 18, 0]
			},
			{
				"name": "bone148",
				"parent": "someotherstrangethings",
				"pivot": [0, 18, 0]
			},
			{
				"name": "bone159",
				"parent": "bone148",
				"pivot": [4.25, 27.5, 1],
				"rotation": [-5, -5, 30],
				"cubes": [
					{"origin": [2.25, 23, -1], "size": [4, 4, 4], "uv": [32, 3]},
					{"origin": [5.75, 25, -1.5], "size": [1, 1, 1], "uv": [15, 58]},
					{"origin": [1.75, 25, 2.5], "size": [1, 1, 1], "uv": [58, 9]},
					{"origin": [1.75, 25, 0.5], "size": [1, 1, 1], "uv": [56, 49]},
					{"origin": [1.75, 25, -1.5], "size": [1, 1, 1], "uv": [18, 56]},
					{"origin": [5.75, 25, 0.5], "size": [1, 1, 1], "uv": [14, 56]},
					{"origin": [5.75, 25, 2.5], "size": [1, 1, 1], "uv": [6, 56]},
					{"origin": [3.75, 25, -1.5], "size": [1, 1, 1], "uv": [54, 0]},
					{"origin": [3.75, 25, 2.5], "size": [1, 1, 1], "uv": [38, 52]}
				]
			},
			{
				"name": "bone161",
				"parent": "bone159",
				"pivot": [4, 11.25, 4.375],
				"rotation": [0, 75, 0]
			},
			{
				"name": "bone162",
				"parent": "bone161",
				"pivot": [7.875, 26, 5.375],
				"rotation": [-15, -5, 0]
			},
			{
				"name": "bone163",
				"parent": "bone162",
				"pivot": [7.875, 26, 5.375],
				"rotation": [0, 90, 0]
			},
			{
				"name": "bone164",
				"parent": "bone163",
				"pivot": [3.54614, 26.04378, 4.62881],
				"rotation": [0, 0, -11.1227],
				"cubes": [
					{"origin": [4.91569, 25.88219, 4.40223], "size": [1, 0, 1], "uv": [33, 6]}
				]
			},
			{
				"name": "bone165",
				"parent": "bone163",
				"pivot": [4.52759, 26.23673, 4.62881],
				"rotation": [0, 0, 2.45273],
				"cubes": [
					{"origin": [5.8968, 26.40113, 4.40223], "size": [1, 0, 1], "uv": [33, 5]}
				]
			},
			{
				"name": "bone166",
				"parent": "bone163",
				"pivot": [5.52661, 26.19394, 4.62881],
				"rotation": [0, 0, 15.13268],
				"cubes": [
					{"origin": [6.82635, 26.65488, 4.40223], "size": [1, 0, 1], "uv": [33, 4]}
				]
			},
			{
				"name": "bone167",
				"parent": "bone161",
				"pivot": [8, 26, 5.375],
				"rotation": [0, 95, 5]
			},
			{
				"name": "bone168",
				"parent": "bone167",
				"pivot": [3.58398, 26.04378, 5.625],
				"rotation": [0, 0, -11.1227],
				"cubes": [
					{"origin": [4.95354, 25.88219, 5.39842], "size": [1, 0, 1], "uv": [33, 3]}
				]
			},
			{
				"name": "bone169",
				"parent": "bone167",
				"pivot": [4.56543, 26.23673, 5.625],
				"rotation": [0, 0, 2.45273],
				"cubes": [
					{"origin": [5.93465, 26.40113, 5.39842], "size": [1, 0, 1], "uv": [3, 33]}
				]
			},
			{
				"name": "bone170",
				"parent": "bone167",
				"pivot": [5.56445, 26.19394, 5.625],
				"rotation": [0, 0, 15.13268],
				"cubes": [
					{"origin": [6.86419, 26.65488, 5.39842], "size": [1, 0, 1], "uv": [23, 32]}
				]
			},
			{
				"name": "bone171",
				"parent": "someotherstrangethings",
				"pivot": [0, 18, 0]
			},
			{
				"name": "bone172",
				"parent": "bone171",
				"pivot": [-4.25, 27.5, 1],
				"rotation": [-5, 5, -30],
				"cubes": [
					{"origin": [-6.25, 23, -1], "size": [4, 4, 4], "uv": [24, 16]},
					{"origin": [-6.75, 25, -1.5], "size": [1, 1, 1], "uv": [30, 52]},
					{"origin": [-2.75, 25, 2.5], "size": [1, 1, 1], "uv": [50, 37]},
					{"origin": [-2.75, 25, 0.5], "size": [1, 1, 1], "uv": [48, 9]},
					{"origin": [-2.75, 25, -1.5], "size": [1, 1, 1], "uv": [14, 47]},
					{"origin": [-6.75, 25, 0.5], "size": [1, 1, 1], "uv": [6, 47]},
					{"origin": [-6.75, 25, 2.5], "size": [1, 1, 1], "uv": [44, 4]},
					{"origin": [-4.75, 25, -1.5], "size": [1, 1, 1], "uv": [44, 2]},
					{"origin": [-4.75, 25, 2.5], "size": [1, 1, 1], "uv": [41, 41]}
				]
			},
			{
				"name": "bone173",
				"parent": "bone172",
				"pivot": [-4, 11.25, 4.375],
				"rotation": [0, -75, 0]
			},
			{
				"name": "bone174",
				"parent": "bone173",
				"pivot": [-7.875, 26, 5.375],
				"rotation": [-15, 5, 0]
			},
			{
				"name": "bone175",
				"parent": "bone174",
				"pivot": [-7.875, 26, 5.375],
				"rotation": [0, -90, 0]
			},
			{
				"name": "bone176",
				"parent": "bone175",
				"pivot": [-3.54614, 26.04378, 4.62881],
				"rotation": [0, 0, 11.1227],
				"cubes": [
					{"origin": [-5.91569, 25.88219, 4.40223], "size": [1, 0, 1], "uv": [17, 32]}
				]
			},
			{
				"name": "bone177",
				"parent": "bone175",
				"pivot": [-4.52759, 26.23673, 4.62881],
				"rotation": [0, 0, -2.45273],
				"cubes": [
					{"origin": [-6.8968, 26.40113, 4.40223], "size": [1, 0, 1], "uv": [3, 32]}
				]
			},
			{
				"name": "bone178",
				"parent": "bone175",
				"pivot": [-5.52661, 26.19394, 4.62881],
				"rotation": [0, 0, -15.13268],
				"cubes": [
					{"origin": [-7.82635, 26.65488, 4.40223], "size": [1, 0, 1], "uv": [5, 21]}
				]
			},
			{
				"name": "bone179",
				"parent": "bone173",
				"pivot": [-8, 26, 5.375],
				"rotation": [0, -95, -5]
			},
			{
				"name": "bone180",
				"parent": "bone179",
				"pivot": [-3.58398, 26.04378, 5.625],
				"rotation": [0, 0, 11.1227],
				"cubes": [
					{"origin": [-5.95354, 25.88219, 5.39842], "size": [1, 0, 1], "uv": [5, 20]}
				]
			},
			{
				"name": "bone181",
				"parent": "bone179",
				"pivot": [-4.56543, 26.23673, 5.625],
				"rotation": [0, 0, -2.45273],
				"cubes": [
					{"origin": [-6.93465, 26.40113, 5.39842], "size": [1, 0, 1], "uv": [5, 17]}
				]
			},
			{
				"name": "bone182",
				"parent": "bone179",
				"pivot": [-5.56445, 26.19394, 5.625],
				"rotation": [0, 0, -15.13268],
				"cubes": [
					{"origin": [-7.86419, 26.65488, 5.39842], "size": [1, 0, 1], "uv": [5, 16]}
				]
			},
			{
				"name": "bone194",
				"parent": "bone172",
				"pivot": [-4.25, 27.5, 1]
			},
			{
				"name": "armRight",
				"pivot": [-3, 17.5, 0],
				"rotation": [0, 0, 25],
				"cubes": [
					{"origin": [-5, 8.5, -1], "size": [2, 8, 2], "uv": [44, 41]}
				]
			},
			{
				"name": "additions",
				"parent": "armRight",
				"pivot": [0, -1, 0],
				"cubes": [
					{"origin": [-5, 15.5, -1], "size": [2, 2, 2], "uv": [0, 4], "inflate": 0.25},
					{"origin": [-5, 14.5, -1], "size": [2, 1, 2], "uv": [18, 32], "inflate": 0.1},
					{"origin": [-5, 12.75, -1], "size": [2, 2, 2], "uv": [0, 0], "inflate": 0.15}
				]
			},
			{
				"name": "bone160",
				"parent": "additions",
				"pivot": [0, 0, 0]
			},
			{
				"name": "bone63",
				"parent": "bone160",
				"pivot": [-3.875, 14.75, 1],
				"rotation": [-5, 0, 5]
			},
			{
				"name": "bone56",
				"parent": "bone63",
				"pivot": [-3.875, 14.75, 1],
				"rotation": [0, -90, 0]
			},
			{
				"name": "bone57",
				"parent": "bone56",
				"pivot": [0.45386, 14.79378, 0.25381],
				"rotation": [0, 0, 11.1227],
				"cubes": [
					{"origin": [-1.91569, 14.63219, 0.02723], "size": [1, 0, 1], "uv": [3, 36]}
				]
			},
			{
				"name": "bone61",
				"parent": "bone56",
				"pivot": [-0.52759, 14.98673, 0.25381],
				"rotation": [0, 0, -2.45273],
				"cubes": [
					{"origin": [-2.8968, 15.15113, 0.02723], "size": [1, 0, 1], "uv": [23, 35]}
				]
			},
			{
				"name": "bone62",
				"parent": "bone56",
				"pivot": [-1.52661, 14.94394, 0.25381],
				"rotation": [0, 0, -15.13268],
				"cubes": [
					{"origin": [-3.82635, 15.40488, 0.02723], "size": [1, 0, 1], "uv": [17, 35]}
				]
			},
			{
				"name": "bone55",
				"parent": "bone160",
				"pivot": [-4, 14.75, 1],
				"rotation": [0, -100, 0]
			},
			{
				"name": "bone58",
				"parent": "bone55",
				"pivot": [0.41602, 14.79378, 1.25],
				"rotation": [0, 0, 11.1227],
				"cubes": [
					{"origin": [-1.95354, 14.63219, 1.02342], "size": [1, 0, 1], "uv": [2, 35]}
				]
			},
			{
				"name": "bone59",
				"parent": "bone55",
				"pivot": [-0.56543, 14.98673, 1.25],
				"rotation": [0, 0, -2.45273],
				"cubes": [
					{"origin": [-2.93465, 15.15113, 1.02342], "size": [1, 0, 1], "uv": [23, 33]}
				]
			},
			{
				"name": "bone60",
				"parent": "bone55",
				"pivot": [-1.56445, 14.94394, 1.25],
				"rotation": [0, 0, -15.13268],
				"cubes": [
					{"origin": [-3.86419, 15.40488, 1.02342], "size": [1, 0, 1], "uv": [17, 33]}
				]
			},
			{
				"name": "bone46",
				"parent": "additions",
				"pivot": [-4, 13.25, 0],
				"rotation": [0, -30, 0]
			},
			{
				"name": "bone47",
				"parent": "bone46",
				"pivot": [-4, 13.25, 0]
			},
			{
				"name": "bone48",
				"parent": "bone47",
				"pivot": [-4, 13.25, 1.22474],
				"rotation": [23, 0, 0]
			},
			{
				"name": "bone49",
				"parent": "bone48",
				"pivot": [-4, 13.25, 1.22474],
				"rotation": [0, -45, 0],
				"cubes": [
					{"origin": [-4.5, 13.25, 0.72474], "size": [1, 1, 1], "uv": [58, 35], "inflate": 0.2}
				]
			},
			{
				"name": "bone50",
				"parent": "bone46",
				"pivot": [-4, 13.25, 0],
				"rotation": [0, -60, 0]
			},
			{
				"name": "bone51",
				"parent": "bone50",
				"pivot": [-4, 13.25, 1.22474],
				"rotation": [23, 0, 0]
			},
			{
				"name": "bone52",
				"parent": "bone51",
				"pivot": [-4, 13.25, 1.22474],
				"rotation": [0, -45, 0],
				"cubes": [
					{"origin": [-4.5, 13.25, 0.72474], "size": [1, 1, 1], "uv": [58, 33], "inflate": 0.2}
				]
			},
			{
				"name": "bone53",
				"parent": "bone46",
				"pivot": [-4, 13.25, 0],
				"rotation": [0, -120, 0]
			},
			{
				"name": "bone54",
				"parent": "bone53",
				"pivot": [-4, 13.25, 1.22474],
				"rotation": [23, 0, 0]
			},
			{
				"name": "bone86",
				"parent": "bone54",
				"pivot": [-4, 13.25, 1.22474],
				"rotation": [0, -45, 0],
				"cubes": [
					{"origin": [-4.5, 13.25, 0.72474], "size": [1, 1, 1], "uv": [58, 31], "inflate": 0.2}
				]
			},
			{
				"name": "bone87",
				"parent": "bone46",
				"pivot": [-4, 13.25, 0],
				"rotation": [0, -180, 0]
			},
			{
				"name": "bone88",
				"parent": "bone87",
				"pivot": [-4, 13.25, 1.22474],
				"rotation": [23, 0, 0]
			},
			{
				"name": "bone89",
				"parent": "bone88",
				"pivot": [-4, 13.25, 1.22474],
				"rotation": [0, -45, 0],
				"cubes": [
					{"origin": [-4.5, 13.25, 0.72474], "size": [1, 1, 1], "uv": [58, 29], "inflate": 0.2}
				]
			},
			{
				"name": "bone90",
				"parent": "bone46",
				"pivot": [-4, 13.25, 0],
				"rotation": [0, -240, 0]
			},
			{
				"name": "bone91",
				"parent": "bone90",
				"pivot": [-4, 13.25, 1.22474],
				"rotation": [23, 0, 0]
			},
			{
				"name": "bone92",
				"parent": "bone91",
				"pivot": [-4, 13.25, 1.22474],
				"rotation": [0, -45, 0],
				"cubes": [
					{"origin": [-4.5, 13.25, 0.72474], "size": [1, 1, 1], "uv": [19, 58], "inflate": 0.2}
				]
			},
			{
				"name": "bone93",
				"parent": "bone46",
				"pivot": [-4, 13.25, 0],
				"rotation": [0, -300, 0]
			},
			{
				"name": "bone94",
				"parent": "bone93",
				"pivot": [-4, 13.25, 1.22474],
				"rotation": [23, 0, 0]
			},
			{
				"name": "bone95",
				"parent": "bone94",
				"pivot": [-4, 13.25, 1.22474],
				"rotation": [0, -45, 0],
				"cubes": [
					{"origin": [-4.5, 13.25, 0.72474], "size": [1, 1, 1], "uv": [58, 18], "inflate": 0.2}
				]
			},
			{
				"name": "bd",
				"parent": "armRight",
				"pivot": [-3, 17.5, 0]
			},
			{
				"name": "bone96",
				"parent": "bd",
				"pivot": [-3, 17.5, -1],
				"rotation": [0, 22.5, 0],
				"cubes": [
					{"origin": [-4, 9.5, 0], "size": [0, 1, 6], "uv": [36, 13]}
				]
			},
			{
				"name": "bone97",
				"parent": "bd",
				"pivot": [-3, 18.5, -1],
				"rotation": [0, -12.5, 0],
				"cubes": [
					{"origin": [-4, 10.5, 0], "size": [0, 1, 6], "uv": [32, 19]}
				]
			},
			{
				"name": "bone98",
				"parent": "bd",
				"pivot": [-2, 18.5, -2],
				"rotation": [17.5, -12.5, 0],
				"cubes": [
					{"origin": [-3, 10.5, -1], "size": [0, 1, 6], "uv": [32, 18]}
				]
			},
			{
				"name": "armLeft",
				"pivot": [3, 17.5, 0],
				"rotation": [0, 0, -25],
				"cubes": [
					{"origin": [3, 8.5, -1], "size": [2, 8, 2], "uv": [44, 20]},
					{"origin": [3, 9.5, -1], "size": [2, 1.3, 2], "uv": [8, 56], "inflate": 0.1}
				]
			},
			{
				"name": "bone45",
				"parent": "armLeft",
				"pivot": [3, 17.5, 0],
				"cubes": [
					{"origin": [4, 9.6, 1], "size": [0, 1, 2], "uv": [31, 39]},
					{"origin": [4, 9.6, 4], "size": [0, 1, 2], "uv": [32, 13]},
					{"origin": [3.5, 10, 2.5], "size": [1, 0, 2], "uv": [4, 4]},
					{"origin": [3.5, 10, 5.5], "size": [1, 0, 2], "uv": [4, 0]}
				]
			},
			{
				"name": "additions2",
				"parent": "armLeft",
				"pivot": [8, -1, 0],
				"cubes": [
					{"origin": [3, 15.5, -1], "size": [2, 2, 2], "uv": [0, 20], "inflate": 0.25},
					{"origin": [3, 14.5, -1], "size": [2, 1, 2], "uv": [18, 35], "inflate": 0.1},
					{"origin": [3, 12.75, -1], "size": [2, 2, 2], "uv": [0, 16], "inflate": 0.15}
				]
			},
			{
				"name": "bone64",
				"parent": "additions2",
				"pivot": [4.125, 14.75, 1],
				"rotation": [-5, 0, 5]
			},
			{
				"name": "bone65",
				"parent": "bone64",
				"pivot": [4.125, 14.75, 1],
				"rotation": [0, -90, 0]
			},
			{
				"name": "bone66",
				"parent": "bone65",
				"pivot": [8.45386, 14.79378, 0.25381],
				"rotation": [0, 0, 11.1227],
				"cubes": [
					{"origin": [6.08431, 14.63219, 0.02723], "size": [1, 0, 1], "uv": [39, 23]}
				]
			},
			{
				"name": "bone67",
				"parent": "bone65",
				"pivot": [7.47241, 14.98673, 0.25381],
				"rotation": [0, 0, -2.45273],
				"cubes": [
					{"origin": [5.1032, 15.15113, 0.02723], "size": [1, 0, 1], "uv": [23, 39]}
				]
			},
			{
				"name": "bone68",
				"parent": "bone65",
				"pivot": [6.47339, 14.94394, 0.25381],
				"rotation": [0, 0, -15.13268],
				"cubes": [
					{"origin": [4.17365, 15.40488, 0.02723], "size": [1, 0, 1], "uv": [23, 38]}
				]
			},
			{
				"name": "bone69",
				"parent": "additions2",
				"pivot": [4, 14.75, 1],
				"rotation": [0, -100, 0]
			},
			{
				"name": "bone70",
				"parent": "bone69",
				"pivot": [8.41602, 14.79378, 1.25],
				"rotation": [0, 0, 11.1227],
				"cubes": [
					{"origin": [6.04646, 14.63219, 1.02342], "size": [1, 0, 1], "uv": [3, 37]}
				]
			},
			{
				"name": "bone71",
				"parent": "bone69",
				"pivot": [7.43457, 14.98673, 1.25],
				"rotation": [0, 0, -2.45273],
				"cubes": [
					{"origin": [5.06535, 15.15113, 1.02342], "size": [1, 0, 1], "uv": [23, 36]}
				]
			},
			{
				"name": "bone72",
				"parent": "bone69",
				"pivot": [6.43555, 14.94394, 1.25],
				"rotation": [0, 0, -15.13268],
				"cubes": [
					{"origin": [4.13581, 15.40488, 1.02342], "size": [1, 0, 1], "uv": [17, 36]}
				]
			},
			{
				"name": "bone73",
				"parent": "additions2",
				"pivot": [4, 13.25, 0],
				"rotation": [0, -30, 0]
			},
			{
				"name": "bone74",
				"parent": "bone73",
				"pivot": [4, 13.25, 0]
			},
			{
				"name": "bone75",
				"parent": "bone74",
				"pivot": [4, 13.25, 1.22474],
				"rotation": [23, 0, 0]
			},
			{
				"name": "bone76",
				"parent": "bone75",
				"pivot": [4, 13.25, 1.22474],
				"rotation": [0, -45, 0],
				"cubes": [
					{"origin": [3.5, 13.25, 0.72474], "size": [1, 1, 1], "uv": [12, 59], "inflate": 0.2}
				]
			},
			{
				"name": "bone77",
				"parent": "bone73",
				"pivot": [4, 13.25, 0],
				"rotation": [0, -60, 0]
			},
			{
				"name": "bone78",
				"parent": "bone77",
				"pivot": [4, 13.25, 1.22474],
				"rotation": [23, 0, 0]
			},
			{
				"name": "bone79",
				"parent": "bone78",
				"pivot": [4, 13.25, 1.22474],
				"rotation": [0, -45, 0],
				"cubes": [
					{"origin": [3.5, 13.25, 0.72474], "size": [1, 1, 1], "uv": [8, 59], "inflate": 0.2}
				]
			},
			{
				"name": "bone80",
				"parent": "bone73",
				"pivot": [4, 13.25, 0],
				"rotation": [0, -120, 0]
			},
			{
				"name": "bone81",
				"parent": "bone80",
				"pivot": [4, 13.25, 1.22474],
				"rotation": [23, 0, 0]
			},
			{
				"name": "bone82",
				"parent": "bone81",
				"pivot": [4, 13.25, 1.22474],
				"rotation": [0, -45, 0],
				"cubes": [
					{"origin": [3.5, 13.25, 0.72474], "size": [1, 1, 1], "uv": [58, 53], "inflate": 0.2}
				]
			},
			{
				"name": "bone83",
				"parent": "bone73",
				"pivot": [4, 13.25, 0],
				"rotation": [0, -180, 0]
			},
			{
				"name": "bone84",
				"parent": "bone83",
				"pivot": [4, 13.25, 1.22474],
				"rotation": [23, 0, 0]
			},
			{
				"name": "bone85",
				"parent": "bone84",
				"pivot": [4, 13.25, 1.22474],
				"rotation": [0, -45, 0],
				"cubes": [
					{"origin": [3.5, 13.25, 0.72474], "size": [1, 1, 1], "uv": [58, 51], "inflate": 0.2}
				]
			},
			{
				"name": "bone134",
				"parent": "bone73",
				"pivot": [4, 13.25, 0],
				"rotation": [0, -240, 0]
			},
			{
				"name": "bone135",
				"parent": "bone134",
				"pivot": [4, 13.25, 1.22474],
				"rotation": [23, 0, 0]
			},
			{
				"name": "bone136",
				"parent": "bone135",
				"pivot": [4, 13.25, 1.22474],
				"rotation": [0, -45, 0],
				"cubes": [
					{"origin": [3.5, 13.25, 0.72474], "size": [1, 1, 1], "uv": [50, 58], "inflate": 0.2}
				]
			},
			{
				"name": "bone137",
				"parent": "bone73",
				"pivot": [4, 13.25, 0],
				"rotation": [0, -300, 0]
			},
			{
				"name": "bone138",
				"parent": "bone137",
				"pivot": [4, 13.25, 1.22474],
				"rotation": [23, 0, 0]
			},
			{
				"name": "bone139",
				"parent": "bone138",
				"pivot": [4, 13.25, 1.22474],
				"rotation": [0, -45, 0],
				"cubes": [
					{"origin": [3.5, 13.25, 0.72474], "size": [1, 1, 1], "uv": [58, 37], "inflate": 0.2}
				]
			},
			{
				"name": "body",
				"pivot": [0, 10.5, 0],
				"cubes": [
					{"origin": [-3, 8.999, -3], "size": [6, 9, 6], "uv": [0, 32]},
					{"origin": [-3, 8.999, -3], "size": [6, 9, 6], "uv": [26, 26], "inflate": 0.1}
				]
			},
			{
				"name": "sittingRotationSkirt",
				"parent": "body",
				"pivot": [0, 10.5, 0]
			},
			{
				"name": "bone",
				"parent": "sittingRotationSkirt",
				"pivot": [0, 15.5, 0]
			},
			{
				"name": "bone2",
				"parent": "bone",
				"pivot": [0, 5, 0]
			},
			{
				"name": "bone3",
				"parent": "bone2",
				"pivot": [0, 5, 5.73769],
				"rotation": [33, 0, 0]
			},
			{
				"name": "bone4",
				"parent": "bone3",
				"pivot": [0, 5, 5.73769],
				"rotation": [0, -45, 0],
				"cubes": [
					{"origin": [-1, 5, 4.73769], "size": [2, 7, 2], "uv": [0, 56]}
				]
			},
			{
				"name": "bone5",
				"parent": "bone",
				"pivot": [0, 5, 0],
				"rotation": [0, -27.69231, 0]
			},
			{
				"name": "bone6",
				"parent": "bone5",
				"pivot": [0, 5, 5.73769],
				"rotation": [33, 0, 0]
			},
			{
				"name": "bone7",
				"parent": "bone6",
				"pivot": [0, 5, 5.73769],
				"rotation": [0, -45, 0],
				"cubes": [
					{"origin": [-1, 5, 4.73769], "size": [2, 7, 2], "uv": [52, 37]}
				]
			},
			{
				"name": "bone8",
				"parent": "bone",
				"pivot": [0, 5, 0],
				"rotation": [0, -55.38462, 0]
			},
			{
				"name": "bone9",
				"parent": "bone8",
				"pivot": [0, 5, 5.73769],
				"rotation": [33, 0, 0]
			},
			{
				"name": "bone10",
				"parent": "bone9",
				"pivot": [0, 5, 5.73769],
				"rotation": [0, -45, 0],
				"cubes": [
					{"origin": [-1, 5, 4.73769], "size": [2, 7, 2], "uv": [32, 52]}
				]
			},
			{
				"name": "bone11",
				"parent": "bone",
				"pivot": [0, 5, 0],
				"rotation": [0, -83.07692, 0]
			},
			{
				"name": "bone12",
				"parent": "bone11",
				"pivot": [0, 5, 5.73769],
				"rotation": [33, 0, 0]
			},
			{
				"name": "bone13",
				"parent": "bone12",
				"pivot": [0, 5, 5.73769],
				"rotation": [0, -45, 0],
				"cubes": [
					{"origin": [-1, 5, 4.73769], "size": [2, 7, 2], "uv": [24, 52]}
				]
			},
			{
				"name": "bone14",
				"parent": "bone",
				"pivot": [0, 5, 0],
				"rotation": [0, -110.76923, 0]
			},
			{
				"name": "bone15",
				"parent": "bone14",
				"pivot": [0, 5, 5.73769],
				"rotation": [33, 0, 0]
			},
			{
				"name": "bone16",
				"parent": "bone15",
				"pivot": [0, 5, 5.73769],
				"rotation": [0, -45, 0],
				"cubes": [
					{"origin": [-1, 5, 4.73769], "size": [2, 7, 2], "uv": [52, 18]}
				]
			},
			{
				"name": "bone17",
				"parent": "bone",
				"pivot": [0, 5, 0],
				"rotation": [0, -138.46154, 0]
			},
			{
				"name": "bone18",
				"parent": "bone17",
				"pivot": [0, 5, 5.73769],
				"rotation": [33, 0, 0]
			},
			{
				"name": "bone19",
				"parent": "bone18",
				"pivot": [0, 5, 5.73769],
				"rotation": [0, -45, 0],
				"cubes": [
					{"origin": [-1, 5, 4.73769], "size": [2, 7, 2], "uv": [52, 9]}
				]
			},
			{
				"name": "bone20",
				"parent": "bone",
				"pivot": [0, 5, 0],
				"rotation": [0, -166.15385, 0]
			},
			{
				"name": "bone21",
				"parent": "bone20",
				"pivot": [0, 5, 5.73769],
				"rotation": [33, 0, 0]
			},
			{
				"name": "bone22",
				"parent": "bone21",
				"pivot": [0, 5, 5.73769],
				"rotation": [0, -45, 0],
				"cubes": [
					{"origin": [-1, 5, 4.73769], "size": [2, 7, 2], "uv": [42, 51]}
				]
			},
			{
				"name": "bone23",
				"parent": "bone",
				"pivot": [0, 5, 0],
				"rotation": [0, -193.84615, 0]
			},
			{
				"name": "bone24",
				"parent": "bone23",
				"pivot": [0, 5, 5.73769],
				"rotation": [33, 0, 0]
			},
			{
				"name": "bone25",
				"parent": "bone24",
				"pivot": [0, 5, 5.73769],
				"rotation": [0, -45, 0],
				"cubes": [
					{"origin": [-1, 5, 4.73769], "size": [2, 7, 2], "uv": [50, 49]}
				]
			},
			{
				"name": "bone26",
				"parent": "bone",
				"pivot": [0, 5, 0],
				"rotation": [0, -221.53846, 0]
			},
			{
				"name": "bone27",
				"parent": "bone26",
				"pivot": [0, 5, 5.73769],
				"rotation": [33, 0, 0]
			},
			{
				"name": "bone28",
				"parent": "bone27",
				"pivot": [0, 5, 5.73769],
				"rotation": [0, -45, 0],
				"cubes": [
					{"origin": [-1, 5, 4.73769], "size": [2, 7, 2], "uv": [50, 28]}
				]
			},
			{
				"name": "bone29",
				"parent": "bone",
				"pivot": [0, 5, 0],
				"rotation": [0, -249.23077, 0]
			},
			{
				"name": "bone30",
				"parent": "bone29",
				"pivot": [0, 5, 5.73769],
				"rotation": [33, 0, 0]
			},
			{
				"name": "bone31",
				"parent": "bone30",
				"pivot": [0, 5, 5.73769],
				"rotation": [0, -45, 0],
				"cubes": [
					{"origin": [-1, 5, 4.73769], "size": [2, 7, 2], "uv": [48, 0]}
				]
			},
			{
				"name": "bone32",
				"parent": "bone",
				"pivot": [0, 5, 0],
				"rotation": [0, -276.92308, 0]
			},
			{
				"name": "bone33",
				"parent": "bone32",
				"pivot": [0, 5, 5.73769],
				"rotation": [33, 0, 0]
			},
			{
				"name": "bone34",
				"parent": "bone33",
				"pivot": [0, 5, 5.73769],
				"rotation": [0, -45, 0],
				"cubes": [
					{"origin": [-1, 5, 4.73769], "size": [2, 7, 2], "uv": [16, 47]}
				]
			},
			{
				"name": "bone35",
				"parent": "bone",
				"pivot": [0, 5, 0],
				"rotation": [0, -304.61538, 0]
			},
			{
				"name": "bone36",
				"parent": "bone35",
				"pivot": [0, 5, 5.73769],
				"rotation": [33, 0, 0]
			},
			{
				"name": "bone37",
				"parent": "bone36",
				"pivot": [0, 5, 5.73769],
				"rotation": [0, -45, 0],
				"cubes": [
					{"origin": [-1, 5, 4.73769], "size": [2, 7, 2], "uv": [8, 47]}
				]
			},
			{
				"name": "bone38",
				"parent": "bone",
				"pivot": [0, 5, 0],
				"rotation": [0, -332.30769, 0]
			},
			{
				"name": "bone39",
				"parent": "bone38",
				"pivot": [0, 5, 5.73769],
				"rotation": [33, 0, 0]
			},
			{
				"name": "bone40",
				"parent": "bone39",
				"pivot": [0, 5, 5.73769],
				"rotation": [0, -45, 0],
				"cubes": [
					{"origin": [-1, 5, 4.73769], "size": [2, 7, 2], "uv": [0, 47]}
				]
			},
			{
				"name": "mudan",
				"parent": "body",
				"pivot": [0, 15.95, -2.6],
				"rotation": [88, 0, 0]
			},
			{
				"name": "bone202",
				"parent": "mudan",
				"pivot": [0, 21.10509, 1.93111],
				"cubes": [
					{"origin": [-0.5, 16.42351, -3.16801], "size": [1, 1, 1], "uv": [59, 48], "inflate": -0.1}
				]
			},
			{
				"name": "bone195",
				"parent": "mudan",
				"pivot": [0, 16, -2.6]
			},
			{
				"name": "bone196",
				"parent": "bone195",
				"pivot": [0, 16.8, -2.6],
				"rotation": [-70, 0, 0],
				"cubes": [
					{"origin": [-1.5, 17.10902, -2.68503], "size": [3, 1, 0], "uv": [44, 31]}
				]
			},
			{
				"name": "bone197",
				"parent": "bone195",
				"pivot": [0, 16.8, -2.6],
				"rotation": [-70, -60, 0],
				"cubes": [
					{"origin": [-1.53022, 17.12541, -2.67906], "size": [3, 1, 0], "uv": [44, 30]}
				]
			},
			{
				"name": "bone198",
				"parent": "bone195",
				"pivot": [0, 16.8, -2.6],
				"rotation": [-70, -120, 0],
				"cubes": [
					{"origin": [-1.53022, 17.15821, -2.66712], "size": [3, 1, 0], "uv": [44, 1]}
				]
			},
			{
				"name": "bone199",
				"parent": "bone195",
				"pivot": [0, 16.8, -2.6],
				"rotation": [-70, -180, 0],
				"cubes": [
					{"origin": [-1.5, 17.17461, -2.66115], "size": [3, 1, 0], "uv": [44, 0]}
				]
			},
			{
				"name": "bone200",
				"parent": "bone195",
				"pivot": [0, 16.8, -2.6],
				"rotation": [-70, -240, 0],
				"cubes": [
					{"origin": [-1.46978, 17.15821, -2.66712], "size": [3, 1, 0], "uv": [31, 43]}
				]
			},
			{
				"name": "bone201",
				"parent": "bone195",
				"pivot": [0, 16.8, -2.6],
				"rotation": [-70, -300, 0],
				"cubes": [
					{"origin": [-1.46978, 17.12541, -2.67906], "size": [3, 1, 0], "uv": [31, 42]}
				]
			},
			{
				"name": "leaf",
				"parent": "mudan",
				"pivot": [0, 15.95, -2.6]
			},
			{
				"name": "bone206",
				"parent": "leaf",
				"pivot": [0, 24.23097, 12.21422]
			},
			{
				"name": "bone207",
				"parent": "bone206",
				"pivot": [0.08682, 20.94816, 2.22212],
				"rotation": [0, -10, 0],
				"cubes": [
					{"origin": [-1.11924, 16.96657, -2.87647], "size": [4, 0, 1], "uv": [55, 28]}
				]
			},
			{
				"name": "bone208",
				"parent": "bone206",
				"pivot": [0.04341, 20.95675, 1.97607],
				"rotation": [0, 10, 0],
				"cubes": [
					{"origin": [0.54947, 16.97517, -3.37253], "size": [4, 0, 1], "uv": [51, 48]}
				]
			},
			{
				"name": "bone203",
				"parent": "leaf",
				"pivot": [0, 24.23097, 12.21422]
			},
			{
				"name": "bone204",
				"parent": "bone203",
				"pivot": [-0.08682, 20.94816, 2.22212],
				"rotation": [0, 10, 0],
				"cubes": [
					{"origin": [-2.88076, 16.96657, -2.87647], "size": [4, 0, 1], "uv": [51, 27]}
				]
			},
			{
				"name": "bone205",
				"parent": "bone203",
				"pivot": [-0.04341, 20.95675, 1.97607],
				"rotation": [0, -10, 0],
				"cubes": [
					{"origin": [-4.64947, 16.97517, -3.37253], "size": [4, 0, 1], "uv": [23, 7]}
				]
			},
			{
				"name": "bone41",
				"parent": "body",
				"pivot": [0, 0, -1],
				"cubes": [
					{"origin": [-2.5, 14.001, -3.55], "size": [5, 4, 0], "uv": [56, 5]}
				]
			},
			{
				"name": "bone42",
				"parent": "bone41",
				"pivot": [0, 13.251, -3.55],
				"rotation": [65, 0, 0],
				"cubes": [
					{"origin": [-2.5, 14.15731, -11.47262], "size": [5, 0, 7], "uv": [17, 0]}
				]
			},
			{
				"name": "bone43",
				"parent": "bone42",
				"pivot": [0, 13.251, -4.05],
				"rotation": [-20, 0, 0],
				"cubes": [
					{"origin": [-2.5, 13.95811, -4.75711], "size": [5, 0, 2], "uv": [50, 46]}
				]
			},
			{
				"name": "bone44",
				"parent": "bone42",
				"pivot": [0, 13.251, -11.05],
				"rotation": [10, 0, 0],
				"cubes": [
					{"origin": [-2.5, 14.21693, -14.30882], "size": [5, 0, 3], "uv": [31, 0]}
				]
			},
			{
				"name": "chestPlate",
				"parent": "body",
				"pivot": [0, 10.5, 0]
			},
			{
				"name": "sinFloat",
				"parent": "chestPlate",
				"pivot": [0, 10.5, 0]
			},
			{
				"name": "jie",
				"parent": "sinFloat",
				"pivot": [0, 10.5, 0],
				"rotation": [22.5, 0, 0]
			},
			{
				"name": "bone99",
				"parent": "jie",
				"pivot": [0, 10.5, 0],
				"cubes": [
					{"origin": [11, 10.5, -3], "size": [1, 2, 1], "uv": [40, 20]}
				]
			},
			{
				"name": "bone100",
				"parent": "jie",
				"pivot": [0, 10.5, 0],
				"cubes": [
					{"origin": [11, 12.5, -3.5], "size": [1, 1, 2], "uv": [0, 32], "inflate": 0.1}
				]
			},
			{
				"name": "bone101",
				"parent": "bone100",
				"pivot": [12, 13.5, -3],
				"rotation": [-10, 0, 0],
				"cubes": [
					{"origin": [11, 13.5, -3], "size": [1, 2, 1.2], "uv": [0, 35]}
				]
			},
			{
				"name": "bone102",
				"parent": "bone101",
				"pivot": [12, 15.5, -3],
				"rotation": [-20, 0, 0],
				"cubes": [
					{"origin": [11, 15.5, -3], "size": [1, 3, 1.2], "uv": [32, 11]}
				]
			},
			{
				"name": "bone103",
				"parent": "bone102",
				"pivot": [12, 18.5, -3],
				"rotation": [-30, 0, 0],
				"cubes": [
					{"origin": [11, 18.5, -3], "size": [1, 3, 1.2], "uv": [24, 16]}
				]
			},
			{
				"name": "legLeft",
				"pivot": [2, 9, 0],
				"cubes": [
					{"origin": [0.499, 0.1, -1.5], "size": [2.75, 8.9, 3], "uv": [34, 41]},
					{"origin": [0.499, 0.1, -1.5], "size": [2.75, 2, 3], "uv": [56, 0], "inflate": 0.2}
				]
			},
			{
				"name": "legRight",
				"pivot": [-2, 9, 0],
				"cubes": [
					{"origin": [-3.249, 0.2, -1.5], "size": [2.75, 8.8, 3], "uv": [24, 41]},
					{"origin": [-3.249, 0.2, -1.5], "size": [2.75, 2, 3], "uv": [55, 55], "inflate": 0.2}
				]
			}
		]
	}
}