{
	"format_version": "1.10.0",
	"geometry.model": {
		"texturewidth": 128,
		"textureheight": 128,
		"visible_bounds_width": 3,
		"visible_bounds_height": 4,
		"visible_bounds_offset": [0, 1, 0],
		"bones": [
			{
				"name": "head",
				"pivot": [0, 18, 0],
				"cubes": [
					{"origin": [-4, 18, -4], "size": [8, 8, 8], "uv": [0, 16]},
					{"origin": [-4, 18, -4], "size": [8, 8, 8], "uv": [0, 0], "inflate": 0.1}
				]
			},
			{
				"name": "blink",
				"parent": "head",
				"pivot": [0, 18, 0],
				"cubes": [
					{"origin": [-4, 18, -4.001], "size": [8, 8, 0], "uv": [24, 41]}
				]
			},
			{
				"name": "les",
				"parent": "head",
				"pivot": [0, 18, 0],
				"cubes": [
					{"origin": [-4.5, 25.5, -1], "size": [9, 1, 1], "uv": [32, 23]},
					{"origin": [-2.5, 26, 0], "size": [5, 1, 0], "uv": [24, 5]},
					{"origin": [2.5, 25.75, -1], "size": [1, 1, 1], "uv": [32, 59]},
					{"origin": [0.5, 26, -1], "size": [1, 1, 1], "uv": [6, 58]},
					{"origin": [-1.5, 26, -1], "size": [1, 1, 1], "uv": [24, 57]},
					{"origin": [-3.5, 25.75, -1], "size": [1, 1, 1], "uv": [56, 49]},
					{"origin": [-4.75, 18.5, -1.001], "size": [1, 1, 1], "uv": [56, 31]},
					{"origin": [-5.25, 20.5, -1], "size": [2, 1, 1], "uv": [0, 22]},
					{"origin": [-5.25, 22.5, -1], "size": [2, 1, 1], "uv": [0, 20]},
					{"origin": [-5, 19.5, -0.001], "size": [1, 5, 0], "uv": [28, 16]},
					{"origin": [-4.75, 24.5, -1], "size": [1, 1, 1], "uv": [56, 11]},
					{"origin": [3.75, 18.5, -1.001], "size": [1, 1, 1], "uv": [56, 9]},
					{"origin": [3.25, 20.5, -1], "size": [2, 1, 1], "uv": [0, 18]},
					{"origin": [3.25, 22.5, -1], "size": [2, 1, 1], "uv": [0, 16]},
					{"origin": [4, 19.5, -0.001], "size": [1, 5, 0], "uv": [6, 16]},
					{"origin": [3.75, 24.5, -1], "size": [1, 1, 1], "uv": [16, 55]}
				]
			},
			{
				"name": "braidRight",
				"parent": "head",
				"pivot": [-4, 18, -4],
				"rotation": [-40, 45, 0]
			},
			{
				"name": "bone87",
				"parent": "braidRight",
				"pivot": [-4, 7.84736, 11.90358],
				"rotation": [0, -135, 0],
				"cubes": [
					{"origin": [-14.24553, 15, 21.14911], "size": [1, 0.5, 1], "uv": [125, 127]},
					{"origin": [-15.24553, 17, 22.14911], "size": [1, 0.5, 1], "uv": [125, 127]},
					{"origin": [-16.24553, 19, 23.14911], "size": [1, 0.5, 1], "uv": [125, 127]},
					{"origin": [-14.49553, 15.5, 21.39911], "size": [1, 0.5, 1], "uv": [125, 127]},
					{"origin": [-15.49553, 17.5, 22.39911], "size": [1, 0.5, 1], "uv": [125, 127]},
					{"origin": [-16.49553, 19.5, 23.39911], "size": [1, 0.5, 1], "uv": [125, 127]},
					{"origin": [-14.74553, 16, 21.64911], "size": [1, 0.5, 1], "uv": [125, 127]},
					{"origin": [-15.74553, 18, 22.64911], "size": [1, 0.5, 1], "uv": [125, 127]},
					{"origin": [-16.74553, 20, 23.64911], "size": [1, 0.5, 1], "uv": [125, 127]},
					{"origin": [-14.99553, 16.5, 21.89911], "size": [1, 0.5, 1], "uv": [125, 127]},
					{"origin": [-15.99553, 18.5, 22.89911], "size": [1, 0.5, 1], "uv": [125, 127]},
					{"origin": [-16.99553, 20.5, 23.89911], "size": [1, 0.5, 1], "uv": [125, 127]}
				]
			},
			{
				"name": "decoration",
				"parent": "head",
				"pivot": [0, 10, 0],
				"rotation": [0, 45, 0]
			},
			{
				"name": "bone94",
				"parent": "decoration",
				"pivot": [0, 10, -10.5],
				"rotation": [0, 0, -10],
				"cubes": [
					{"origin": [0.11073, 16.29924, -7.07936], "size": [1, 1, 1], "uv": [52, 54]},
					{"origin": [1.11073, 15.29924, -6.57936], "size": [1, 1, 0], "uv": [48, 22]}
				]
			},
			{
				"name": "bone95",
				"parent": "decoration",
				"pivot": [0, 10, -10.5],
				"rotation": [0, 0, 10],
				"cubes": [
					{"origin": [-1.11073, 16.29924, -7.07936], "size": [1, 1, 1], "uv": [54, 0]},
					{"origin": [-2.11073, 15.29924, -6.57936], "size": [1, 1, 0], "uv": [47, 43]}
				]
			},
			{
				"name": "braidLeft",
				"parent": "head",
				"pivot": [-4, 18, -4],
				"rotation": [-40, -45, 0]
			},
			{
				"name": "bone44",
				"parent": "braidLeft",
				"pivot": [-4, 7.84736, 11.90358],
				"rotation": [0, -135, 0],
				"cubes": [
					{"origin": [-21.30971, 11.36384, 20.21328], "size": [1, 0.5, 1], "uv": [125, 127]},
					{"origin": [-22.30971, 13.36384, 21.21328], "size": [1, 0.5, 1], "uv": [125, 127]},
					{"origin": [-23.30971, 15.36384, 22.21328], "size": [1, 0.5, 1], "uv": [125, 127]},
					{"origin": [-21.55971, 11.86384, 20.46328], "size": [1, 0.5, 1], "uv": [125, 127]},
					{"origin": [-22.55971, 13.86384, 21.46328], "size": [1, 0.5, 1], "uv": [125, 127]},
					{"origin": [-23.55971, 15.86384, 22.46328], "size": [1, 0.5, 1], "uv": [125, 127]},
					{"origin": [-21.80971, 12.36384, 20.71328], "size": [1, 0.5, 1], "uv": [125, 127]},
					{"origin": [-22.80971, 14.36384, 21.71328], "size": [1, 0.5, 1], "uv": [125, 127]},
					{"origin": [-23.80971, 16.36384, 22.71328], "size": [1, 0.5, 1], "uv": [125, 127]},
					{"origin": [-22.05971, 12.86384, 20.96328], "size": [1, 0.5, 1], "uv": [125, 127]},
					{"origin": [-23.05971, 14.86384, 21.96328], "size": [1, 0.5, 1], "uv": [125, 127]},
					{"origin": [-24.05971, 16.86384, 22.96328], "size": [1, 0.5, 1], "uv": [125, 127]}
				]
			},
			{
				"name": "decoration2",
				"parent": "head",
				"pivot": [0, 10, 0],
				"rotation": [0, -45, 0]
			},
			{
				"name": "bone134",
				"parent": "decoration2",
				"pivot": [0, 10, -10.5],
				"rotation": [0, 0, -10],
				"cubes": [
					{"origin": [0.11073, 16.29924, -7.07936], "size": [1, 1, 1], "uv": [51, 22]},
					{"origin": [1.11073, 15.29924, -6.57936], "size": [1, 1, 0], "uv": [44, 27]}
				]
			},
			{
				"name": "bone135",
				"parent": "decoration2",
				"pivot": [0, 10, -10.5],
				"rotation": [0, 0, 10],
				"cubes": [
					{"origin": [-1.11073, 16.29924, -7.07936], "size": [1, 1, 1], "uv": [50, 46]},
					{"origin": [-2.11073, 15.29924, -6.57936], "size": [1, 1, 0], "uv": [40, 43]}
				]
			},
			{
				"name": "armRight",
				"pivot": [-3, 17.5, 0],
				"rotation": [0, 0, 25],
				"cubes": [
					{"origin": [-5, 8.5, -1], "size": [2, 8, 2], "uv": [50, 32]},
					{"origin": [-5.5, 13.5, -1.5], "size": [3, 4, 3], "uv": [44, 25], "inflate": -0.2},
					{"origin": [-5.5, 8.5, -1.5], "size": [3, 2, 3], "uv": [47, 49], "inflate": -0.3}
				]
			},
			{
				"name": "armLeft",
				"pivot": [3, 17.5, 0],
				"rotation": [0, 0, -25],
				"cubes": [
					{"origin": [2.5, 13.5, -1.5], "size": [3, 4, 3], "uv": [42, 15], "inflate": -0.2},
					{"origin": [2.5, 8.5, -1.5], "size": [3, 2, 3], "uv": [24, 0], "inflate": -0.3},
					{"origin": [3, 8.5, -1], "size": [2, 8, 2], "uv": [30, 49]}
				]
			},
			{
				"name": "body",
				"pivot": [0, 10.5, 0],
				"cubes": [
					{"origin": [-3, 8.999, -3], "size": [6, 9, 6], "uv": [32, 0]},
					{"origin": [-3, 8.999, -3], "size": [6, 9, 6], "uv": [0, 32], "inflate": 0.1},
					{"origin": [-3, 8.999, -3], "size": [6, 9, 6], "uv": [26, 26], "inflate": 0.12},
					{"origin": [-3, 9.999, -3], "size": [6, 1, 6], "uv": [24, 16], "inflate": 0.15}
				]
			},
			{
				"name": "sittingRotationSkirt",
				"parent": "body",
				"pivot": [0, 10.5, 0]
			},
			{
				"name": "bone",
				"parent": "sittingRotationSkirt",
				"pivot": [0, 15.5, 0]
			},
			{
				"name": "bone2",
				"parent": "bone",
				"pivot": [0, 5, 0]
			},
			{
				"name": "bone3",
				"parent": "bone2",
				"pivot": [0, 5, 6.19607],
				"rotation": [41, 0, 0]
			},
			{
				"name": "bone4",
				"parent": "bone3",
				"pivot": [0, 5, 6.19607],
				"rotation": [0, -45, 0],
				"cubes": [
					{"origin": [-1, 5, 5.19607], "size": [2, 7, 2], "uv": [72, 18]}
				]
			},
			{
				"name": "bone5",
				"parent": "bone",
				"pivot": [0, 5, 0],
				"rotation": [0, -25.71429, 0]
			},
			{
				"name": "bone6",
				"parent": "bone5",
				"pivot": [0, 5, 6.19607],
				"rotation": [41, 0, 0]
			},
			{
				"name": "bone7",
				"parent": "bone6",
				"pivot": [0, 5, 6.19607],
				"rotation": [0, -45, 0],
				"cubes": [
					{"origin": [-1, 5, 5.19607], "size": [2, 7, 2], "uv": [56, 70]}
				]
			},
			{
				"name": "bone8",
				"parent": "bone",
				"pivot": [0, 5, 0],
				"rotation": [0, -51.42857, 0]
			},
			{
				"name": "bone9",
				"parent": "bone8",
				"pivot": [0, 5, 6.19607],
				"rotation": [41, 0, 0]
			},
			{
				"name": "bone10",
				"parent": "bone9",
				"pivot": [0, 5, 6.19607],
				"rotation": [0, -45, 0],
				"cubes": [
					{"origin": [-1, 5, 5.19607], "size": [2, 7, 2], "uv": [70, 45]}
				]
			},
			{
				"name": "bone11",
				"parent": "bone",
				"pivot": [0, 5, 0],
				"rotation": [0, -77.14286, 0]
			},
			{
				"name": "bone12",
				"parent": "bone11",
				"pivot": [0, 5, 6.19607],
				"rotation": [41, 0, 0]
			},
			{
				"name": "bone13",
				"parent": "bone12",
				"pivot": [0, 5, 6.19607],
				"rotation": [0, -45, 0],
				"cubes": [
					{"origin": [-1, 5, 5.19607], "size": [2, 7, 2], "uv": [32, 70]}
				]
			},
			{
				"name": "bone14",
				"parent": "bone",
				"pivot": [0, 5, 0],
				"rotation": [0, -102.85714, 0]
			},
			{
				"name": "bone15",
				"parent": "bone14",
				"pivot": [0, 5, 6.19607],
				"rotation": [41, 0, 0]
			},
			{
				"name": "bone16",
				"parent": "bone15",
				"pivot": [0, 5, 6.19607],
				"rotation": [0, -45, 0],
				"cubes": [
					{"origin": [-1, 5, 5.19607], "size": [2, 7, 2], "uv": [70, 9]}
				]
			},
			{
				"name": "bone17",
				"parent": "bone",
				"pivot": [0, 5, 0],
				"rotation": [0, -128.57143, 0]
			},
			{
				"name": "bone18",
				"parent": "bone17",
				"pivot": [0, 5, 6.19607],
				"rotation": [41, 0, 0]
			},
			{
				"name": "bone19",
				"parent": "bone18",
				"pivot": [0, 5, 6.19607],
				"rotation": [0, -45, 0],
				"cubes": [
					{"origin": [-1, 5, 5.19607], "size": [2, 7, 2], "uv": [68, 63]}
				]
			},
			{
				"name": "bone20",
				"parent": "bone",
				"pivot": [0, 5, 0],
				"rotation": [0, -154.28571, 0]
			},
			{
				"name": "bone21",
				"parent": "bone20",
				"pivot": [0, 5, 6.19607],
				"rotation": [41, 0, 0]
			},
			{
				"name": "bone22",
				"parent": "bone21",
				"pivot": [0, 5, 6.19607],
				"rotation": [0, -45, 0],
				"cubes": [
					{"origin": [-1, 5, 5.19607], "size": [2, 7, 2], "uv": [68, 54]}
				]
			},
			{
				"name": "bone23",
				"parent": "bone",
				"pivot": [0, 5, 0],
				"rotation": [0, -180, 0]
			},
			{
				"name": "bone24",
				"parent": "bone23",
				"pivot": [0, 5, 6.19607],
				"rotation": [41, 0, 0]
			},
			{
				"name": "bone25",
				"parent": "bone24",
				"pivot": [0, 5, 6.19607],
				"rotation": [0, -45, 0],
				"cubes": [
					{"origin": [-1, 5, 5.19607], "size": [2, 7, 2], "uv": [24, 68]}
				]
			},
			{
				"name": "bone26",
				"parent": "bone",
				"pivot": [0, 5, 0],
				"rotation": [0, -205.71429, 0]
			},
			{
				"name": "bone27",
				"parent": "bone26",
				"pivot": [0, 5, 6.19607],
				"rotation": [41, 0, 0]
			},
			{
				"name": "bone28",
				"parent": "bone27",
				"pivot": [0, 5, 6.19607],
				"rotation": [0, -45, 0],
				"cubes": [
					{"origin": [-1, 5, 5.19607], "size": [2, 7, 2], "uv": [68, 0]}
				]
			},
			{
				"name": "bone29",
				"parent": "bone",
				"pivot": [0, 5, 0],
				"rotation": [0, -231.42857, 0]
			},
			{
				"name": "bone30",
				"parent": "bone29",
				"pivot": [0, 5, 6.19607],
				"rotation": [41, 0, 0]
			},
			{
				"name": "bone31",
				"parent": "bone30",
				"pivot": [0, 5, 6.19607],
				"rotation": [0, -45, 0],
				"cubes": [
					{"origin": [-1, 5, 5.19607], "size": [2, 7, 2], "uv": [0, 67]}
				]
			},
			{
				"name": "bone32",
				"parent": "bone",
				"pivot": [0, 5, 0],
				"rotation": [0, -257.14286, 0]
			},
			{
				"name": "bone33",
				"parent": "bone32",
				"pivot": [0, 5, 6.19607],
				"rotation": [41, 0, 0]
			},
			{
				"name": "bone34",
				"parent": "bone33",
				"pivot": [0, 5, 6.19607],
				"rotation": [0, -45, 0],
				"cubes": [
					{"origin": [-1, 5, 5.19607], "size": [2, 7, 2], "uv": [66, 25]}
				]
			},
			{
				"name": "bone35",
				"parent": "bone",
				"pivot": [0, 5, 0],
				"rotation": [0, -282.85714, 0]
			},
			{
				"name": "bone36",
				"parent": "bone35",
				"pivot": [0, 5, 6.19607],
				"rotation": [41, 0, 0]
			},
			{
				"name": "bone37",
				"parent": "bone36",
				"pivot": [0, 5, 6.19607],
				"rotation": [0, -45, 0],
				"cubes": [
					{"origin": [-1, 5, 5.19607], "size": [2, 7, 2], "uv": [16, 66]}
				]
			},
			{
				"name": "bone38",
				"parent": "bone",
				"pivot": [0, 5, 0],
				"rotation": [0, -308.57143, 0]
			},
			{
				"name": "bone39",
				"parent": "bone38",
				"pivot": [0, 5, 6.19607],
				"rotation": [41, 0, 0]
			},
			{
				"name": "bone40",
				"parent": "bone39",
				"pivot": [0, 5, 6.19607],
				"rotation": [0, -45, 0],
				"cubes": [
					{"origin": [-1, 5, 5.19607], "size": [2, 7, 2], "uv": [64, 38]}
				]
			},
			{
				"name": "bone41",
				"parent": "bone",
				"pivot": [0, 5, 0],
				"rotation": [0, -334.28571, 0]
			},
			{
				"name": "bone42",
				"parent": "bone41",
				"pivot": [0, 5, 6.19607],
				"rotation": [41, 0, 0]
			},
			{
				"name": "bone43",
				"parent": "bone42",
				"pivot": [0, 5, 6.19607],
				"rotation": [0, -45, 0],
				"cubes": [
					{"origin": [-1, 5, 5.19607], "size": [2, 7, 2], "uv": [64, 16]}
				]
			},
			{
				"name": "bone89",
				"parent": "sittingRotationSkirt",
				"pivot": [0, 16.5, 0]
			},
			{
				"name": "bone90",
				"parent": "bone89",
				"pivot": [0, 6, 0]
			},
			{
				"name": "bone91",
				"parent": "bone90",
				"pivot": [0, 6, 6.19607],
				"rotation": [41, 0, 0]
			},
			{
				"name": "bone92",
				"parent": "bone91",
				"pivot": [0, 6, 6.19607],
				"rotation": [0, -45, 0]
			},
			{
				"name": "bone93",
				"parent": "bone89",
				"pivot": [0, 6, 0],
				"rotation": [0, -25.71429, 0]
			},
			{
				"name": "bone96",
				"parent": "bone93",
				"pivot": [0, 6, 6.19607],
				"rotation": [41, 0, 0]
			},
			{
				"name": "bone97",
				"parent": "bone96",
				"pivot": [0, 6, 6.19607],
				"rotation": [0, -45, 0]
			},
			{
				"name": "bone98",
				"parent": "bone89",
				"pivot": [0, 6, 0],
				"rotation": [0, -51.42857, 0]
			},
			{
				"name": "bone99",
				"parent": "bone98",
				"pivot": [0, 6, 6.19607],
				"rotation": [41, 0, 0]
			},
			{
				"name": "bone100",
				"parent": "bone99",
				"pivot": [0, 6, 6.19607],
				"rotation": [0, -45, 0]
			},
			{
				"name": "bone101",
				"parent": "bone89",
				"pivot": [0, 6, 0],
				"rotation": [0, -77.14286, 0]
			},
			{
				"name": "bone102",
				"parent": "bone101",
				"pivot": [0, 6, 6.19607],
				"rotation": [41, 0, 0]
			},
			{
				"name": "bone103",
				"parent": "bone102",
				"pivot": [0, 6, 6.19607],
				"rotation": [0, -45, 0]
			},
			{
				"name": "bone104",
				"parent": "bone89",
				"pivot": [0, 6, 0],
				"rotation": [0, -102.85714, 0]
			},
			{
				"name": "bone105",
				"parent": "bone104",
				"pivot": [0, 6, 6.19607],
				"rotation": [41, 0, 0]
			},
			{
				"name": "bone106",
				"parent": "bone105",
				"pivot": [0, 6, 6.19607],
				"rotation": [0, -45, 0]
			},
			{
				"name": "bone107",
				"parent": "bone89",
				"pivot": [0, 6, 0],
				"rotation": [0, -128.57143, 0]
			},
			{
				"name": "bone108",
				"parent": "bone107",
				"pivot": [0, 6, 6.19607],
				"rotation": [41, 0, 0]
			},
			{
				"name": "bone109",
				"parent": "bone108",
				"pivot": [0, 6, 6.19607],
				"rotation": [0, -45, 0],
				"cubes": [
					{"origin": [-1, 6, 5.19607], "size": [2, 7, 2], "uv": [10, 55]}
				]
			},
			{
				"name": "bone110",
				"parent": "bone89",
				"pivot": [0, 6, 0],
				"rotation": [0, -154.28571, 0]
			},
			{
				"name": "bone111",
				"parent": "bone110",
				"pivot": [0, 6, 6.19607],
				"rotation": [41, 0, 0]
			},
			{
				"name": "bone112",
				"parent": "bone111",
				"pivot": [0, 6, 6.19607],
				"rotation": [0, -45, 0],
				"cubes": [
					{"origin": [-1, 6, 5.19607], "size": [2, 7, 2], "uv": [54, 54]}
				]
			},
			{
				"name": "bone113",
				"parent": "bone89",
				"pivot": [0, 6, 0],
				"rotation": [0, -180, 0]
			},
			{
				"name": "bone114",
				"parent": "bone113",
				"pivot": [0, 6, 6.19607],
				"rotation": [41, 0, 0]
			},
			{
				"name": "bone115",
				"parent": "bone114",
				"pivot": [0, 6, 6.19607],
				"rotation": [0, -45, 0],
				"cubes": [
					{"origin": [-1, 6, 5.19607], "size": [2, 7, 2], "uv": [46, 54]}
				]
			},
			{
				"name": "bone116",
				"parent": "bone89",
				"pivot": [0, 6, 0],
				"rotation": [0, -205.71429, 0]
			},
			{
				"name": "bone117",
				"parent": "bone116",
				"pivot": [0, 6, 6.19607],
				"rotation": [41, 0, 0]
			},
			{
				"name": "bone118",
				"parent": "bone117",
				"pivot": [0, 6, 6.19607],
				"rotation": [0, -45, 0],
				"cubes": [
					{"origin": [-1, 6, 5.19607], "size": [2, 7, 2], "uv": [54, 13]}
				]
			},
			{
				"name": "bone119",
				"parent": "bone89",
				"pivot": [0, 6, 0],
				"rotation": [0, -231.42857, 0]
			},
			{
				"name": "bone120",
				"parent": "bone119",
				"pivot": [0, 6, 6.19607],
				"rotation": [41, 0, 0]
			},
			{
				"name": "bone121",
				"parent": "bone120",
				"pivot": [0, 6, 6.19607],
				"rotation": [0, -45, 0],
				"cubes": [
					{"origin": [-1, 6, 5.19607], "size": [2, 7, 2], "uv": [38, 52]}
				]
			},
			{
				"name": "bone122",
				"parent": "bone89",
				"pivot": [0, 6, 0],
				"rotation": [0, -257.14286, 0]
			},
			{
				"name": "bone123",
				"parent": "bone122",
				"pivot": [0, 6, 6.19607],
				"rotation": [41, 0, 0]
			},
			{
				"name": "bone124",
				"parent": "bone123",
				"pivot": [0, 6, 6.19607],
				"rotation": [0, -45, 0]
			},
			{
				"name": "bone125",
				"parent": "bone89",
				"pivot": [0, 6, 0],
				"rotation": [0, -282.85714, 0]
			},
			{
				"name": "bone126",
				"parent": "bone125",
				"pivot": [0, 6, 6.19607],
				"rotation": [41, 0, 0]
			},
			{
				"name": "bone127",
				"parent": "bone126",
				"pivot": [0, 6, 6.19607],
				"rotation": [0, -45, 0]
			},
			{
				"name": "bone128",
				"parent": "bone89",
				"pivot": [0, 6, 0],
				"rotation": [0, -308.57143, 0]
			},
			{
				"name": "bone129",
				"parent": "bone128",
				"pivot": [0, 6, 6.19607],
				"rotation": [41, 0, 0]
			},
			{
				"name": "bone130",
				"parent": "bone129",
				"pivot": [0, 6, 6.19607],
				"rotation": [0, -45, 0]
			},
			{
				"name": "bone131",
				"parent": "bone89",
				"pivot": [0, 6, 0],
				"rotation": [0, -334.28571, 0]
			},
			{
				"name": "bone132",
				"parent": "bone131",
				"pivot": [0, 6, 6.19607],
				"rotation": [41, 0, 0]
			},
			{
				"name": "bone133",
				"parent": "bone132",
				"pivot": [0, 6, 6.19607],
				"rotation": [0, -45, 0]
			},
			{
				"name": "bone45",
				"parent": "sittingRotationSkirt",
				"pivot": [0, 14.5, 0]
			},
			{
				"name": "bone46",
				"parent": "bone45",
				"pivot": [0, 4, 0]
			},
			{
				"name": "bone47",
				"parent": "bone46",
				"pivot": [0, 4, 6.19607],
				"rotation": [41, 0, 0]
			},
			{
				"name": "bone48",
				"parent": "bone47",
				"pivot": [0, 4, 6.19607],
				"rotation": [0, -45, 0],
				"cubes": [
					{"origin": [-1, 4, 5.19607], "size": [2, 7, 2], "uv": [8, 64]}
				]
			},
			{
				"name": "bone49",
				"parent": "bone45",
				"pivot": [0, 4, 0],
				"rotation": [0, -25.71429, 0]
			},
			{
				"name": "bone50",
				"parent": "bone49",
				"pivot": [0, 4, 6.19607],
				"rotation": [41, 0, 0]
			},
			{
				"name": "bone51",
				"parent": "bone50",
				"pivot": [0, 4, 6.19607],
				"rotation": [0, -45, 0],
				"cubes": [
					{"origin": [-1, 4, 5.19607], "size": [2, 7, 2], "uv": [50, 63]}
				]
			},
			{
				"name": "bone52",
				"parent": "bone45",
				"pivot": [0, 4, 0],
				"rotation": [0, -51.42857, 0]
			},
			{
				"name": "bone53",
				"parent": "bone52",
				"pivot": [0, 4, 6.19607],
				"rotation": [41, 0, 0]
			},
			{
				"name": "bone54",
				"parent": "bone53",
				"pivot": [0, 4, 6.19607],
				"rotation": [0, -45, 0],
				"cubes": [
					{"origin": [-1, 4, 5.19607], "size": [2, 7, 2], "uv": [42, 63]}
				]
			},
			{
				"name": "bone55",
				"parent": "bone45",
				"pivot": [0, 4, 0],
				"rotation": [0, -77.14286, 0]
			},
			{
				"name": "bone56",
				"parent": "bone55",
				"pivot": [0, 4, 6.19607],
				"rotation": [41, 0, 0]
			},
			{
				"name": "bone57",
				"parent": "bone56",
				"pivot": [0, 4, 6.19607],
				"rotation": [0, -45, 0],
				"cubes": [
					{"origin": [-1, 4, 5.19607], "size": [2, 7, 2], "uv": [62, 47]}
				]
			},
			{
				"name": "bone58",
				"parent": "bone45",
				"pivot": [0, 4, 0],
				"rotation": [0, -102.85714, 0]
			},
			{
				"name": "bone59",
				"parent": "bone58",
				"pivot": [0, 4, 6.19607],
				"rotation": [41, 0, 0]
			},
			{
				"name": "bone60",
				"parent": "bone59",
				"pivot": [0, 4, 6.19607],
				"rotation": [0, -45, 0],
				"cubes": [
					{"origin": [-1, 4, 5.19607], "size": [2, 7, 2], "uv": [62, 7]}
				]
			},
			{
				"name": "bone61",
				"parent": "bone45",
				"pivot": [0, 4, 0],
				"rotation": [0, -128.57143, 0]
			},
			{
				"name": "bone62",
				"parent": "bone61",
				"pivot": [0, 4, 6.19607],
				"rotation": [41, 0, 0]
			},
			{
				"name": "bone63",
				"parent": "bone62",
				"pivot": [0, 4, 6.19607],
				"rotation": [0, -45, 0],
				"cubes": [
					{"origin": [-1, 4, 5.19607], "size": [2, 7, 2], "uv": [60, 61]}
				]
			},
			{
				"name": "bone64",
				"parent": "bone45",
				"pivot": [0, 4, 0],
				"rotation": [0, -154.28571, 0]
			},
			{
				"name": "bone65",
				"parent": "bone64",
				"pivot": [0, 4, 6.19607],
				"rotation": [41, 0, 0]
			},
			{
				"name": "bone66",
				"parent": "bone65",
				"pivot": [0, 4, 6.19607],
				"rotation": [0, -45, 0],
				"cubes": [
					{"origin": [-1, 4, 5.19607], "size": [2, 7, 2], "uv": [34, 61]}
				]
			},
			{
				"name": "bone67",
				"parent": "bone45",
				"pivot": [0, 4, 0],
				"rotation": [0, -180, 0]
			},
			{
				"name": "bone68",
				"parent": "bone67",
				"pivot": [0, 4, 6.19607],
				"rotation": [41, 0, 0]
			},
			{
				"name": "bone69",
				"parent": "bone68",
				"pivot": [0, 4, 6.19607],
				"rotation": [0, -45, 0],
				"cubes": [
					{"origin": [-1, 4, 5.19607], "size": [2, 7, 2], "uv": [26, 59]}
				]
			},
			{
				"name": "bone70",
				"parent": "bone45",
				"pivot": [0, 4, 0],
				"rotation": [0, -205.71429, 0]
			},
			{
				"name": "bone71",
				"parent": "bone70",
				"pivot": [0, 4, 6.19607],
				"rotation": [41, 0, 0]
			},
			{
				"name": "bone72",
				"parent": "bone71",
				"pivot": [0, 4, 6.19607],
				"rotation": [0, -45, 0],
				"cubes": [
					{"origin": [-1, 4, 5.19607], "size": [2, 7, 2], "uv": [58, 31]}
				]
			},
			{
				"name": "bone73",
				"parent": "bone45",
				"pivot": [0, 4, 0],
				"rotation": [0, -231.42857, 0]
			},
			{
				"name": "bone74",
				"parent": "bone73",
				"pivot": [0, 4, 6.19607],
				"rotation": [41, 0, 0]
			},
			{
				"name": "bone75",
				"parent": "bone74",
				"pivot": [0, 4, 6.19607],
				"rotation": [0, -45, 0],
				"cubes": [
					{"origin": [-1, 4, 5.19607], "size": [2, 7, 2], "uv": [0, 58]}
				]
			},
			{
				"name": "bone76",
				"parent": "bone45",
				"pivot": [0, 4, 0],
				"rotation": [0, -257.14286, 0]
			},
			{
				"name": "bone77",
				"parent": "bone76",
				"pivot": [0, 4, 6.19607],
				"rotation": [41, 0, 0]
			},
			{
				"name": "bone78",
				"parent": "bone77",
				"pivot": [0, 4, 6.19607],
				"rotation": [0, -45, 0],
				"cubes": [
					{"origin": [-1, 4, 5.19607], "size": [2, 7, 2], "uv": [18, 57]}
				]
			},
			{
				"name": "bone79",
				"parent": "bone45",
				"pivot": [0, 4, 0],
				"rotation": [0, -282.85714, 0]
			},
			{
				"name": "bone80",
				"parent": "bone79",
				"pivot": [0, 4, 6.19607],
				"rotation": [41, 0, 0]
			},
			{
				"name": "bone81",
				"parent": "bone80",
				"pivot": [0, 4, 6.19607],
				"rotation": [0, -45, 0],
				"cubes": [
					{"origin": [-1, 4, 5.19607], "size": [2, 7, 2], "uv": [56, 40]}
				]
			},
			{
				"name": "bone82",
				"parent": "bone45",
				"pivot": [0, 4, 0],
				"rotation": [0, -308.57143, 0]
			},
			{
				"name": "bone83",
				"parent": "bone82",
				"pivot": [0, 4, 6.19607],
				"rotation": [41, 0, 0]
			},
			{
				"name": "bone84",
				"parent": "bone83",
				"pivot": [0, 4, 6.19607],
				"rotation": [0, -45, 0],
				"cubes": [
					{"origin": [-1, 4, 5.19607], "size": [2, 7, 2], "uv": [56, 22]}
				]
			},
			{
				"name": "bone85",
				"parent": "bone45",
				"pivot": [0, 4, 0],
				"rotation": [0, -334.28571, 0]
			},
			{
				"name": "bone86",
				"parent": "bone85",
				"pivot": [0, 4, 6.19607],
				"rotation": [41, 0, 0]
			},
			{
				"name": "bone88",
				"parent": "bone86",
				"pivot": [0, 4, 6.19607],
				"rotation": [0, -45, 0],
				"cubes": [
					{"origin": [-1, 4, 5.19607], "size": [2, 7, 2], "uv": [56, 0]}
				]
			},
			{
				"name": "bone328",
				"parent": "body",
				"pivot": [0, 17.6, -2.9],
				"rotation": [-9, 0, 0]
			},
			{
				"name": "bone329",
				"parent": "bone328",
				"pivot": [1.2, 17, 5.1]
			},
			{
				"name": "bone330",
				"parent": "bone329",
				"pivot": [-0.3, 17.8, -3.1],
				"rotation": [0, 0, 5],
				"cubes": [
					{"origin": [-0.8, 13.8, -3.1], "size": [1, 4, 0], "uv": [4, 32]}
				]
			},
			{
				"name": "bone331",
				"parent": "bone330",
				"pivot": [-0.3, 17.9, -3.4],
				"rotation": [0, 0, 35],
				"cubes": [
					{"origin": [-0.8, 16, -3.9], "size": [1, 2, 1], "uv": [24, 19]}
				]
			},
			{
				"name": "bone332",
				"parent": "bone328",
				"pivot": [-1.2, 17, 5.1]
			},
			{
				"name": "bone333",
				"parent": "bone332",
				"pivot": [0.3, 17.8, -3.1],
				"rotation": [0, 0, -5],
				"cubes": [
					{"origin": [-0.2, 13.8, -3.1], "size": [1, 4, 0], "uv": [6, 0]}
				]
			},
			{
				"name": "bone334",
				"parent": "bone333",
				"pivot": [0.3, 17.9, -3.4],
				"rotation": [0, 0, -35],
				"cubes": [
					{"origin": [-0.2, 16, -3.9], "size": [1, 2, 1], "uv": [24, 16]}
				]
			},
			{
				"name": "chestPlate",
				"parent": "body",
				"pivot": [0, 10.5, 0]
			},
			{
				"name": "sinFloat",
				"parent": "chestPlate",
				"pivot": [0, 10.5, 0]
			},
			{
				"name": "jie",
				"parent": "sinFloat",
				"pivot": [0, 10.5, 0],
				"cubes": [
					{"origin": [11, 11.5, 0], "size": [1, 1, 1], "uv": [50, 44]},
					{"origin": [10.75, 12.5, 0.5], "size": [1.5, 12, 0], "uv": [54, 72]},
					{"origin": [11, 9.5, 0], "size": [1, 3, 1], "uv": [4, 4], "inflate": -0.2}
				]
			},
			{
				"name": "bone136",
				"parent": "jie",
				"pivot": [12, 11.5, 0],
				"rotation": [0, 0, -15],
				"cubes": [
					{"origin": [12, 11.5, 0], "size": [1, 1, 1], "uv": [50, 42]}
				]
			},
			{
				"name": "bone137",
				"parent": "bone136",
				"pivot": [13, 12.5, 0],
				"rotation": [0, 0, 35],
				"cubes": [
					{"origin": [13, 11.5, 0], "size": [1, 1, 1], "uv": [50, 4]}
				]
			},
			{
				"name": "bone138",
				"parent": "jie",
				"pivot": [11, 11.5, 0],
				"rotation": [0, 0, 15],
				"cubes": [
					{"origin": [10, 11.5, 0], "size": [1, 1, 1], "uv": [50, 2]}
				]
			},
			{
				"name": "bone139",
				"parent": "bone138",
				"pivot": [10, 12.5, 0],
				"rotation": [0, 0, -35],
				"cubes": [
					{"origin": [9, 11.5, 0], "size": [1, 1, 1], "uv": [50, 0]}
				]
			},
			{
				"name": "bone140",
				"parent": "jie",
				"pivot": [12.25, 36.5, 0],
				"rotation": [0, 0, 137.5],
				"cubes": [
					{"origin": [20.31, 44.25, 0.5], "size": [1.5, 1.5, 0], "uv": [42, 25]}
				],
				"locators": {
					"locator": [11.5, 23.5, 0.5]
				}
			},
			{
				"name": "jie2",
				"parent": "sinFloat",
				"pivot": [-22, 7.5, 0],
				"cubes": [
					{"origin": [-11, 8.5, 0], "size": [1, 1, 1], "uv": [36, 49]},
					{"origin": [-11.25, 9.5, 0.5], "size": [1.5, 12, 0], "uv": [52, 72]},
					{"origin": [-11, 6.5, 0], "size": [1, 3, 1], "uv": [0, 4], "inflate": -0.2}
				]
			},
			{
				"name": "bone141",
				"parent": "jie2",
				"pivot": [-10, 8.5, 0],
				"rotation": [0, 0, -15],
				"cubes": [
					{"origin": [-10, 8.5, 0], "size": [1, 1, 1], "uv": [27, 49]}
				]
			},
			{
				"name": "bone142",
				"parent": "bone141",
				"pivot": [-9, 9.5, 0],
				"rotation": [0, 0, 35],
				"cubes": [
					{"origin": [-9, 8.5, 0], "size": [1, 1, 1], "uv": [47, 41]}
				]
			},
			{
				"name": "bone143",
				"parent": "jie2",
				"pivot": [-11, 8.5, 0],
				"rotation": [0, 0, 15],
				"cubes": [
					{"origin": [-12, 8.5, 0], "size": [1, 1, 1], "uv": [17, 47]}
				]
			},
			{
				"name": "bone144",
				"parent": "bone143",
				"pivot": [-12, 9.5, 0],
				"rotation": [0, 0, -35],
				"cubes": [
					{"origin": [-13, 8.5, 0], "size": [1, 1, 1], "uv": [7, 47]}
				]
			},
			{
				"name": "bone145",
				"parent": "jie2",
				"pivot": [-9.75, 33.5, 0],
				"rotation": [0, 0, 137.5],
				"cubes": [
					{"origin": [-1.69, 41.25, 0.5], "size": [1.5, 1.5, 0], "uv": [42, 17]}
				],
				"locators": {
					"locator2": [-10.5, 20.5, 0.5]
				}
			},
			{
				"name": "decoration4",
				"parent": "body",
				"pivot": [0, 11, 3],
				"cubes": [
					{"origin": [-1, 9, 3.7], "size": [2, 3, 1], "uv": [0, 0]}
				]
			},
			{
				"name": "bone146",
				"parent": "decoration4",
				"pivot": [0, 11, 3],
				"rotation": [0, 20, 0]
			},
			{
				"name": "bone147",
				"parent": "bone146",
				"pivot": [0, 11, 3],
				"rotation": [0, 0, 20],
				"cubes": [
					{"origin": [-5, 10, 3], "size": [5, 2, 1], "uv": [74, 30]}
				]
			},
			{
				"name": "bone148",
				"parent": "bone146",
				"pivot": [0, 11, 3],
				"rotation": [0, 0, -3],
				"cubes": [
					{"origin": [-5, 10, 3], "size": [5, 2, 1], "uv": [74, 27]}
				]
			},
			{
				"name": "bone149",
				"parent": "decoration4",
				"pivot": [0, 11, 3],
				"rotation": [0, -20, 0]
			},
			{
				"name": "bone150",
				"parent": "bone149",
				"pivot": [0, 11, 3],
				"rotation": [0, 0, -20],
				"cubes": [
					{"origin": [0, 10, 3], "size": [5, 2, 1], "uv": [64, 72]}
				]
			},
			{
				"name": "bone151",
				"parent": "bone149",
				"pivot": [0, 11, 3],
				"rotation": [0, 0, 3],
				"cubes": [
					{"origin": [0, 10, 3], "size": [5, 2, 1], "uv": [40, 72]}
				]
			},
			{
				"name": "line",
				"parent": "decoration4",
				"pivot": [0, 11, 3],
				"rotation": [0, -45, -30]
			},
			{
				"name": "bone152",
				"parent": "line",
				"pivot": [0, 10, 4],
				"cubes": [
					{"origin": [0, 9, 4], "size": [0, 2, 1], "uv": [10, 54]}
				]
			},
			{
				"name": "bone153",
				"parent": "line",
				"pivot": [0, 10, 4],
				"rotation": [0, -15, 0],
				"cubes": [
					{"origin": [0.25882, 9, 4.96593], "size": [0, 2, 1], "uv": [54, 3]}
				]
			},
			{
				"name": "bone154",
				"parent": "line",
				"pivot": [0, 10, 4],
				"rotation": [0, -30, 0],
				"cubes": [
					{"origin": [0.75882, 9, 5.83195], "size": [0, 2, 1], "uv": [54, 1]}
				]
			},
			{
				"name": "bone155",
				"parent": "line",
				"pivot": [0, 10, 4],
				"rotation": [0, -45, 0],
				"cubes": [
					{"origin": [1.46593, 9, 6.53906], "size": [0, 2, 1], "uv": [46, 53]}
				]
			},
			{
				"name": "bone156",
				"parent": "line",
				"pivot": [0, 10, 4],
				"rotation": [0, -60, 0],
				"cubes": [
					{"origin": [2.33295, 9, 7.03906], "size": [0, 2, 1], "uv": [53, 25]}
				]
			},
			{
				"name": "bone157",
				"parent": "line",
				"pivot": [0, 10, 4],
				"rotation": [0, -75, 0],
				"cubes": [
					{"origin": [3.29984, 9, 7.29762], "size": [0, 2, 1], "uv": [53, 23]}
				]
			},
			{
				"name": "bone158",
				"parent": "line",
				"pivot": [0, 10, 4],
				"rotation": [0, -90, 0],
				"cubes": [
					{"origin": [4.30071, 9, 7.29712], "size": [0, 2, 1], "uv": [44, 51]}
				]
			},
			{
				"name": "bone159",
				"parent": "line",
				"pivot": [0, 10, 4],
				"rotation": [0, -105, 0],
				"cubes": [
					{"origin": [5.26634, 9, 7.03759], "size": [0, 2, 1], "uv": [51, 14]}
				]
			},
			{
				"name": "bone160",
				"parent": "line",
				"pivot": [0, 10, 4],
				"rotation": [0, -120, 0],
				"cubes": [
					{"origin": [6.1329, 9, 6.53698], "size": [0, 2, 1], "uv": [38, 50]}
				]
			},
			{
				"name": "line2",
				"parent": "decoration4",
				"pivot": [0, 11, 3],
				"rotation": [0, -45, -150]
			},
			{
				"name": "bone161",
				"parent": "line2",
				"pivot": [0, 12, 4],
				"cubes": [
					{"origin": [0, 11, 4], "size": [0, 2, 1], "uv": [50, 31]}
				]
			},
			{
				"name": "bone162",
				"parent": "line2",
				"pivot": [0, 12, 4],
				"rotation": [0, -15, 0],
				"cubes": [
					{"origin": [0.25882, 11, 4.96593], "size": [0, 2, 1], "uv": [20, 48]}
				]
			},
			{
				"name": "bone163",
				"parent": "line2",
				"pivot": [0, 12, 4],
				"rotation": [0, -30, 0],
				"cubes": [
					{"origin": [0.75882, 11, 5.83195], "size": [0, 2, 1], "uv": [21, 46]}
				]
			},
			{
				"name": "bone164",
				"parent": "line2",
				"pivot": [0, 12, 4],
				"rotation": [0, -45, 0],
				"cubes": [
					{"origin": [1.46593, 11, 6.53906], "size": [0, 2, 1], "uv": [11, 46]}
				]
			},
			{
				"name": "bone165",
				"parent": "line2",
				"pivot": [0, 12, 4],
				"rotation": [0, -60, 0],
				"cubes": [
					{"origin": [2.33295, 11, 7.03906], "size": [0, 2, 1], "uv": [0, 46]}
				]
			},
			{
				"name": "bone166",
				"parent": "line2",
				"pivot": [0, 12, 4],
				"rotation": [0, -75, 0],
				"cubes": [
					{"origin": [3.29984, 11, 7.29762], "size": [0, 2, 1], "uv": [44, 24]}
				]
			},
			{
				"name": "bone167",
				"parent": "line2",
				"pivot": [0, 12, 4],
				"rotation": [0, -90, 0],
				"cubes": [
					{"origin": [4.30071, 11, 7.29712], "size": [0, 2, 1], "uv": [42, 14]}
				]
			},
			{
				"name": "bone168",
				"parent": "line2",
				"pivot": [0, 12, 4],
				"rotation": [0, -105, 0],
				"cubes": [
					{"origin": [5.26634, 11, 7.03759], "size": [0, 2, 1], "uv": [40, 40]}
				]
			},
			{
				"name": "bone169",
				"parent": "line2",
				"pivot": [0, 12, 4],
				"rotation": [0, -120, 0],
				"cubes": [
					{"origin": [6.1329, 11, 6.53698], "size": [0, 2, 1], "uv": [4, 35]}
				]
			},
			{
				"name": "les3",
				"parent": "body",
				"pivot": [0, 10.5, 0],
				"cubes": [
					{"origin": [-3.5, 17, -3], "size": [1, 1, 1], "uv": [22, 36]},
					{"origin": [-3.5, 15, -3], "size": [1, 1, 1], "uv": [18, 36]},
					{"origin": [-3.5, 13, -3], "size": [1, 1, 1], "uv": [0, 36]},
					{"origin": [-3.5, 14, -2], "size": [1, 3, 0], "uv": [24, 38]},
					{"origin": [-3.5, 14, 3], "size": [1, 3, 0], "uv": [36, 2]},
					{"origin": [-3.5, 13, 2], "size": [1, 1, 1], "uv": [22, 34]},
					{"origin": [-3.5, 15, 2], "size": [1, 1, 1], "uv": [18, 34]},
					{"origin": [-3.5, 17, 2], "size": [1, 1, 1], "uv": [0, 34]},
					{"origin": [2.5, 14, -2], "size": [1, 3, 0], "uv": [24, 0]},
					{"origin": [2.5, 13, -3], "size": [1, 1, 1], "uv": [33, 0]},
					{"origin": [2.5, 15, -3], "size": [1, 1, 1], "uv": [22, 32]},
					{"origin": [2.5, 17, -3], "size": [1, 1, 1], "uv": [18, 32]},
					{"origin": [2.5, 14, 3], "size": [1, 3, 0], "uv": [6, 21]},
					{"origin": [2.5, 13, 2], "size": [1, 1, 1], "uv": [0, 32]},
					{"origin": [2.5, 15, 2], "size": [1, 1, 1], "uv": [28, 6]},
					{"origin": [2.5, 17, 2], "size": [1, 1, 1], "uv": [24, 6]}
				]
			},
			{
				"name": "legLeft",
				"pivot": [2, 9, 0],
				"cubes": [
					{"origin": [0.499, 0.1, -1.5], "size": [2.75, 8.9, 3], "uv": [0, 47]},
					{"origin": [0.499, 0.1, -1.5], "size": [2.75, 5, 3], "uv": [20, 49], "inflate": 0.1},
					{"origin": [0.499, 0.1, -1.5], "size": [2.75, 2, 3], "uv": [72, 39], "inflate": 0.2}
				]
			},
			{
				"name": "legRight",
				"pivot": [-2, 9, 0],
				"cubes": [
					{"origin": [-3.249, 0.2, -1.5], "size": [2.75, 8.8, 3], "uv": [40, 41]},
					{"origin": [-3.249, 0.2, -1.5], "size": [2.75, 5, 3], "uv": [10, 47], "inflate": 0.1},
					{"origin": [-3.249, 0.2, -1.5], "size": [2.75, 2, 3], "uv": [70, 34], "inflate": 0.2}
				]
			}
		]
	}
}