{
	"format_version": "1.10.0",
	"geometry.model": {
		"texturewidth": 128,
		"textureheight": 128,
		"visible_bounds_width": 3,
		"visible_bounds_height": 4,
		"visible_bounds_offset": [0, 1, 0],
		"bones": [
			{
				"name": "head",
				"pivot": [0, 18, 0],
				"cubes": [
					{"origin": [-4, 18, -4], "size": [8, 8, 8], "uv": [24, 8]},
					{"origin": [-4, 18, -4], "size": [8, 8, 8], "uv": [0, 16], "inflate": 0.1}
				]
			},
			{
				"name": "blink",
				"parent": "head",
				"pivot": [0, 18, 0],
				"cubes": [
					{"origin": [-4, 18, -4.001], "size": [8, 8, 0], "uv": [56, 10]}
				]
			},
			{
				"name": "hair",
				"parent": "head",
				"pivot": [0, 11, 4],
				"rotation": [27.5, 0, 0],
				"cubes": [
					{"origin": [-4, 11, 0], "size": [8, 8, 8], "uv": [0, 0], "inflate": 0.1}
				]
			},
			{
				"name": "bz",
				"parent": "head",
				"pivot": [3, 18, -4]
			},
			{
				"name": "bone116",
				"parent": "bz",
				"pivot": [3, 18, -4],
				"cubes": [
					{"origin": [3, 16, -4], "size": [1, 2, 1], "uv": [48, 13]}
				]
			},
			{
				"name": "bone117",
				"parent": "bone116",
				"pivot": [3, 16, -4],
				"rotation": [0, 0, -15],
				"cubes": [
					{"origin": [3, 14, -4], "size": [1, 2, 1], "uv": [48, 10]},
					{"origin": [3, 15, -4], "size": [1, 1, 1], "uv": [54, 44], "inflate": 0.1}
				]
			},
			{
				"name": "bone118",
				"parent": "bone117",
				"pivot": [3, 14, -4],
				"rotation": [0, 0, -15],
				"cubes": [
					{"origin": [3, 12, -4], "size": [1, 2, 1], "uv": [48, 0]}
				]
			},
			{
				"name": "bone119",
				"parent": "bone118",
				"pivot": [4, 12, -4],
				"rotation": [0, 0, 22.5],
				"cubes": [
					{"origin": [3, 10, -4], "size": [1, 2, 1], "uv": [15, 46]}
				]
			},
			{
				"name": "zsp",
				"parent": "head",
				"pivot": [0, 18, 0]
			},
			{
				"name": "bone120",
				"parent": "zsp",
				"pivot": [0, 18, 0],
				"cubes": [
					{"origin": [2, 23, -5], "size": [2, 2, 1], "uv": [42, 5], "inflate": -0.2},
					{"origin": [2.15, 24.6, -5], "size": [1, 1, 1], "uv": [54, 37], "inflate": -0.2},
					{"origin": [2.9, 24.6, -5], "size": [1, 1, 1], "uv": [34, 54], "inflate": -0.2}
				]
			},
			{
				"name": "fg",
				"parent": "head",
				"pivot": [0, 18, 0]
			},
			{
				"name": "bone121",
				"parent": "fg",
				"pivot": [0, 24, 3],
				"cubes": [
					{"origin": [-4, 24, -1], "size": [8, 2, 1], "uv": [24, 5], "inflate": 0.12}
				]
			},
			{
				"name": "bone122",
				"parent": "bone121",
				"pivot": [0, 24, 3],
				"cubes": [
					{"origin": [-5, 25, -1], "size": [1, 1, 1], "uv": [30, 54]}
				]
			},
			{
				"name": "bone123",
				"parent": "bone122",
				"pivot": [-5, 25, 0],
				"rotation": [42.5, 0, 0],
				"cubes": [
					{"origin": [-5, 25, 0], "size": [1, 1, 2.5], "uv": [18, 35]}
				]
			},
			{
				"name": "bone124",
				"parent": "bone122",
				"pivot": [-5, 25, 0],
				"rotation": [15, 0, 0],
				"cubes": [
					{"origin": [-5, 25, 0], "size": [1, 1, 2.5], "uv": [0, 35]}
				]
			},
			{
				"name": "bone125",
				"parent": "bone122",
				"pivot": [-5, 25, 0],
				"rotation": [-17.5, 0, 0],
				"cubes": [
					{"origin": [-5, 25, 0], "size": [1, 1, 2.5], "uv": [0, 32]}
				]
			},
			{
				"name": "armRight",
				"pivot": [-3, 17.5, 0],
				"rotation": [0, 0, 25],
				"cubes": [
					{"origin": [-5, 9.5, -1], "size": [2, 8, 2], "uv": [68, 0]}
				]
			},
			{
				"name": "decorationRight",
				"parent": "armRight",
				"pivot": [-3, 19.5, 0]
			},
			{
				"name": "bone81",
				"parent": "decorationRight",
				"pivot": [-3, 19.5, 0],
				"cubes": [
					{"origin": [-5.56107, 10.26477, -1.5], "size": [3, 6, 3], "uv": [36, 61], "inflate": -0.49}
				]
			},
			{
				"name": "bone82",
				"parent": "decorationRight",
				"pivot": [-3, 18, -1],
				"rotation": [-24, 0, 0],
				"cubes": [
					{"origin": [-5.56107, 10.88708, -0.57223], "size": [3, 6, 3], "uv": [24, 61], "inflate": -0.49}
				]
			},
			{
				"name": "bone83",
				"parent": "decorationRight",
				"pivot": [-3, 18, 1],
				"rotation": [24, 0, 0],
				"cubes": [
					{"origin": [-5.56107, 10.88708, -2.42777], "size": [3, 6, 3], "uv": [12, 61], "inflate": -0.49}
				]
			},
			{
				"name": "bone84",
				"parent": "decorationRight",
				"pivot": [-3, 19.5, 0],
				"rotation": [0, 0, -45],
				"cubes": [
					{"origin": [-8.5986, 16.81618, -2.5], "size": [5, 5, 5], "uv": [54, 34], "inflate": -1.5},
					{"origin": [-7.18439, 15.40197, -2.5], "size": [5, 5, 5], "uv": [35, 51], "inflate": -1.5}
				]
			},
			{
				"name": "bone85",
				"parent": "decorationRight",
				"pivot": [-3, 19.5, 0],
				"rotation": [45, 0, 0],
				"cubes": [
					{"origin": [-6.56107, 16.0659, -4.84832], "size": [5, 5, 5], "uv": [15, 51], "inflate": -1.5},
					{"origin": [-6.56107, 14.65168, -3.4341], "size": [5, 5, 5], "uv": [50, 24], "inflate": -1.5}
				]
			},
			{
				"name": "bone86",
				"parent": "decorationRight",
				"pivot": [-3, 19.5, 0],
				"cubes": [
					{"origin": [-5.56107, 15.26477, -1.5], "size": [3, 1, 3], "uv": [68, 59], "inflate": -0.4}
				]
			},
			{
				"name": "decoration",
				"parent": "decorationRight",
				"pivot": [-5.3, 18.05, -0.1],
				"rotation": [-15, 0, 0],
				"mirror": true
			},
			{
				"name": "bone87",
				"parent": "decoration",
				"pivot": [-5.3, 18.05, -0.1],
				"rotation": [30, 0, 10],
				"mirror": true,
				"cubes": [
					{"origin": [-5.38522, 14.31015, -1.06742], "size": [1, 2, 1], "uv": [48, 64], "inflate": -0.4, "mirror": false}
				]
			},
			{
				"name": "bone88",
				"parent": "bone87",
				"pivot": [-5.3, 18.05, -0.1],
				"rotation": [30, 0, 0],
				"mirror": true,
				"cubes": [
					{"origin": [-5.38522, 13.84132, -2.66133], "size": [1, 2, 1], "uv": [63, 0], "inflate": -0.4, "mirror": false}
				]
			},
			{
				"name": "bone89",
				"parent": "decoration",
				"pivot": [-5.3, 18.05, -0.1],
				"rotation": [0, 0, 10],
				"mirror": true,
				"cubes": [
					{"origin": [-5.38522, 14.31313, 0.07852], "size": [1, 2, 1], "uv": [49, 61], "inflate": -0.4, "mirror": false}
				]
			},
			{
				"name": "bone90",
				"parent": "bone89",
				"pivot": [-5.3, 18.05, -0.1],
				"rotation": [30, 0, 0],
				"mirror": true,
				"cubes": [
					{"origin": [-5.38522, 13.27092, -1.66742], "size": [1, 2, 1], "uv": [45, 61], "inflate": -0.4, "mirror": false}
				]
			},
			{
				"name": "bone91",
				"parent": "decoration",
				"pivot": [-5.3, 18.05, -0.1],
				"rotation": [-15, 20, 20],
				"mirror": true,
				"cubes": [
					{"origin": [-5.25788, 14.67108, 0.68062], "size": [1, 2, 1], "uv": [33, 61], "inflate": -0.4, "mirror": false}
				]
			},
			{
				"name": "bone92",
				"parent": "bone91",
				"pivot": [-5.3, 18.05, -0.1],
				"rotation": [-38, 0, 0],
				"mirror": true,
				"cubes": [
					{"origin": [-5.25788, 15.83662, 1.50435], "size": [1, 2, 1], "uv": [21, 61], "inflate": -0.4, "mirror": false}
				]
			},
			{
				"name": "bone93",
				"parent": "bone91",
				"pivot": [-5.3, 18.05, -0.1],
				"rotation": [-109, 0, 0],
				"mirror": true,
				"cubes": [
					{"origin": [-5.25788, 18.53614, 1.73225], "size": [1, 2, 1], "uv": [60, 21], "inflate": -0.4, "mirror": false}
				]
			},
			{
				"name": "bone94",
				"parent": "decoration",
				"pivot": [-5.3, 18.05, -0.1],
				"rotation": [100, -20, 20],
				"mirror": true,
				"cubes": [
					{"origin": [-4.86215, 16.49996, -2.67256], "size": [1, 2, 1], "uv": [60, 18], "inflate": -0.4, "mirror": false}
				]
			},
			{
				"name": "bone95",
				"parent": "bone94",
				"pivot": [-5.3, 18.05, -0.1],
				"rotation": [-38, 0, 0],
				"mirror": true,
				"cubes": [
					{"origin": [-4.86215, 15.21337, -2.26396], "size": [1, 2, 1], "uv": [56, 21], "inflate": -0.4, "mirror": false}
				]
			},
			{
				"name": "bone96",
				"parent": "bone94",
				"pivot": [-5.3, 18.05, -0.1],
				"rotation": [-109, 0, 0],
				"mirror": true,
				"cubes": [
					{"origin": [-4.86215, 14.77022, 1.0947], "size": [1, 2, 1], "uv": [56, 18], "inflate": -0.4, "mirror": false}
				]
			},
			{
				"name": "armLeft",
				"pivot": [3, 17.5, 0],
				"rotation": [0, 0, -25],
				"cubes": [
					{"origin": [3, 9.5, -1], "size": [2, 8, 2], "uv": [65, 18]}
				]
			},
			{
				"name": "decorationRight2",
				"parent": "armLeft",
				"pivot": [3, 17.5, 0]
			},
			{
				"name": "bone97",
				"parent": "decorationRight2",
				"pivot": [3, 17.5, 0],
				"cubes": [
					{"origin": [2.5, 10.5, -1.5], "size": [3, 6, 3], "uv": [59, 53], "inflate": -0.49}
				]
			},
			{
				"name": "bone98",
				"parent": "decorationRight2",
				"pivot": [3, 16, -1],
				"rotation": [-24, 0, 0],
				"cubes": [
					{"origin": [2.5, 10.92907, -1.48138], "size": [3, 6, 3], "uv": [59, 44], "inflate": -0.49}
				]
			},
			{
				"name": "bone99",
				"parent": "decorationRight2",
				"pivot": [3, 16, 1],
				"rotation": [24, 0, 0],
				"cubes": [
					{"origin": [2.5, 10.92907, -1.51862], "size": [3, 6, 3], "uv": [0, 56], "inflate": -0.49}
				]
			},
			{
				"name": "bone100",
				"parent": "decorationRight2",
				"pivot": [3, 17.5, 0],
				"rotation": [0, 0, 45],
				"cubes": [
					{"origin": [1.97487, 16.35355, -2.5], "size": [5, 5, 5], "uv": [48, 0], "inflate": -1.5},
					{"origin": [0.56066, 14.93934, -2.5], "size": [5, 5, 5], "uv": [0, 46], "inflate": -1.5}
				]
			},
			{
				"name": "bone101",
				"parent": "decorationRight2",
				"pivot": [3, 17.5, 0],
				"rotation": [45, 0, 0],
				"cubes": [
					{"origin": [1.5, 15.64645, -3.26777], "size": [5, 5, 5], "uv": [39, 41], "inflate": -1.5},
					{"origin": [1.5, 14.23223, -1.85355], "size": [5, 5, 5], "uv": [19, 41], "inflate": -1.5}
				]
			},
			{
				"name": "bone102",
				"parent": "decorationRight2",
				"pivot": [3, 17.5, 0],
				"cubes": [
					{"origin": [2.5, 15.5, -1.5], "size": [3, 1, 3], "uv": [39, 1], "inflate": -0.4}
				]
			},
			{
				"name": "decoration2",
				"parent": "decorationRight2",
				"pivot": [5.3, 16.05, -0.1],
				"rotation": [-15, 0, 0]
			},
			{
				"name": "bone103",
				"parent": "decoration2",
				"pivot": [5.3, 16.05, -0.1],
				"rotation": [30, 0, -10],
				"cubes": [
					{"origin": [4.7, 14.45, -0.5], "size": [1, 2, 1], "uv": [9, 56], "inflate": -0.4}
				]
			},
			{
				"name": "bone104",
				"parent": "bone103",
				"pivot": [5.3, 16.05, -0.1],
				"rotation": [30, 0, 0],
				"cubes": [
					{"origin": [4.7, 13.41077, -1.1], "size": [1, 2, 1], "uv": [54, 34], "inflate": -0.4}
				]
			},
			{
				"name": "bone105",
				"parent": "decoration2",
				"pivot": [5.3, 16.05, -0.1],
				"rotation": [0, 0, -10],
				"cubes": [
					{"origin": [4.7, 14.45, -0.5], "size": [1, 2, 1], "uv": [52, 13], "inflate": -0.4}
				]
			},
			{
				"name": "bone106",
				"parent": "bone105",
				"pivot": [5.3, 16.05, -0.1],
				"rotation": [30, 0, 0],
				"cubes": [
					{"origin": [4.7, 13.41077, -1.1], "size": [1, 2, 1], "uv": [52, 10], "inflate": -0.4}
				]
			},
			{
				"name": "bone107",
				"parent": "decoration2",
				"pivot": [5.3, 16.05, -0.1],
				"rotation": [-15, -20, -20],
				"cubes": [
					{"origin": [4.7, 14.45, -0.6], "size": [1, 2, 1], "uv": [50, 51], "inflate": -0.4}
				]
			},
			{
				"name": "bone108",
				"parent": "bone107",
				"pivot": [5.3, 16.05, -0.1],
				"rotation": [-38, 0, 0],
				"cubes": [
					{"origin": [4.7, 14.45, -0.6], "size": [1, 2, 1], "uv": [34, 51], "inflate": -0.4}
				]
			},
			{
				"name": "bone109",
				"parent": "bone107",
				"pivot": [5.3, 16.05, -0.1],
				"rotation": [-109, 0, 0],
				"cubes": [
					{"origin": [4.7, 14.74613, 0.46718], "size": [1, 2, 1], "uv": [30, 51], "inflate": -0.4}
				]
			},
			{
				"name": "bone110",
				"parent": "decoration2",
				"pivot": [5.3, 16.05, -0.1],
				"rotation": [100, 20, -20],
				"cubes": [
					{"origin": [4.7, 14.45, -0.6], "size": [1, 2, 1], "uv": [51, 24], "inflate": -0.4}
				]
			},
			{
				"name": "bone111",
				"parent": "bone110",
				"pivot": [5.3, 16.05, -0.1],
				"rotation": [-38, 0, 0],
				"cubes": [
					{"origin": [4.7, 14.45, -0.6], "size": [1, 2, 1], "uv": [50, 37], "inflate": -0.4}
				]
			},
			{
				"name": "bone112",
				"parent": "bone110",
				"pivot": [5.3, 16.05, -0.1],
				"rotation": [-109, 0, 0],
				"cubes": [
					{"origin": [4.7, 14.74613, 0.46718], "size": [1, 2, 1], "uv": [50, 34], "inflate": -0.4}
				]
			},
			{
				"name": "body",
				"pivot": [0, 10.5, 0],
				"cubes": [
					{"origin": [-3, 8.999, -3], "size": [6, 9, 6], "uv": [26, 26]},
					{"origin": [-3, 9.999, -3], "size": [6, 8, 6], "uv": [0, 32], "inflate": 0.1}
				]
			},
			{
				"name": "sittingRotationSkirt",
				"parent": "body",
				"pivot": [0, 10.5, 0]
			},
			{
				"name": "bone",
				"parent": "sittingRotationSkirt",
				"pivot": [0, 16.5, 0]
			},
			{
				"name": "bone2",
				"parent": "bone",
				"pivot": [0, 6, 0]
			},
			{
				"name": "bone3",
				"parent": "bone2",
				"pivot": [0, 6, 5.73769],
				"rotation": [34, 0, 0]
			},
			{
				"name": "bone4",
				"parent": "bone3",
				"pivot": [0, 6, 5.73769],
				"rotation": [0, -45, 0],
				"cubes": [
					{"origin": [-1, 6, 4.73769], "size": [2, 6, 2], "uv": [48, 79]}
				]
			},
			{
				"name": "bone5",
				"parent": "bone",
				"pivot": [0, 6, 0],
				"rotation": [0, -27.69231, 0]
			},
			{
				"name": "bone6",
				"parent": "bone5",
				"pivot": [0, 6, 5.73769],
				"rotation": [34, 0, 0]
			},
			{
				"name": "bone7",
				"parent": "bone6",
				"pivot": [0, 6, 5.73769],
				"rotation": [0, -45, 0],
				"cubes": [
					{"origin": [-1, 6, 4.73769], "size": [2, 6, 2], "uv": [32, 78]}
				]
			},
			{
				"name": "bone8",
				"parent": "bone",
				"pivot": [0, 6, 0],
				"rotation": [0, -55.38462, 0]
			},
			{
				"name": "bone9",
				"parent": "bone8",
				"pivot": [0, 6, 5.73769],
				"rotation": [34, 0, 0]
			},
			{
				"name": "bone10",
				"parent": "bone9",
				"pivot": [0, 6, 5.73769],
				"rotation": [0, -45, 0],
				"cubes": [
					{"origin": [-1, 6, 4.73769], "size": [2, 6, 2], "uv": [78, 26]}
				]
			},
			{
				"name": "bone11",
				"parent": "bone",
				"pivot": [0, 6, 0],
				"rotation": [0, -83.07692, 0]
			},
			{
				"name": "bone12",
				"parent": "bone11",
				"pivot": [0, 6, 5.73769],
				"rotation": [34, 0, 0]
			},
			{
				"name": "bone13",
				"parent": "bone12",
				"pivot": [0, 6, 5.73769],
				"rotation": [0, -45, 0],
				"cubes": [
					{"origin": [-1, 6, 4.73769], "size": [2, 6, 2], "uv": [24, 78]}
				]
			},
			{
				"name": "bone14",
				"parent": "bone",
				"pivot": [0, 6, 0],
				"rotation": [0, -110.76923, 0]
			},
			{
				"name": "bone15",
				"parent": "bone14",
				"pivot": [0, 6, 5.73769],
				"rotation": [34, 0, 0]
			},
			{
				"name": "bone16",
				"parent": "bone15",
				"pivot": [0, 6, 5.73769],
				"rotation": [0, -45, 0],
				"cubes": [
					{"origin": [-1, 6, 4.73769], "size": [2, 6, 2], "uv": [16, 78]}
				]
			},
			{
				"name": "bone17",
				"parent": "bone",
				"pivot": [0, 6, 0],
				"rotation": [0, -138.46154, 0]
			},
			{
				"name": "bone18",
				"parent": "bone17",
				"pivot": [0, 6, 5.73769],
				"rotation": [34, 0, 0]
			},
			{
				"name": "bone19",
				"parent": "bone18",
				"pivot": [0, 6, 5.73769],
				"rotation": [0, -45, 0],
				"cubes": [
					{"origin": [-1, 6, 4.73769], "size": [2, 6, 2], "uv": [8, 78]}
				]
			},
			{
				"name": "bone20",
				"parent": "bone",
				"pivot": [0, 6, 0],
				"rotation": [0, -166.15385, 0]
			},
			{
				"name": "bone21",
				"parent": "bone20",
				"pivot": [0, 6, 5.73769],
				"rotation": [34, 0, 0]
			},
			{
				"name": "bone22",
				"parent": "bone21",
				"pivot": [0, 6, 5.73769],
				"rotation": [0, -45, 0],
				"cubes": [
					{"origin": [-1, 6, 4.73769], "size": [2, 6, 2], "uv": [73, 77]}
				]
			},
			{
				"name": "bone23",
				"parent": "bone",
				"pivot": [0, 6, 0],
				"rotation": [0, -193.84615, 0]
			},
			{
				"name": "bone24",
				"parent": "bone23",
				"pivot": [0, 6, 5.73769],
				"rotation": [34, 0, 0]
			},
			{
				"name": "bone25",
				"parent": "bone24",
				"pivot": [0, 6, 5.73769],
				"rotation": [0, -45, 0],
				"cubes": [
					{"origin": [-1, 6, 4.73769], "size": [2, 6, 2], "uv": [77, 54]}
				]
			},
			{
				"name": "bone26",
				"parent": "bone",
				"pivot": [0, 6, 0],
				"rotation": [0, -221.53846, 0]
			},
			{
				"name": "bone27",
				"parent": "bone26",
				"pivot": [0, 6, 5.73769],
				"rotation": [34, 0, 0]
			},
			{
				"name": "bone28",
				"parent": "bone27",
				"pivot": [0, 6, 5.73769],
				"rotation": [0, -45, 0],
				"cubes": [
					{"origin": [-1, 6, 4.73769], "size": [2, 6, 2], "uv": [76, 34]}
				]
			},
			{
				"name": "bone29",
				"parent": "bone",
				"pivot": [0, 6, 0],
				"rotation": [0, -249.23077, 0]
			},
			{
				"name": "bone30",
				"parent": "bone29",
				"pivot": [0, 6, 5.73769],
				"rotation": [34, 0, 0]
			},
			{
				"name": "bone31",
				"parent": "bone30",
				"pivot": [0, 6, 5.73769],
				"rotation": [0, -45, 0],
				"cubes": [
					{"origin": [-1, 6, 4.73769], "size": [2, 6, 2], "uv": [76, 0]}
				]
			},
			{
				"name": "bone32",
				"parent": "bone",
				"pivot": [0, 6, 0],
				"rotation": [0, -276.92308, 0]
			},
			{
				"name": "bone33",
				"parent": "bone32",
				"pivot": [0, 6, 5.73769],
				"rotation": [34, 0, 0]
			},
			{
				"name": "bone34",
				"parent": "bone33",
				"pivot": [0, 6, 5.73769],
				"rotation": [0, -45, 0],
				"cubes": [
					{"origin": [-1, 6, 4.73769], "size": [2, 6, 2], "uv": [0, 76]}
				]
			},
			{
				"name": "bone35",
				"parent": "bone",
				"pivot": [0, 6, 0],
				"rotation": [0, -304.61538, 0]
			},
			{
				"name": "bone36",
				"parent": "bone35",
				"pivot": [0, 6, 5.73769],
				"rotation": [34, 0, 0]
			},
			{
				"name": "bone37",
				"parent": "bone36",
				"pivot": [0, 6, 5.73769],
				"rotation": [0, -45, 0],
				"cubes": [
					{"origin": [-1, 6, 4.73769], "size": [2, 6, 2], "uv": [75, 69]}
				]
			},
			{
				"name": "bone38",
				"parent": "bone",
				"pivot": [0, 6, 0],
				"rotation": [0, -332.30769, 0]
			},
			{
				"name": "bone39",
				"parent": "bone38",
				"pivot": [0, 6, 5.73769],
				"rotation": [34, 0, 0]
			},
			{
				"name": "bone40",
				"parent": "bone39",
				"pivot": [0, 6, 5.73769],
				"rotation": [0, -45, 0],
				"cubes": [
					{"origin": [-1, 6, 4.73769], "size": [2, 6, 2], "uv": [57, 73]}
				]
			},
			{
				"name": "bone41",
				"parent": "sittingRotationSkirt",
				"pivot": [0, 15.5, 0]
			},
			{
				"name": "bone42",
				"parent": "bone41",
				"pivot": [0, 5, 0]
			},
			{
				"name": "bone43",
				"parent": "bone42",
				"pivot": [0, 5, 5.73769],
				"rotation": [34, 0, 0]
			},
			{
				"name": "bone44",
				"parent": "bone43",
				"pivot": [0, 5, 5.73769],
				"rotation": [0, -45, 0],
				"cubes": [
					{"origin": [-1, 5, 4.73769], "size": [2, 6, 2], "uv": [42, 73]}
				]
			},
			{
				"name": "bone45",
				"parent": "bone41",
				"pivot": [0, 5, 0],
				"rotation": [0, -27.69231, 0]
			},
			{
				"name": "bone46",
				"parent": "bone45",
				"pivot": [0, 5, 5.73769],
				"rotation": [34, 0, 0]
			},
			{
				"name": "bone47",
				"parent": "bone46",
				"pivot": [0, 5, 5.73769],
				"rotation": [0, -45, 0],
				"cubes": [
					{"origin": [-1, 5, 4.73769], "size": [2, 6, 2], "uv": [73, 18]}
				]
			},
			{
				"name": "bone48",
				"parent": "bone41",
				"pivot": [0, 5, 0],
				"rotation": [0, -55.38462, 0]
			},
			{
				"name": "bone49",
				"parent": "bone48",
				"pivot": [0, 5, 5.73769],
				"rotation": [34, 0, 0]
			},
			{
				"name": "bone50",
				"parent": "bone49",
				"pivot": [0, 5, 5.73769],
				"rotation": [0, -45, 0],
				"cubes": [
					{"origin": [-1, 5, 4.73769], "size": [2, 6, 2], "uv": [72, 42]}
				]
			},
			{
				"name": "bone51",
				"parent": "bone41",
				"pivot": [0, 5, 0],
				"rotation": [0, -83.07692, 0]
			},
			{
				"name": "bone52",
				"parent": "bone51",
				"pivot": [0, 5, 5.73769],
				"rotation": [34, 0, 0]
			},
			{
				"name": "bone53",
				"parent": "bone52",
				"pivot": [0, 5, 5.73769],
				"rotation": [0, -45, 0],
				"cubes": [
					{"origin": [-1, 5, 4.73769], "size": [2, 6, 2], "uv": [72, 10]}
				]
			},
			{
				"name": "bone54",
				"parent": "bone41",
				"pivot": [0, 5, 0],
				"rotation": [0, -110.76923, 0]
			},
			{
				"name": "bone55",
				"parent": "bone54",
				"pivot": [0, 5, 5.73769],
				"rotation": [34, 0, 0]
			},
			{
				"name": "bone56",
				"parent": "bone55",
				"pivot": [0, 5, 5.73769],
				"rotation": [0, -45, 0],
				"cubes": [
					{"origin": [-1, 5, 4.73769], "size": [2, 6, 2], "uv": [67, 71]}
				]
			},
			{
				"name": "bone57",
				"parent": "bone41",
				"pivot": [0, 5, 0],
				"rotation": [0, -138.46154, 0]
			},
			{
				"name": "bone58",
				"parent": "bone57",
				"pivot": [0, 5, 5.73769],
				"rotation": [34, 0, 0]
			},
			{
				"name": "bone59",
				"parent": "bone58",
				"pivot": [0, 5, 5.73769],
				"rotation": [0, -45, 0],
				"cubes": [
					{"origin": [-1, 5, 4.73769], "size": [2, 6, 2], "uv": [34, 70]}
				]
			},
			{
				"name": "bone60",
				"parent": "bone41",
				"pivot": [0, 5, 0],
				"rotation": [0, -166.15385, 0]
			},
			{
				"name": "bone61",
				"parent": "bone60",
				"pivot": [0, 5, 5.73769],
				"rotation": [34, 0, 0]
			},
			{
				"name": "bone62",
				"parent": "bone61",
				"pivot": [0, 5, 5.73769],
				"rotation": [0, -45, 0],
				"cubes": [
					{"origin": [-1, 5, 4.73769], "size": [2, 6, 2], "uv": [70, 28]}
				]
			},
			{
				"name": "bone63",
				"parent": "bone41",
				"pivot": [0, 5, 0],
				"rotation": [0, -193.84615, 0]
			},
			{
				"name": "bone64",
				"parent": "bone63",
				"pivot": [0, 5, 5.73769],
				"rotation": [34, 0, 0]
			},
			{
				"name": "bone65",
				"parent": "bone64",
				"pivot": [0, 5, 5.73769],
				"rotation": [0, -45, 0],
				"cubes": [
					{"origin": [-1, 5, 4.73769], "size": [2, 6, 2], "uv": [26, 70]}
				]
			},
			{
				"name": "bone66",
				"parent": "bone41",
				"pivot": [0, 5, 0],
				"rotation": [0, -221.53846, 0]
			},
			{
				"name": "bone67",
				"parent": "bone66",
				"pivot": [0, 5, 5.73769],
				"rotation": [34, 0, 0]
			},
			{
				"name": "bone68",
				"parent": "bone67",
				"pivot": [0, 5, 5.73769],
				"rotation": [0, -45, 0],
				"cubes": [
					{"origin": [-1, 5, 4.73769], "size": [2, 6, 2], "uv": [18, 70]}
				]
			},
			{
				"name": "bone69",
				"parent": "bone41",
				"pivot": [0, 5, 0],
				"rotation": [0, -249.23077, 0]
			},
			{
				"name": "bone70",
				"parent": "bone69",
				"pivot": [0, 5, 5.73769],
				"rotation": [34, 0, 0]
			},
			{
				"name": "bone71",
				"parent": "bone70",
				"pivot": [0, 5, 5.73769],
				"rotation": [0, -45, 0],
				"cubes": [
					{"origin": [-1, 5, 4.73769], "size": [2, 6, 2], "uv": [10, 70]}
				]
			},
			{
				"name": "bone72",
				"parent": "bone41",
				"pivot": [0, 5, 0],
				"rotation": [0, -276.92308, 0]
			},
			{
				"name": "bone73",
				"parent": "bone72",
				"pivot": [0, 5, 5.73769],
				"rotation": [34, 0, 0]
			},
			{
				"name": "bone74",
				"parent": "bone73",
				"pivot": [0, 5, 5.73769],
				"rotation": [0, -45, 0],
				"cubes": [
					{"origin": [-1, 5, 4.73769], "size": [2, 6, 2], "uv": [69, 63]}
				]
			},
			{
				"name": "bone75",
				"parent": "bone41",
				"pivot": [0, 5, 0],
				"rotation": [0, -304.61538, 0]
			},
			{
				"name": "bone76",
				"parent": "bone75",
				"pivot": [0, 5, 5.73769],
				"rotation": [34, 0, 0]
			},
			{
				"name": "bone77",
				"parent": "bone76",
				"pivot": [0, 5, 5.73769],
				"rotation": [0, -45, 0],
				"cubes": [
					{"origin": [-1, 5, 4.73769], "size": [2, 6, 2], "uv": [0, 16]}
				]
			},
			{
				"name": "bone78",
				"parent": "bone41",
				"pivot": [0, 5, 0],
				"rotation": [0, -332.30769, 0]
			},
			{
				"name": "bone79",
				"parent": "bone78",
				"pivot": [0, 5, 5.73769],
				"rotation": [34, 0, 0]
			},
			{
				"name": "bone80",
				"parent": "bone79",
				"pivot": [0, 5, 5.73769],
				"rotation": [0, -45, 0],
				"cubes": [
					{"origin": [-1, 5, 4.73769], "size": [2, 6, 2], "uv": [0, 0]}
				]
			},
			{
				"name": "zs",
				"parent": "sittingRotationSkirt",
				"pivot": [0, 8.5, -1],
				"rotation": [-37.5, -27.5, 47.5]
			},
			{
				"name": "bone113",
				"parent": "zs",
				"pivot": [0, 8.5, -1],
				"cubes": [
					{"origin": [-5, 6.5, -1], "size": [1, 1, 1], "uv": [50, 54]}
				]
			},
			{
				"name": "bone114",
				"parent": "bone113",
				"pivot": [-5, 6.5, 0],
				"rotation": [-32.5, 0, 0],
				"cubes": [
					{"origin": [-5, 4.5, -1], "size": [1, 2, 1], "uv": [0, 46]}
				]
			},
			{
				"name": "bone115",
				"parent": "bone113",
				"pivot": [-5, 6.5, -1],
				"rotation": [27.5, 0, 0],
				"cubes": [
					{"origin": [-5, 4.5, -1], "size": [1, 2, 1], "uv": [44, 29]}
				]
			},
			{
				"name": "chestPlate",
				"parent": "body",
				"pivot": [0, 10.5, 0]
			},
			{
				"name": "sinFloat",
				"parent": "chestPlate",
				"pivot": [0, 10.5, 0]
			},
			{
				"name": "bone134",
				"parent": "sinFloat",
				"pivot": [0, 10.5, 0],
				"cubes": [
					{"origin": [11, 3.5, -1], "size": [1, 22, 1], "uv": [55, 51], "inflate": -0.2},
					{"origin": [11, 21.5, -1], "size": [1, 1, 1], "uv": [39, 24]},
					{"origin": [11, 19.5, -1], "size": [1, 1, 1], "uv": [43, 24], "inflate": -0.1},
					{"origin": [9, 22.5, -3], "size": [5, 0, 5], "uv": [19, 0]},
					{"origin": [10, 24.5, -2], "size": [3, 0, 3], "uv": [15, 32]},
					{"origin": [9.5, 23.5, -2.5], "size": [4, 0, 4], "uv": [30, 0]}
				]
			},
			{
				"name": "legLeft",
				"pivot": [2, 9, 0],
				"cubes": [
					{"origin": [0.499, 0.1, -1.5], "size": [2.75, 8.9, 3], "uv": [0, 65]},
					{"origin": [0.499, 0.1, -1.5], "size": [2.75, 3.9, 3], "uv": [45, 67], "inflate": 0.1},
					{"origin": [0.499, 0.1, -1.5], "size": [2.75, 2, 3], "uv": [34, 41], "inflate": 0.2}
				]
			},
			{
				"name": "bone126",
				"parent": "legLeft",
				"pivot": [1, 24, -2],
				"rotation": [17.5, -22.5, 0],
				"cubes": [
					{"origin": [-3, 1, -6], "size": [1, 1, 1], "uv": [15, 49]}
				]
			},
			{
				"name": "bone127",
				"parent": "bone126",
				"pivot": [-4, 25, -5],
				"rotation": [42.5, 0, 0],
				"cubes": [
					{"origin": [-3, 7.30534, -21.21416], "size": [0, 1, 2.5], "uv": [36, 22]}
				]
			},
			{
				"name": "bone128",
				"parent": "bone126",
				"pivot": [-4, 25, -5],
				"rotation": [15, 0, 0],
				"cubes": [
					{"origin": [-3, 1.81778, -11.21166], "size": [0, 1, 2.5], "uv": [22, 34]}
				]
			},
			{
				"name": "bone129",
				"parent": "bone126",
				"pivot": [-4, 25, -5],
				"rotation": [-17.5, 0, 0],
				"cubes": [
					{"origin": [-3, 2.11079, 2.21694], "size": [0, 1, 2.5], "uv": [34, 2]}
				]
			},
			{
				"name": "legRight",
				"pivot": [-2, 9, 0],
				"cubes": [
					{"origin": [-3.249, 0.2, -1.5], "size": [2.75, 8.8, 3], "uv": [59, 62]},
					{"origin": [-3.249, 0.2, -1.5], "size": [2.75, 3.8, 3], "uv": [68, 50], "inflate": 0.1},
					{"origin": [-3.249, 0.2, -1.5], "size": [2.75, 2, 3], "uv": [44, 24], "inflate": 0.2}
				]
			},
			{
				"name": "bone130",
				"parent": "legRight",
				"pivot": [-1, 24, 1],
				"rotation": [17.5, 22.5, 0],
				"cubes": [
					{"origin": [3.31492, 2.03568, -6.28475], "size": [1, 1, 1], "uv": [0, 49]}
				]
			},
			{
				"name": "bone131",
				"parent": "bone130",
				"pivot": [-6, 25, -2],
				"rotation": [42.5, 0, 0],
				"cubes": [
					{"origin": [4.31492, 10.28807, -19.93624], "size": [0, 1, 2.5], "uv": [22, 33]}
				]
			},
			{
				"name": "bone132",
				"parent": "bone130",
				"pivot": [-6, 25, -2],
				"rotation": [15, 0, 0],
				"cubes": [
					{"origin": [4.31492, 3.66832, -11.11642], "size": [0, 1, 2.5], "uv": [32, 23]}
				]
			},
			{
				"name": "bone133",
				"parent": "bone130",
				"pivot": [-6, 25, -2],
				"rotation": [-17.5, 0, 0],
				"cubes": [
					{"origin": [4.31492, 2.11079, 1.77279], "size": [0, 1, 2.5], "uv": [32, 22]}
				]
			}
		]
	}
}