{
	"format_version": "1.10.0",
	"geometry.model": {
		"texturewidth": 128,
		"textureheight": 128,
		"visible_bounds_width": 3,
		"visible_bounds_height": 4,
		"visible_bounds_offset": [0, 1, 0],
		"bones": [
			{
				"name": "head",
				"pivot": [0, 18, 0],
				"cubes": [
					{"origin": [-4, 18, -4], "size": [8, 8, 8], "uv": [0, 16]},
					{"origin": [-4, 18, -4], "size": [8, 8, 8], "uv": [0, 0], "inflate": 0.1}
				]
			},
			{
				"name": "blink",
				"parent": "head",
				"pivot": [0, 18, 0],
				"cubes": [
					{"origin": [-4, 18, -4.001], "size": [8, 8, 0], "uv": [32, 8]}
				]
			},
			{
				"name": "ts",
				"parent": "head",
				"pivot": [0, 18, 0]
			},
			{
				"name": "bone92",
				"parent": "ts",
				"pivot": [0, 18, 0],
				"cubes": [
					{"origin": [-4, 24, -2], "size": [8, 2, 1], "uv": [36, 0], "inflate": 0.15}
				]
			},
			{
				"name": "heart",
				"parent": "ts",
				"pivot": [-3, 22, -4],
				"rotation": [0, -135, 50],
				"cubes": [
					{"origin": [-3, 30, -8], "size": [1, 1, 2], "uv": [0, 16]},
					{"origin": [-2, 30, -8], "size": [1, 1, 1], "uv": [4, 16]}
				]
			},
			{
				"name": "armRight",
				"pivot": [-3, 17.5, 0],
				"rotation": [0, 0, 25],
				"cubes": [
					{"origin": [-5, 8.5, -1], "size": [2, 8, 2], "uv": [16, 57]},
					{"origin": [-5.5, 10.5, -1.5], "size": [3, 7, 3], "uv": [40, 16]},
					{"origin": [-6, 9.5, -2], "size": [4, 4, 4], "uv": [24, 0]}
				]
			},
			{
				"name": "heart4",
				"parent": "armRight",
				"pivot": [6, 10.5, 0],
				"rotation": [45, 0, 0],
				"cubes": [
					{"origin": [-6.5, 10.5, 0], "size": [1, 1, 2], "uv": [0, 0]},
					{"origin": [-6.5, 11.5, 0], "size": [1, 1, 1], "uv": [4, 0]}
				]
			},
			{
				"name": "armLeft",
				"pivot": [3, 17.5, 0],
				"rotation": [0, 0, -25],
				"cubes": [
					{"origin": [2.5, 11.5, -1.5], "size": [3, 6, 3], "uv": [44, 41]},
					{"origin": [3, 8.5, -1], "size": [2, 8, 2], "uv": [8, 57]},
					{"origin": [2, 9.5, -2], "size": [4, 4, 4], "uv": [24, 16]}
				]
			},
			{
				"name": "heart3",
				"parent": "armLeft",
				"pivot": [6, 10.5, 0],
				"rotation": [45, 0, 0],
				"cubes": [
					{"origin": [5.5, 10.5, 0], "size": [1, 1, 2], "uv": [0, 19]},
					{"origin": [5.5, 11.5, 0], "size": [1, 1, 1], "uv": [4, 19]}
				]
			},
			{
				"name": "body",
				"pivot": [0, 10.5, 0],
				"cubes": [
					{"origin": [-3, 8.999, -3], "size": [6, 9, 6], "uv": [0, 32]},
					{"origin": [-3, 8.999, -3], "size": [6, 9, 6], "uv": [26, 26], "inflate": 0.1}
				]
			},
			{
				"name": "sittingRotationSkirt",
				"parent": "body",
				"pivot": [0, 10.5, 0]
			},
			{
				"name": "bone",
				"parent": "sittingRotationSkirt",
				"pivot": [0, 14.5, 0]
			},
			{
				"name": "bone2",
				"parent": "bone",
				"pivot": [0, 4, 0]
			},
			{
				"name": "bone3",
				"parent": "bone2",
				"pivot": [0, 4, 5.73769],
				"rotation": [32, 0, 0]
			},
			{
				"name": "bone4",
				"parent": "bone3",
				"pivot": [0, 4, 5.73769],
				"rotation": [0, -45, 0],
				"cubes": [
					{"origin": [-1, 4, 4.73769], "size": [2, 8, 2], "uv": [0, 57]}
				]
			},
			{
				"name": "bone5",
				"parent": "bone",
				"pivot": [0, 4, 0],
				"rotation": [0, -27.69231, 0]
			},
			{
				"name": "bone6",
				"parent": "bone5",
				"pivot": [0, 4, 5.73769],
				"rotation": [32, 0, 0]
			},
			{
				"name": "bone7",
				"parent": "bone6",
				"pivot": [0, 4, 5.73769],
				"rotation": [0, -45, 0],
				"cubes": [
					{"origin": [-1, 4, 4.73769], "size": [2, 8, 2], "uv": [56, 0]}
				]
			},
			{
				"name": "bone8",
				"parent": "bone",
				"pivot": [0, 4, 0],
				"rotation": [0, -55.38462, 0]
			},
			{
				"name": "bone9",
				"parent": "bone8",
				"pivot": [0, 4, 5.73769],
				"rotation": [32, 0, 0]
			},
			{
				"name": "bone10",
				"parent": "bone9",
				"pivot": [0, 4, 5.73769],
				"rotation": [0, -45, 0],
				"cubes": [
					{"origin": [-1, 4, 4.73769], "size": [2, 8, 2], "uv": [53, 34]}
				]
			},
			{
				"name": "bone11",
				"parent": "bone",
				"pivot": [0, 4, 0],
				"rotation": [0, -83.07692, 0]
			},
			{
				"name": "bone12",
				"parent": "bone11",
				"pivot": [0, 4, 5.73769],
				"rotation": [32, 0, 0]
			},
			{
				"name": "bone13",
				"parent": "bone12",
				"pivot": [0, 4, 5.73769],
				"rotation": [0, -45, 0],
				"cubes": [
					{"origin": [-1, 4, 4.73769], "size": [2, 8, 2], "uv": [32, 52]}
				]
			},
			{
				"name": "bone14",
				"parent": "bone",
				"pivot": [0, 4, 0],
				"rotation": [0, -110.76923, 0]
			},
			{
				"name": "bone15",
				"parent": "bone14",
				"pivot": [0, 4, 5.73769],
				"rotation": [32, 0, 0]
			},
			{
				"name": "bone16",
				"parent": "bone15",
				"pivot": [0, 4, 5.73769],
				"rotation": [0, -45, 0],
				"cubes": [
					{"origin": [-1, 4, 4.73769], "size": [2, 8, 2], "uv": [24, 52]}
				]
			},
			{
				"name": "bone17",
				"parent": "bone",
				"pivot": [0, 4, 0],
				"rotation": [0, -138.46154, 0]
			},
			{
				"name": "bone18",
				"parent": "bone17",
				"pivot": [0, 4, 5.73769],
				"rotation": [32, 0, 0]
			},
			{
				"name": "bone19",
				"parent": "bone18",
				"pivot": [0, 4, 5.73769],
				"rotation": [0, -45, 0],
				"cubes": [
					{"origin": [-1, 4, 4.73769], "size": [2, 8, 2], "uv": [52, 13]}
				]
			},
			{
				"name": "bone20",
				"parent": "bone",
				"pivot": [0, 4, 0],
				"rotation": [0, -166.15385, 0]
			},
			{
				"name": "bone21",
				"parent": "bone20",
				"pivot": [0, 4, 5.73769],
				"rotation": [32, 0, 0]
			},
			{
				"name": "bone22",
				"parent": "bone21",
				"pivot": [0, 4, 5.73769],
				"rotation": [0, -45, 0],
				"cubes": [
					{"origin": [-1, 4, 4.73769], "size": [2, 8, 2], "uv": [50, 50]}
				]
			},
			{
				"name": "bone23",
				"parent": "bone",
				"pivot": [0, 4, 0],
				"rotation": [0, -193.84615, 0]
			},
			{
				"name": "bone24",
				"parent": "bone23",
				"pivot": [0, 4, 5.73769],
				"rotation": [32, 0, 0]
			},
			{
				"name": "bone25",
				"parent": "bone24",
				"pivot": [0, 4, 5.73769],
				"rotation": [0, -45, 0],
				"cubes": [
					{"origin": [-1, 4, 4.73769], "size": [2, 8, 2], "uv": [42, 50]}
				]
			},
			{
				"name": "bone26",
				"parent": "bone",
				"pivot": [0, 4, 0],
				"rotation": [0, -221.53846, 0]
			},
			{
				"name": "bone27",
				"parent": "bone26",
				"pivot": [0, 4, 5.73769],
				"rotation": [32, 0, 0]
			},
			{
				"name": "bone28",
				"parent": "bone27",
				"pivot": [0, 4, 5.73769],
				"rotation": [0, -45, 0],
				"cubes": [
					{"origin": [-1, 4, 4.73769], "size": [2, 8, 2], "uv": [50, 24]}
				]
			},
			{
				"name": "bone29",
				"parent": "bone",
				"pivot": [0, 4, 0],
				"rotation": [0, -249.23077, 0]
			},
			{
				"name": "bone30",
				"parent": "bone29",
				"pivot": [0, 4, 5.73769],
				"rotation": [32, 0, 0]
			},
			{
				"name": "bone31",
				"parent": "bone30",
				"pivot": [0, 4, 5.73769],
				"rotation": [0, -45, 0],
				"cubes": [
					{"origin": [-1, 4, 4.73769], "size": [2, 8, 2], "uv": [48, 3]}
				]
			},
			{
				"name": "bone32",
				"parent": "bone",
				"pivot": [0, 4, 0],
				"rotation": [0, -276.92308, 0]
			},
			{
				"name": "bone33",
				"parent": "bone32",
				"pivot": [0, 4, 5.73769],
				"rotation": [32, 0, 0]
			},
			{
				"name": "bone34",
				"parent": "bone33",
				"pivot": [0, 4, 5.73769],
				"rotation": [0, -45, 0],
				"cubes": [
					{"origin": [-1, 4, 4.73769], "size": [2, 8, 2], "uv": [16, 47]}
				]
			},
			{
				"name": "bone35",
				"parent": "bone",
				"pivot": [0, 4, 0],
				"rotation": [0, -304.61538, 0]
			},
			{
				"name": "bone36",
				"parent": "bone35",
				"pivot": [0, 4, 5.73769],
				"rotation": [32, 0, 0]
			},
			{
				"name": "bone37",
				"parent": "bone36",
				"pivot": [0, 4, 5.73769],
				"rotation": [0, -45, 0],
				"cubes": [
					{"origin": [-1, 4, 4.73769], "size": [2, 8, 2], "uv": [8, 47]}
				]
			},
			{
				"name": "bone38",
				"parent": "bone",
				"pivot": [0, 4, 0],
				"rotation": [0, -332.30769, 0]
			},
			{
				"name": "bone39",
				"parent": "bone38",
				"pivot": [0, 4, 5.73769],
				"rotation": [32, 0, 0]
			},
			{
				"name": "bone40",
				"parent": "bone39",
				"pivot": [0, 4, 5.73769],
				"rotation": [0, -45, 0],
				"cubes": [
					{"origin": [-1, 4, 4.73769], "size": [2, 8, 2], "uv": [0, 47]}
				]
			},
			{
				"name": "eye",
				"parent": "body",
				"pivot": [0, 0, 0],
				"cubes": [
					{"origin": [0.5, 11, -6], "size": [3, 3, 2], "uv": [58, 51]},
					{"origin": [1.5, 12, -6.2], "size": [1, 1, 0], "uv": [2, 36]},
					{"origin": [1, 11.5, -6.1], "size": [2, 2, 0], "uv": [24, 0]},
					{"origin": [1, 12.75, -6.3], "size": [2, 1, 1], "uv": [0, 6]}
				]
			},
			{
				"name": "line",
				"parent": "eye",
				"pivot": [2, 13, -5],
				"rotation": [15, -60, 30]
			},
			{
				"name": "bone41",
				"parent": "line",
				"pivot": [0, 19, 0],
				"cubes": [
					{"origin": [1.9641, 12.93623, -4.58801], "size": [1, 3, 0], "uv": [24, 17]}
				]
			},
			{
				"name": "bone42",
				"parent": "line",
				"pivot": [0, 19, 0],
				"rotation": [-15, 0, 0],
				"cubes": [
					{"origin": [1.9641, 14.85316, -3.63872], "size": [1, 3, 0], "uv": [6, 21]}
				]
			},
			{
				"name": "bone43",
				"parent": "line",
				"pivot": [0, 19, 0],
				"rotation": [-30, 0, 0],
				"cubes": [
					{"origin": [1.9641, 16.95047, -3.21791], "size": [1, 2, 0], "uv": [0, 33]}
				]
			},
			{
				"name": "bone44",
				"parent": "line",
				"pivot": [0, 19, 0],
				"rotation": [-45, 0, 0],
				"cubes": [
					{"origin": [1.9641, 18.1193, -3.09544], "size": [1, 2, 0], "uv": [32, 24]}
				]
			},
			{
				"name": "bone45",
				"parent": "line",
				"pivot": [0, 19, 0],
				"rotation": [-60, 0, 0],
				"cubes": [
					{"origin": [1.9641, 19.28001, -3.27967], "size": [1, 2, 0], "uv": [24, 32]}
				]
			},
			{
				"name": "bone46",
				"parent": "line",
				"pivot": [0, 19, 0],
				"rotation": [-75, 0, 0],
				"cubes": [
					{"origin": [1.9641, 20.35348, -3.75802], "size": [1, 2, 0], "uv": [22, 32]}
				]
			},
			{
				"name": "bone47",
				"parent": "line",
				"pivot": [0, 19, 0],
				"rotation": [-90, 0, 0],
				"cubes": [
					{"origin": [1.9641, 21.26656, -4.49791], "size": [1, 2, 0], "uv": [20, 32]}
				]
			},
			{
				"name": "bone48",
				"parent": "line",
				"pivot": [0, 19, 0],
				"rotation": [-105, 0, 0]
			},
			{
				"name": "line2",
				"parent": "eye",
				"pivot": [3.5, 11, -4],
				"rotation": [0, 0, -25]
			},
			{
				"name": "bone49",
				"parent": "line2",
				"pivot": [0, 0, 0],
				"cubes": [
					{"origin": [3.501, 11, -4], "size": [0, 1, 3], "uv": [0, 2]}
				]
			},
			{
				"name": "bone50",
				"parent": "line2",
				"pivot": [0, 0, 0],
				"rotation": [0, 5, 0],
				"cubes": [
					{"origin": [3.57384, 11, -0.69115], "size": [0, 1, 4], "uv": [0, 0]}
				]
			},
			{
				"name": "bone51",
				"parent": "line2",
				"pivot": [0, 0, 0],
				"rotation": [0, 30, 0],
				"cubes": [
					{"origin": [1.84162, 11, 4.50921], "size": [0, 1, 1], "uv": [18, 31]}
				]
			},
			{
				"name": "bone52",
				"parent": "line2",
				"pivot": [0, 0, 0],
				"rotation": [0, 45, 0],
				"cubes": [
					{"origin": [0.35301, 11, 5.79787], "size": [0, 1, 1], "uv": [4, 31]}
				]
			},
			{
				"name": "bone53",
				"parent": "line2",
				"pivot": [0, 0, 0],
				"rotation": [0, 60, 0],
				"cubes": [
					{"origin": [-1.41844, 11, 6.6576], "size": [0, 1, 1], "uv": [2, 31]}
				]
			},
			{
				"name": "bone54",
				"parent": "line2",
				"pivot": [0, 0, 0],
				"rotation": [0, 75, 0],
				"cubes": [
					{"origin": [-3.352, 11, 7.0293], "size": [0, 1, 1], "uv": [0, 31]}
				]
			},
			{
				"name": "bone55",
				"parent": "line2",
				"pivot": [0, 0, 0],
				"rotation": [0, 90, 0],
				"cubes": [
					{"origin": [-5.31689, 11, 6.88789], "size": [0, 1, 1], "uv": [26, 18]}
				]
			},
			{
				"name": "bone56",
				"parent": "line2",
				"pivot": [0, 0, 0],
				"rotation": [0, 120, 0],
				"cubes": [
					{"origin": [-8.5485, 11, 4.17267], "size": [0, 1, 1], "uv": [26, 17]}
				]
			},
			{
				"name": "bone57",
				"parent": "line2",
				"pivot": [0, 0, 0],
				"rotation": [0, 150, 0],
				"cubes": [
					{"origin": [-9.99042, 11, 0.20491], "size": [0, 1, 1], "uv": [26, 16]}
				]
			},
			{
				"name": "bone58",
				"parent": "line2",
				"pivot": [0, 0, 0],
				"rotation": [0, 180, 0],
				"cubes": [
					{"origin": [-9.25528, 11, -3.95223], "size": [0, 1, 3], "uv": [0, 0]}
				]
			},
			{
				"name": "line3",
				"parent": "eye",
				"pivot": [0.5, 13, -5],
				"rotation": [0, 0, 25]
			},
			{
				"name": "bone59",
				"parent": "line3",
				"pivot": [0, 0, 0],
				"cubes": [
					{"origin": [-2.5, 13, -5], "size": [3, 1, 0], "uv": [0, 23]}
				]
			},
			{
				"name": "bone60",
				"parent": "line3",
				"pivot": [0, 0, 0],
				"rotation": [0, 15, 0],
				"cubes": [
					{"origin": [-3.12072, 13, -5.47668], "size": [2, 1, 0], "uv": [24, 16]}
				]
			},
			{
				"name": "bone61",
				"parent": "line3",
				"pivot": [0, 0, 0],
				"rotation": [0, 30, 0],
				"cubes": [
					{"origin": [-2.59692, 13, -6.09777], "size": [1, 1, 0], "uv": [0, 36]}
				]
			},
			{
				"name": "bone62",
				"parent": "line3",
				"pivot": [0, 0, 0],
				"rotation": [0, 45, 0],
				"cubes": [
					{"origin": [-2.93021, 13, -6.56212], "size": [2, 1, 0], "uv": [24, 3]}
				]
			},
			{
				"name": "bone63",
				"parent": "line3",
				"pivot": [0, 0, 0],
				"rotation": [0, 60, 0],
				"cubes": [
					{"origin": [-3.13196, 13, -7.09692], "size": [2, 1, 0], "uv": [24, 2]}
				]
			},
			{
				"name": "bone64",
				"parent": "line3",
				"pivot": [0, 0, 0],
				"rotation": [0, 75, 0],
				"cubes": [
					{"origin": [-2.18843, 13, -7.66571], "size": [1, 1, 0], "uv": [24, 35]}
				]
			},
			{
				"name": "bone65",
				"parent": "line3",
				"pivot": [0, 0, 0],
				"rotation": [0, 90, 0],
				"cubes": [
					{"origin": [-3.12983, 13, -7.97091], "size": [3, 1, 0], "uv": [0, 22]}
				]
			},
			{
				"name": "bone66",
				"parent": "line3",
				"pivot": [-8, 13, 3],
				"rotation": [-30, 0, 0],
				"cubes": [
					{"origin": [-7.96991, 12.93094, 2.61243], "size": [0, 1, 1], "uv": [0, 19]}
				]
			},
			{
				"name": "bone67",
				"parent": "line3",
				"pivot": [-8, 13, 3],
				"rotation": [-60, 0, 0],
				"cubes": [
					{"origin": [-7.96991, 13.11243, 3.06491], "size": [0, 1, 1], "uv": [0, 18]}
				]
			},
			{
				"name": "bone68",
				"parent": "line3",
				"pivot": [-8, 13, 3],
				"rotation": [-90, 0, 0],
				"cubes": [
					{"origin": [-7.96991, 13.49585, 3.36603], "size": [0, 1, 1], "uv": [6, 17]}
				]
			},
			{
				"name": "bone69",
				"parent": "line3",
				"pivot": [-8, 13, 3],
				"rotation": [-120, 0, 0],
				"cubes": [
					{"origin": [-7.96991, 13.97846, 3.43509], "size": [0, 1, 1], "uv": [0, 16]}
				]
			},
			{
				"name": "bone70",
				"parent": "line3",
				"pivot": [-8, 13, 3],
				"rotation": [-135, 0, 0],
				"cubes": [
					{"origin": [-7.96991, 14.28247, 3.87412], "size": [0, 1, 1], "uv": [0, 15]}
				]
			},
			{
				"name": "bone71",
				"parent": "line3",
				"pivot": [-8, 13, 3],
				"rotation": [-150, 0, 0],
				"cubes": [
					{"origin": [-7.96991, 14.68976, 4.21952], "size": [0, 1, 1], "uv": [6, 6]}
				]
			},
			{
				"name": "bone72",
				"parent": "line3",
				"pivot": [-8, 13, 3],
				"rotation": [-165, 0, 0],
				"cubes": [
					{"origin": [-7.96991, 15.17256, 4.44773], "size": [0, 1, 1], "uv": [5, 5]}
				]
			},
			{
				"name": "bone73",
				"parent": "line3",
				"pivot": [-8, 13, 3],
				"rotation": [180, 0, 0],
				"cubes": [
					{"origin": [-7.96991, 15.69798, 4.5432], "size": [0, 1, 1], "uv": [0, 0]}
				]
			},
			{
				"name": "line4",
				"parent": "eye",
				"pivot": [0, 0, 0]
			},
			{
				"name": "bone74",
				"parent": "line4",
				"pivot": [0, 0, 0],
				"cubes": [
					{"origin": [-0.5, 12, -4.001], "size": [1, 1, 0], "uv": [22, 35]}
				]
			},
			{
				"name": "bone75",
				"parent": "line4",
				"pivot": [0, 0, 0],
				"rotation": [0, 15, 0],
				"cubes": [
					{"origin": [-0.44743, 12, -3.99408], "size": [1, 1, 0], "uv": [20, 35]}
				]
			},
			{
				"name": "bone76",
				"parent": "line4",
				"pivot": [0, 0, 0],
				"rotation": [0, 30, 0],
				"cubes": [
					{"origin": [-0.39844, 12, -3.97379], "size": [1, 1, 0], "uv": [18, 35]}
				]
			},
			{
				"name": "bone77",
				"parent": "line4",
				"pivot": [0, 0, 0],
				"rotation": [0, 45, 0],
				"cubes": [
					{"origin": [-0.35637, 12, -3.94151], "size": [1, 1, 0], "uv": [4, 35]}
				]
			},
			{
				"name": "bone78",
				"parent": "line4",
				"pivot": [0, 0, 0],
				"rotation": [0, 60, 0],
				"cubes": [
					{"origin": [-0.32409, 12, -3.89944], "size": [1, 1, 0], "uv": [2, 35]}
				]
			},
			{
				"name": "bone79",
				"parent": "line4",
				"pivot": [0, 0, 0],
				"rotation": [0, 75, 0],
				"cubes": [
					{"origin": [-0.3038, 12, -3.85045], "size": [1, 1, 0], "uv": [0, 35]}
				]
			},
			{
				"name": "bone80",
				"parent": "line4",
				"pivot": [0, 0, 0],
				"rotation": [0, 90, 0],
				"cubes": [
					{"origin": [-0.29688, 12, -3.79788], "size": [1, 1, 0], "uv": [34, 25]}
				]
			},
			{
				"name": "bone81",
				"parent": "line4",
				"pivot": [0, 0, 0],
				"rotation": [0, 105, 0],
				"cubes": [
					{"origin": [-0.3038, 12, -3.7453], "size": [1, 1, 0], "uv": [34, 24]}
				]
			},
			{
				"name": "bone82",
				"parent": "line4",
				"pivot": [0, 0, 0],
				"rotation": [0, 120, 0],
				"cubes": [
					{"origin": [-0.32409, 12, -3.69632], "size": [1, 1, 0], "uv": [24, 34]}
				]
			},
			{
				"name": "bone83",
				"parent": "line4",
				"pivot": [0, 0, 0],
				"rotation": [0, 135, 0],
				"cubes": [
					{"origin": [-0.35637, 12, -3.65425], "size": [1, 1, 0], "uv": [22, 34]}
				]
			},
			{
				"name": "bone84",
				"parent": "line4",
				"pivot": [0, 0, 0],
				"rotation": [0, 150, 0],
				"cubes": [
					{"origin": [-0.39844, 12, -3.62197], "size": [1, 1, 0], "uv": [20, 34]}
				]
			},
			{
				"name": "bone85",
				"parent": "line4",
				"pivot": [0, 0, 0],
				"rotation": [0, 165, 0],
				"cubes": [
					{"origin": [-0.44743, 12, -3.60168], "size": [1, 1, 0], "uv": [18, 34]}
				]
			},
			{
				"name": "bone86",
				"parent": "line4",
				"pivot": [0, 0, 0],
				"cubes": [
					{"origin": [-0.5, 12, 3.59375], "size": [1, 1, 0], "uv": [4, 34]}
				]
			},
			{
				"name": "bone87",
				"parent": "line4",
				"pivot": [0, 0, 0],
				"rotation": [0, 0, -30],
				"cubes": [
					{"origin": [6.43301, 10.1423, 3.59375], "size": [1, 1, 0], "uv": [2, 34]}
				]
			},
			{
				"name": "bone88",
				"parent": "line4",
				"pivot": [0, 0, 0],
				"rotation": [0, 0, -60],
				"cubes": [
					{"origin": [11.50833, 5.06699, 3.59375], "size": [1, 1, 0], "uv": [18, 33]}
				]
			},
			{
				"name": "bone89",
				"parent": "line4",
				"pivot": [0, 0, 0],
				"cubes": [
					{"origin": [0.86603, 13.36603, 3.59375], "size": [1, 1, 0], "uv": [4, 33]}
				]
			},
			{
				"name": "bone90",
				"parent": "line4",
				"pivot": [0, 0, 0],
				"rotation": [15, 0, 0],
				"cubes": [
					{"origin": [0.86603, 12.94638, 7.1895], "size": [1, 1, 0], "uv": [2, 33]}
				]
			},
			{
				"name": "bone91",
				"parent": "line4",
				"pivot": [0, 0, 0],
				"rotation": [30, 0, 0],
				"cubes": [
					{"origin": [0.86603, 11.61039, 10.55411], "size": [1, 1, 0], "uv": [0, 0]}
				]
			},
			{
				"name": "heart2",
				"parent": "body",
				"pivot": [0, 0, 0],
				"rotation": [0, 0, 45],
				"cubes": [
					{"origin": [-10.19239, 9.19239, -3.501], "size": [1, 0.5, 1], "uv": [5, 5]},
					{"origin": [-11.19239, 10.19239, -3.501], "size": [1, 0.5, 1], "uv": [5, 3]},
					{"origin": [-12.19239, 11.19239, -3.501], "size": [1, 0.5, 1], "uv": [5, 2]},
					{"origin": [-9.69239, 9.69239, -3.501], "size": [0.5, 0.5, 1], "uv": [0, 0]},
					{"origin": [-10.69239, 10.69239, -3.501], "size": [0.5, 0.5, 1], "uv": [0, 0]},
					{"origin": [-11.69239, 11.69239, -3.501], "size": [0.5, 0.5, 1], "uv": [0, 0]}
				]
			},
			{
				"name": "bone93",
				"parent": "body",
				"pivot": [0, 10.5, 2],
				"rotation": [22.5, 0, 0],
				"cubes": [
					{"origin": [-3, 14.5, 6], "size": [6, 3, 0], "uv": [56, 10]}
				]
			},
			{
				"name": "legLeft",
				"pivot": [2, 9, 0],
				"cubes": [
					{"origin": [0.499, 0.1, -1.5], "size": [2.75, 8.9, 3], "uv": [34, 41]},
					{"origin": [0.499, 0.1, -1.5], "size": [2.75, 4.3, 3], "uv": [55, 57], "inflate": 0.1},
					{"origin": [0.499, 0.1, -1.5], "size": [2.75, 2, 3], "uv": [58, 25], "inflate": 0.2}
				]
			},
			{
				"name": "legRight",
				"pivot": [-2, 9, 0],
				"cubes": [
					{"origin": [-3.249, 0.2, -1.5], "size": [2.75, 8.8, 3], "uv": [24, 41]},
					{"origin": [-3.249, 0.2, -1.5], "size": [2.75, 4.3, 3], "uv": [56, 44], "inflate": 0.1},
					{"origin": [-3.249, 0.2, -1.5], "size": [2.75, 2, 3], "uv": [57, 20], "inflate": 0.2}
				]
			}
		]
	}
}