{
	"format_version": "1.10.0",
	"geometry.model": {
		"texturewidth": 128,
		"textureheight": 128,
		"visible_bounds_width": 3,
		"visible_bounds_height": 4,
		"visible_bounds_offset": [0, 1, 0],
		"bones": [
			{
				"name": "head",
				"pivot": [0, 18, 0],
				"cubes": [
					{"origin": [-4, 18, -4], "size": [8, 8, 8], "uv": [0, 16]},
					{"origin": [-4, 18, -4], "size": [8, 8, 8], "uv": [0, 0], "inflate": 0.1}
				]
			},
			{
				"name": "blink",
				"parent": "head",
				"pivot": [0, 18, 0],
				"cubes": [
					{"origin": [-4, 18, -4.001], "size": [8, 8, 0], "uv": [24, 0]}
				]
			},
			{
				"name": "hat",
				"parent": "head",
				"pivot": [0, 23, 0],
				"rotation": [-10, 0, 0]
			},
			{
				"name": "layer1",
				"parent": "hat",
				"pivot": [0, 23, 0]
			},
			{
				"name": "section1",
				"parent": "layer1",
				"pivot": [0, 23, 0],
				"cubes": [
					{"origin": [-2, 23, -10], "size": [4, 1, 4], "uv": [59, 7]},
					{"origin": [2, 23, -10], "size": [1, 1, 5], "uv": [43, 66]},
					{"origin": [3, 23, -9], "size": [1, 1, 4], "uv": [79, 12]},
					{"origin": [4, 23, -9], "size": [1, 1, 5], "uv": [66, 33]},
					{"origin": [5, 23, -8], "size": [1, 1, 6], "uv": [58, 33]},
					{"origin": [6, 23, -8], "size": [1, 1, 6], "uv": [58, 26]},
					{"origin": [7, 23, -7], "size": [1, 1, 5], "uv": [66, 26]},
					{"origin": [8, 23, -5], "size": [1, 1, 3], "uv": [77, 82]},
					{"origin": [9, 23, -3], "size": [1, 1, 1], "uv": [34, 70]}
				]
			},
			{
				"name": "section2",
				"parent": "layer1",
				"pivot": [0, 23, 0],
				"rotation": [0, -90, 0],
				"cubes": [
					{"origin": [-2, 23, -10], "size": [4, 1, 4], "uv": [8, 58]},
					{"origin": [2, 23, -10], "size": [1, 1, 5], "uv": [66, 18]},
					{"origin": [3, 23, -9], "size": [1, 1, 4], "uv": [12, 79]},
					{"origin": [4, 23, -9], "size": [1, 1, 5], "uv": [66, 12]},
					{"origin": [5, 23, -8], "size": [1, 1, 6], "uv": [58, 19]},
					{"origin": [6, 23, -8], "size": [1, 1, 6], "uv": [0, 58]},
					{"origin": [7, 23, -7], "size": [1, 1, 5], "uv": [0, 65]},
					{"origin": [8, 23, -5], "size": [1, 1, 3], "uv": [42, 81]},
					{"origin": [9, 23, -3], "size": [1, 1, 1], "uv": [69, 68]}
				]
			},
			{
				"name": "section3",
				"parent": "layer1",
				"pivot": [0, 23, 0],
				"rotation": [0, 180, 0],
				"cubes": [
					{"origin": [-2, 23, -10], "size": [4, 1, 4], "uv": [55, 56]},
					{"origin": [2, 23, -10], "size": [1, 1, 5], "uv": [9, 63]},
					{"origin": [3, 23, -9], "size": [1, 1, 4], "uv": [4, 78]},
					{"origin": [4, 23, -9], "size": [1, 1, 5], "uv": [62, 62]},
					{"origin": [5, 23, -8], "size": [1, 1, 6], "uv": [52, 42]},
					{"origin": [6, 23, -8], "size": [1, 1, 6], "uv": [32, 52]},
					{"origin": [7, 23, -7], "size": [1, 1, 5], "uv": [55, 61]},
					{"origin": [8, 23, -5], "size": [1, 1, 3], "uv": [30, 81]},
					{"origin": [9, 23, -3], "size": [1, 1, 1], "uv": [50, 68]}
				]
			},
			{
				"name": "section4",
				"parent": "layer1",
				"pivot": [0, 23, 0],
				"rotation": [0, 90, 0],
				"cubes": [
					{"origin": [-2, 23, -10], "size": [4, 1, 4], "uv": [54, 14]},
					{"origin": [2, 23, -10], "size": [1, 1, 5], "uv": [48, 60]},
					{"origin": [3, 23, -9], "size": [1, 1, 4], "uv": [77, 54]},
					{"origin": [4, 23, -9], "size": [1, 1, 5], "uv": [60, 40]},
					{"origin": [5, 23, -8], "size": [1, 1, 6], "uv": [51, 7]},
					{"origin": [6, 23, -8], "size": [1, 1, 6], "uv": [24, 16]},
					{"origin": [7, 23, -7], "size": [1, 1, 5], "uv": [59, 49]},
					{"origin": [8, 23, -5], "size": [1, 1, 3], "uv": [81, 28]},
					{"origin": [9, 23, -3], "size": [1, 1, 1], "uv": [67, 58]}
				]
			},
			{
				"name": "layer2_1",
				"parent": "hat",
				"pivot": [0, 24, 0]
			},
			{
				"name": "section5",
				"parent": "layer2_1",
				"pivot": [0, 24, 0],
				"cubes": [
					{"origin": [-2, 24, -6], "size": [4, 1, 1], "uv": [81, 6]},
					{"origin": [2.001, 24, -5], "size": [2, 1, 1], "uv": [7, 65]},
					{"origin": [4, 24, -4], "size": [1, 1, 2], "uv": [58, 29]}
				]
			},
			{
				"name": "section6",
				"parent": "layer2_1",
				"pivot": [0, 24, 0],
				"rotation": [0, -90, 0],
				"cubes": [
					{"origin": [-2, 24, -6], "size": [4, 1, 1], "uv": [79, 74]},
					{"origin": [2, 24, -5], "size": [2, 1, 1], "uv": [0, 61]},
					{"origin": [4, 24, -4], "size": [1, 1, 2], "uv": [58, 26]}
				]
			},
			{
				"name": "section7",
				"parent": "layer2_1",
				"pivot": [0, 24, 0],
				"rotation": [0, 180, 0],
				"cubes": [
					{"origin": [-2, 24, -6], "size": [4, 1, 1], "uv": [79, 72]},
					{"origin": [2, 24, -5], "size": [2, 1, 1], "uv": [35, 59]},
					{"origin": [4, 24, -4], "size": [1, 1, 2], "uv": [58, 22]}
				]
			},
			{
				"name": "section8",
				"parent": "layer2_1",
				"pivot": [0, 24, 0],
				"rotation": [0, 90, 0],
				"cubes": [
					{"origin": [-2, 24, -6], "size": [4, 1, 1], "uv": [79, 70]},
					{"origin": [2, 24, -5], "size": [2, 1, 1], "uv": [58, 40]},
					{"origin": [4, 24, -4.001], "size": [1, 1, 2], "uv": [0, 58]}
				]
			},
			{
				"name": "layer2_2",
				"parent": "hat",
				"pivot": [0, 25, 0]
			},
			{
				"name": "section17",
				"parent": "layer2_2",
				"pivot": [0, 25, 0],
				"cubes": [
					{"origin": [-1, 25, -6], "size": [2, 1, 1], "uv": [58, 37]},
					{"origin": [1.001, 25, -5], "size": [3, 1, 1], "uv": [84, 36]},
					{"origin": [4, 25, -4], "size": [1, 1, 3], "uv": [79, 61]}
				]
			},
			{
				"name": "section18",
				"parent": "layer2_2",
				"pivot": [0, 25, 0],
				"rotation": [0, -90, 0],
				"cubes": [
					{"origin": [-1, 25, -6], "size": [2, 1, 1], "uv": [58, 35]},
					{"origin": [1, 25, -5], "size": [3, 1, 1], "uv": [84, 26]},
					{"origin": [4, 25, -4], "size": [1, 1, 3], "uv": [37, 79]}
				]
			},
			{
				"name": "section19",
				"parent": "layer2_2",
				"pivot": [0, 25, 0],
				"rotation": [0, 180, 0],
				"cubes": [
					{"origin": [-1, 25, -6], "size": [2, 1, 1], "uv": [58, 33]},
					{"origin": [1, 25, -5], "size": [3, 1, 1], "uv": [84, 24]},
					{"origin": [4, 25, -4], "size": [1, 1, 3], "uv": [16, 63]}
				]
			},
			{
				"name": "section20",
				"parent": "layer2_2",
				"pivot": [0, 25, 0],
				"rotation": [0, 90, 0],
				"cubes": [
					{"origin": [-1, 25, -6], "size": [2, 1, 1], "uv": [51, 11]},
					{"origin": [1, 25, -5], "size": [3, 1, 1], "uv": [12, 84]},
					{"origin": [4, 25, -4.001], "size": [1, 1, 3], "uv": [18, 32]}
				]
			},
			{
				"name": "layer3_1",
				"parent": "hat",
				"pivot": [0, 26, 0]
			},
			{
				"name": "section9",
				"parent": "layer3_1",
				"pivot": [0, 23, 0],
				"cubes": [
					{"origin": [-3, 26, -5], "size": [6, 1, 1], "uv": [73, 34]},
					{"origin": [3, 26, -4], "size": [1, 1, 1], "uv": [67, 55]}
				]
			},
			{
				"name": "section10",
				"parent": "layer3_1",
				"pivot": [0, 23, 0],
				"rotation": [0, -90, 0],
				"cubes": [
					{"origin": [-3, 26, -5], "size": [6, 1, 1], "uv": [73, 32]},
					{"origin": [3, 26, -4.001], "size": [1, 1, 1], "uv": [53, 67]}
				]
			},
			{
				"name": "section11",
				"parent": "layer3_1",
				"pivot": [0, 23, 0],
				"rotation": [0, 180, 0],
				"cubes": [
					{"origin": [-3, 26, -5], "size": [6, 1, 1], "uv": [73, 20]},
					{"origin": [3.001, 26, -4], "size": [1, 1, 1], "uv": [0, 67]}
				]
			},
			{
				"name": "section12",
				"parent": "layer3_1",
				"pivot": [0, 23, 0],
				"rotation": [0, 90, 0],
				"cubes": [
					{"origin": [-3, 26, -5], "size": [6, 1, 1], "uv": [73, 18]},
					{"origin": [3, 26, -4], "size": [1, 1, 1], "uv": [50, 66]}
				]
			},
			{
				"name": "layer3_2",
				"parent": "hat",
				"pivot": [0, 27, 0]
			},
			{
				"name": "section21",
				"parent": "layer3_2",
				"pivot": [0, 24, 0],
				"cubes": [
					{"origin": [-2, 27, -5], "size": [4, 1, 1], "uv": [79, 59]},
					{"origin": [2, 27, -4], "size": [2, 1, 2], "uv": [6, 84]}
				]
			},
			{
				"name": "section22",
				"parent": "layer3_2",
				"pivot": [0, 24, 0],
				"rotation": [0, -90, 0],
				"cubes": [
					{"origin": [-2, 27, -5], "size": [4, 1, 1], "uv": [79, 42]},
					{"origin": [2, 27, -4.001], "size": [2, 1, 2], "uv": [83, 55]}
				]
			},
			{
				"name": "section23",
				"parent": "layer3_2",
				"pivot": [0, 24, 0],
				"rotation": [0, 180, 0],
				"cubes": [
					{"origin": [-2, 27, -5], "size": [4, 1, 1], "uv": [79, 40]},
					{"origin": [2.001, 27, -4], "size": [2, 1, 2], "uv": [83, 52]}
				]
			},
			{
				"name": "section24",
				"parent": "layer3_2",
				"pivot": [0, 24, 0],
				"rotation": [0, 90, 0],
				"cubes": [
					{"origin": [-2, 27, -5], "size": [4, 1, 1], "uv": [30, 79]},
					{"origin": [2, 27, -4], "size": [2, 1, 2], "uv": [36, 83]}
				]
			},
			{
				"name": "layer4",
				"parent": "hat",
				"pivot": [0, 28, 0]
			},
			{
				"name": "section13",
				"parent": "layer4",
				"pivot": [0, 28, 0],
				"cubes": [
					{"origin": [2, 28, -3], "size": [1, 1, 1], "uv": [66, 35]},
					{"origin": [1, 28, -4], "size": [1, 1, 3], "uv": [0, 20]},
					{"origin": [-2, 28, -4], "size": [3, 1, 2], "uv": [78, 3]}
				]
			},
			{
				"name": "section14",
				"parent": "layer4",
				"pivot": [0, 28, 0],
				"rotation": [0, -90, 0],
				"cubes": [
					{"origin": [2, 28, -3], "size": [1, 1, 1], "uv": [66, 33]},
					{"origin": [1, 28, -4], "size": [1, 1, 3], "uv": [0, 16]},
					{"origin": [-2, 28, -4], "size": [3, 1, 2], "uv": [76, 37]}
				]
			},
			{
				"name": "section15",
				"parent": "layer4",
				"pivot": [0, 28, 0],
				"rotation": [0, 180, 0],
				"cubes": [
					{"origin": [2, 28, -3], "size": [1, 1, 1], "uv": [66, 28]},
					{"origin": [1, 28, -4], "size": [1, 1, 3], "uv": [0, 4]},
					{"origin": [-2, 28, -4], "size": [3, 1, 2], "uv": [28, 54]}
				]
			},
			{
				"name": "section16",
				"parent": "layer4",
				"pivot": [0, 28, 0],
				"rotation": [0, 90, 0],
				"cubes": [
					{"origin": [2, 28, -3], "size": [1, 1, 1], "uv": [66, 26]},
					{"origin": [1, 28, -4], "size": [1, 1, 3], "uv": [0, 0]},
					{"origin": [-2, 28, -4], "size": [3, 1, 2], "uv": [54, 19]}
				]
			},
			{
				"name": "layer5",
				"parent": "hat",
				"pivot": [0, 29, 0],
				"cubes": [
					{"origin": [-1, 29, -2], "size": [2, 1, 4], "uv": [67, 53]},
					{"origin": [1, 29, -1], "size": [1, 1, 2], "uv": [40, 55]},
					{"origin": [-2, 29, -1], "size": [1, 1, 2], "uv": [40, 52]}
				]
			},
			{
				"name": "hatDecoration",
				"parent": "hat",
				"pivot": [0, 24, 0],
				"rotation": [-15, -45, 0],
				"cubes": [
					{"origin": [-0.5, 23, -7.25], "size": [1, 2, 2], "uv": [24, 16]}
				]
			},
			{
				"name": "bone41",
				"parent": "hatDecoration",
				"pivot": [0, 21, 0],
				"rotation": [0, 20, 20],
				"cubes": [
					{"origin": [1.85084, 23.0504, -6.71141], "size": [3, 2, 1], "uv": [83, 8]}
				]
			},
			{
				"name": "bone42",
				"parent": "hatDecoration",
				"pivot": [0, 21, 0],
				"rotation": [0, 20, -20],
				"cubes": [
					{"origin": [3.77921, 22.58776, -6.00955], "size": [3, 2, 1], "uv": [0, 83]}
				]
			},
			{
				"name": "bone43",
				"parent": "hatDecoration",
				"pivot": [0, 21, 0],
				"rotation": [0, 20, -160],
				"cubes": [
					{"origin": [3.77921, 17.41224, -6.00955], "size": [3, 2, 1], "uv": [82, 82]}
				]
			},
			{
				"name": "bone44",
				"parent": "hatDecoration",
				"pivot": [0, 21, 0],
				"rotation": [0, 20, 160],
				"cubes": [
					{"origin": [1.85084, 16.9496, -6.71141], "size": [3, 2, 1], "uv": [82, 44]}
				]
			},
			{
				"name": "armRight",
				"pivot": [-3, 17.5, 0],
				"rotation": [0, 0, 25],
				"cubes": [
					{"origin": [-5, 8.5, -1], "size": [2, 8, 2], "uv": [63, 68]},
					{"origin": [-5.5, 9.5, -1.5], "size": [3, 8, 3], "uv": [47, 49]}
				]
			},
			{
				"name": "bone47",
				"parent": "armRight",
				"pivot": [-3, 17.5, 0],
				"rotation": [21, 0, 0],
				"cubes": [
					{"origin": [-5.5, 9.5, -1.5], "size": [3, 8, 3], "uv": [42, 0]}
				]
			},
			{
				"name": "bone48",
				"parent": "armRight",
				"pivot": [-3, 17.5, 0],
				"rotation": [-21, 0, 0],
				"cubes": [
					{"origin": [-5.5, 9.5, -1.5], "size": [3, 8, 3], "uv": [38, 41]}
				]
			},
			{
				"name": "armLeft",
				"pivot": [3, 17.5, 0],
				"rotation": [0, 0, -25],
				"cubes": [
					{"origin": [2.5, 9.5, -1.5], "size": [3, 8, 3], "uv": [12, 47]},
					{"origin": [3, 8.5, -1], "size": [2, 8, 2], "uv": [55, 67]}
				]
			},
			{
				"name": "bone45",
				"parent": "armLeft",
				"pivot": [3, 17.5, 0],
				"rotation": [21, 0, 0],
				"cubes": [
					{"origin": [2.5, 9.5, -1.5], "size": [3, 8, 3], "uv": [0, 47]}
				]
			},
			{
				"name": "bone46",
				"parent": "armLeft",
				"pivot": [3, 17.5, 0],
				"rotation": [-21, 0, 0],
				"cubes": [
					{"origin": [2.5, 9.5, -1.5], "size": [3, 8, 3], "uv": [42, 11]}
				]
			},
			{
				"name": "body",
				"pivot": [0, 10.5, 0],
				"cubes": [
					{"origin": [-3, 8.999, -3], "size": [6, 9, 6], "uv": [0, 32]},
					{"origin": [-3, 8.999, -3], "size": [6, 9, 6], "uv": [26, 26], "inflate": 0.1}
				]
			},
			{
				"name": "sittingRotationSkirt",
				"parent": "body",
				"pivot": [0, 10.5, 0]
			},
			{
				"name": "bone",
				"parent": "sittingRotationSkirt",
				"pivot": [0, 14.5, 0]
			},
			{
				"name": "bone2",
				"parent": "bone",
				"pivot": [0, 4, 0]
			},
			{
				"name": "bone3",
				"parent": "bone2",
				"pivot": [0, 4, 5.73769],
				"rotation": [30, 0, 0]
			},
			{
				"name": "bone4",
				"parent": "bone3",
				"pivot": [0, 4, 5.73769],
				"rotation": [0, -45, 0],
				"cubes": [
					{"origin": [-1, 4, 4.73769], "size": [2, 7, 2], "uv": [69, 77]}
				]
			},
			{
				"name": "bone5",
				"parent": "bone",
				"pivot": [0, 4, 0],
				"rotation": [0, -27.69231, 0]
			},
			{
				"name": "bone6",
				"parent": "bone5",
				"pivot": [0, 4, 5.73769],
				"rotation": [30, 0, 0]
			},
			{
				"name": "bone7",
				"parent": "bone6",
				"pivot": [0, 4, 5.73769],
				"rotation": [0, -45, 0],
				"cubes": [
					{"origin": [-1, 4, 4.73769], "size": [2, 7, 2], "uv": [52, 77]}
				]
			},
			{
				"name": "bone8",
				"parent": "bone",
				"pivot": [0, 4, 0],
				"rotation": [0, -55.38462, 0]
			},
			{
				"name": "bone9",
				"parent": "bone8",
				"pivot": [0, 4, 5.73769],
				"rotation": [30, 0, 0]
			},
			{
				"name": "bone10",
				"parent": "bone9",
				"pivot": [0, 4, 5.73769],
				"rotation": [0, -45, 0],
				"cubes": [
					{"origin": [-1, 4, 4.73769], "size": [2, 7, 2], "uv": [22, 77]}
				]
			},
			{
				"name": "bone11",
				"parent": "bone",
				"pivot": [0, 4, 0],
				"rotation": [0, -83.07692, 0]
			},
			{
				"name": "bone12",
				"parent": "bone11",
				"pivot": [0, 4, 5.73769],
				"rotation": [30, 0, 0]
			},
			{
				"name": "bone13",
				"parent": "bone12",
				"pivot": [0, 4, 5.73769],
				"rotation": [0, -45, 0],
				"cubes": [
					{"origin": [-1, 4, 4.73769], "size": [2, 7, 2], "uv": [76, 45]}
				]
			},
			{
				"name": "bone14",
				"parent": "bone",
				"pivot": [0, 4, 0],
				"rotation": [0, -110.76923, 0]
			},
			{
				"name": "bone15",
				"parent": "bone14",
				"pivot": [0, 4, 5.73769],
				"rotation": [30, 0, 0]
			},
			{
				"name": "bone16",
				"parent": "bone15",
				"pivot": [0, 4, 5.73769],
				"rotation": [0, -45, 0],
				"cubes": [
					{"origin": [-1, 4, 4.73769], "size": [2, 7, 2], "uv": [76, 22]}
				]
			},
			{
				"name": "bone17",
				"parent": "bone",
				"pivot": [0, 4, 0],
				"rotation": [0, -138.46154, 0]
			},
			{
				"name": "bone18",
				"parent": "bone17",
				"pivot": [0, 4, 5.73769],
				"rotation": [30, 0, 0]
			},
			{
				"name": "bone19",
				"parent": "bone18",
				"pivot": [0, 4, 5.73769],
				"rotation": [0, -45, 0],
				"cubes": [
					{"origin": [-1, 4, 4.73769], "size": [2, 7, 2], "uv": [75, 7]}
				]
			},
			{
				"name": "bone20",
				"parent": "bone",
				"pivot": [0, 4, 0],
				"rotation": [0, -166.15385, 0]
			},
			{
				"name": "bone21",
				"parent": "bone20",
				"pivot": [0, 4, 5.73769],
				"rotation": [30, 0, 0]
			},
			{
				"name": "bone22",
				"parent": "bone21",
				"pivot": [0, 4, 5.73769],
				"rotation": [0, -45, 0],
				"cubes": [
					{"origin": [-1, 4, 4.73769], "size": [2, 7, 2], "uv": [44, 72]}
				]
			},
			{
				"name": "bone23",
				"parent": "bone",
				"pivot": [0, 4, 0],
				"rotation": [0, -193.84615, 0]
			},
			{
				"name": "bone24",
				"parent": "bone23",
				"pivot": [0, 4, 5.73769],
				"rotation": [30, 0, 0]
			},
			{
				"name": "bone25",
				"parent": "bone24",
				"pivot": [0, 4, 5.73769],
				"rotation": [0, -45, 0],
				"cubes": [
					{"origin": [-1, 4, 4.73769], "size": [2, 7, 2], "uv": [71, 68]}
				]
			},
			{
				"name": "bone26",
				"parent": "bone",
				"pivot": [0, 4, 0],
				"rotation": [0, -221.53846, 0]
			},
			{
				"name": "bone27",
				"parent": "bone26",
				"pivot": [0, 4, 5.73769],
				"rotation": [30, 0, 0]
			},
			{
				"name": "bone28",
				"parent": "bone27",
				"pivot": [0, 4, 5.73769],
				"rotation": [0, -45, 0],
				"cubes": [
					{"origin": [-1, 4, 4.73769], "size": [2, 7, 2], "uv": [71, 58]}
				]
			},
			{
				"name": "bone29",
				"parent": "bone",
				"pivot": [0, 4, 0],
				"rotation": [0, -249.23077, 0]
			},
			{
				"name": "bone30",
				"parent": "bone29",
				"pivot": [0, 4, 5.73769],
				"rotation": [30, 0, 0]
			},
			{
				"name": "bone31",
				"parent": "bone30",
				"pivot": [0, 4, 5.73769],
				"rotation": [0, -45, 0],
				"cubes": [
					{"origin": [-1, 4, 4.73769], "size": [2, 7, 2], "uv": [0, 71]}
				]
			},
			{
				"name": "bone32",
				"parent": "bone",
				"pivot": [0, 4, 0],
				"rotation": [0, -276.92308, 0]
			},
			{
				"name": "bone33",
				"parent": "bone32",
				"pivot": [0, 4, 5.73769],
				"rotation": [30, 0, 0]
			},
			{
				"name": "bone34",
				"parent": "bone33",
				"pivot": [0, 4, 5.73769],
				"rotation": [0, -45, 0],
				"cubes": [
					{"origin": [-1, 4, 4.73769], "size": [2, 7, 2], "uv": [36, 70]}
				]
			},
			{
				"name": "bone35",
				"parent": "bone",
				"pivot": [0, 4, 0],
				"rotation": [0, -304.61538, 0]
			},
			{
				"name": "bone36",
				"parent": "bone35",
				"pivot": [0, 4, 5.73769],
				"rotation": [30, 0, 0]
			},
			{
				"name": "bone37",
				"parent": "bone36",
				"pivot": [0, 4, 5.73769],
				"rotation": [0, -45, 0],
				"cubes": [
					{"origin": [-1, 4, 4.73769], "size": [2, 7, 2], "uv": [28, 70]}
				]
			},
			{
				"name": "bone38",
				"parent": "bone",
				"pivot": [0, 4, 0],
				"rotation": [0, -332.30769, 0]
			},
			{
				"name": "bone39",
				"parent": "bone38",
				"pivot": [0, 4, 5.73769],
				"rotation": [30, 0, 0]
			},
			{
				"name": "bone40",
				"parent": "bone39",
				"pivot": [0, 4, 5.73769],
				"rotation": [0, -45, 0],
				"cubes": [
					{"origin": [-1, 4, 4.73769], "size": [2, 7, 2], "uv": [16, 69]}
				]
			},
			{
				"name": "eye",
				"parent": "body",
				"pivot": [-11, 4, 12],
				"rotation": [40, -60, -35],
				"cubes": [
					{"origin": [-22.19235, 16.50519, 8.16322], "size": [3, 3, 2], "uv": [77, 65]},
					{"origin": [-21.69235, 17.00519, 8.06322], "size": [2, 2, 0], "uv": [66, 21]},
					{"origin": [-21.19235, 17.50519, 7.96322], "size": [1, 1, 0], "uv": [5, 16]},
					{"origin": [-21.69235, 18.00519, 7.66322], "size": [2, 1, 1], "uv": [24, 20]},
					{"origin": [-21.69235, 16.90519, 7.76322], "size": [2, 2, 1], "uv": [9, 47]}
				]
			},
			{
				"name": "heart",
				"parent": "eye",
				"pivot": [-11, 4, 12],
				"cubes": [
					{"origin": [-17.32865, 18.50519, 9.1985], "size": [5, 5, 0], "uv": [77, 77]}
				]
			},
			{
				"name": "bone49",
				"parent": "eye",
				"pivot": [-11, 4, 12],
				"cubes": [
					{"origin": [-19.32865, 17.50519, 9.1985], "size": [4, 1, 0], "uv": [59, 55]}
				]
			},
			{
				"name": "bone50",
				"parent": "eye",
				"pivot": [-11, 4, 12],
				"rotation": [0, 30, 0],
				"cubes": [
					{"origin": [-12.48194, 13.50519, 7.9095], "size": [6, 5, 0], "uv": [67, 40]}
				]
			},
			{
				"name": "bone51",
				"parent": "eye",
				"pivot": [-11, 4, 12],
				"rotation": [0, 60, 0],
				"cubes": [
					{"origin": [-5.0425, 12.50519, 10.71642], "size": [4, 1, 0], "uv": [59, 12]}
				]
			},
			{
				"name": "bone52",
				"parent": "eye",
				"pivot": [-11, 4, 12],
				"rotation": [0, 90, 0],
				"cubes": [
					{"origin": [-1.73526, 13.50519, 15.867], "size": [3, 1, 0], "uv": [35, 61]}
				]
			},
			{
				"name": "bone53",
				"parent": "eye",
				"pivot": [-11, 4, 12],
				"rotation": [0, 120, 0],
				"cubes": [
					{"origin": [-2.31243, 14.50519, 21.48116], "size": [2, 1, 0], "uv": [66, 24]}
				]
			},
			{
				"name": "bone54",
				"parent": "eye",
				"pivot": [-11, 4, 12],
				"rotation": [0, 150, 0],
				"cubes": [
					{"origin": [-6.48537, 15.50519, 25.55458], "size": [8, 1, 0], "uv": [32, 24]}
				]
			},
			{
				"name": "bone55",
				"parent": "eye",
				"pivot": [-11, 4, 12],
				"rotation": [0, -165, 0],
				"cubes": [
					{"origin": [-11.73535, 16.50519, 30.43271], "size": [2, 1, 0], "uv": [66, 16]}
				]
			},
			{
				"name": "bone56",
				"parent": "eye",
				"pivot": [-11, 4, 12],
				"rotation": [0, -135, 0],
				"cubes": [
					{"origin": [-19.12164, 16.50519, 28.59539], "size": [2, 1, 0], "uv": [62, 65]}
				]
			},
			{
				"name": "bone57",
				"parent": "eye",
				"pivot": [-11, 4, 12],
				"rotation": [0, -115, 0],
				"cubes": [
					{"origin": [-22.42842, 16.50519, 25.50084], "size": [2, 1, 0], "uv": [65, 61]}
				]
			},
			{
				"name": "bone58",
				"parent": "eye",
				"pivot": [-11, 4, 12],
				"rotation": [0, -75, 0],
				"cubes": [
					{"origin": [-26.90076, 16.50519, 16.28077], "size": [2, 1, 0], "uv": [48, 64]}
				]
			},
			{
				"name": "bone59",
				"parent": "eye",
				"pivot": [-11, 4, 12],
				"rotation": [0, -45, 0],
				"cubes": [
					{"origin": [-25.1793, 16.50519, 8.75774], "size": [2, 1, 0], "uv": [8, 63]}
				]
			},
			{
				"name": "bone60",
				"parent": "eye",
				"pivot": [-11, 4, 12],
				"rotation": [0, -40, 0],
				"cubes": [
					{"origin": [-22.85037, 9.50519, 7.70759], "size": [7, 7, 0], "uv": [54, 0]}
				]
			},
			{
				"name": "bone61",
				"parent": "eye",
				"pivot": [-11, 4, 12],
				"rotation": [0, -10, 0],
				"cubes": [
					{"origin": [-13.05434, 8.50519, 5.85648], "size": [2, 1, 0], "uv": [0, 63]}
				]
			},
			{
				"name": "bone62",
				"parent": "eye",
				"pivot": [-11, 4, 12],
				"rotation": [0, 20, 0],
				"cubes": [
					{"origin": [-7.97579, 7.50519, 6.65225], "size": [2, 1, 0], "uv": [8, 61]}
				]
			},
			{
				"name": "bone63",
				"parent": "eye",
				"pivot": [-11, 4, 12],
				"rotation": [0, 50, 0],
				"cubes": [
					{"origin": [-3.97554, 6.50519, 9.88068], "size": [2, 1, 0], "uv": [60, 44]}
				]
			},
			{
				"name": "bone64",
				"parent": "eye",
				"pivot": [-11, 4, 12],
				"rotation": [0, 80, 0],
				"cubes": [
					{"origin": [-2.12543, 5.50519, 14.67671], "size": [2, 1, 0], "uv": [28, 58]}
				]
			},
			{
				"name": "bone65",
				"parent": "eye",
				"pivot": [-11, 4, 12],
				"rotation": [0, 110, 0],
				"cubes": [
					{"origin": [-2.9212, 4.50519, 19.75526], "size": [2, 1, 0], "uv": [54, 17]}
				]
			},
			{
				"name": "bone66",
				"parent": "eye",
				"pivot": [-11, 4, 12],
				"rotation": [0, 140, 0],
				"cubes": [
					{"origin": [-6.14963, 3.50519, 23.75552], "size": [2, 1, 0], "uv": [40, 25]}
				]
			},
			{
				"name": "bone67",
				"parent": "eye",
				"pivot": [-11, 4, 12],
				"rotation": [0, 155, 0],
				"cubes": [
					{"origin": [-7.42586, 3.50519, 25.12793], "size": [4, 1, 0], "uv": [28, 57]}
				]
			},
			{
				"name": "bone68",
				"parent": "eye",
				"pivot": [-11, 4, 12],
				"rotation": [0, 155, 0],
				"cubes": [
					{"origin": [-3.42586, 4.50519, 25.12793], "size": [4, 1, 0], "uv": [32, 25]}
				]
			},
			{
				"name": "bone69",
				"parent": "eye",
				"pivot": [-11, 4, 12],
				"cubes": [
					{"origin": [-23.19235, 17.50519, 9.16322], "size": [1, 1, 0], "uv": [0, 16]},
					{"origin": [-23.19209, 9.50519, 9.16225], "size": [5, 1, 0], "uv": [32, 21]}
				]
			},
			{
				"name": "bone70",
				"parent": "eye",
				"pivot": [-11, 4, 12],
				"rotation": [0, -15, 0],
				"cubes": [
					{"origin": [-24.51112, 16.50519, 12.41449], "size": [1, 1, 0], "uv": [5, 6]},
					{"origin": [-24.51112, 10.50519, 12.41449], "size": [1, 1, 0], "uv": [0, 6]}
				]
			},
			{
				"name": "bone71",
				"parent": "eye",
				"pivot": [-11, 4, 12],
				"rotation": [0, -30, 0],
				"cubes": [
					{"origin": [-24.94346, 15.50519, 15.89731], "size": [1, 1, 0], "uv": [5, 5]},
					{"origin": [-24.94346, 11.50519, 15.89731], "size": [1, 1, 0], "uv": [5, 4]}
				]
			},
			{
				"name": "bone72",
				"parent": "eye",
				"pivot": [-11, 4, 12],
				"rotation": [0, -45, 0],
				"cubes": [
					{"origin": [-24.45965, 12.50519, 19.37334], "size": [1, 3, 0], "uv": [0, 0]}
				]
			},
			{
				"name": "bone73",
				"parent": "eye",
				"pivot": [-11, 4, 12],
				"rotation": [0, 20, 0],
				"cubes": [
					{"origin": [-16.78813, 9.50519, 6.87449], "size": [3, 1, 0], "uv": [44, 31]}
				]
			},
			{
				"name": "bone74",
				"parent": "eye",
				"pivot": [-11, 4, 12],
				"rotation": [0, 30, 0],
				"cubes": [
					{"origin": [-12.85591, 10.50519, 6.46819], "size": [5, 2, 0], "uv": [40, 22]}
				]
			},
			{
				"name": "bone76",
				"parent": "eye",
				"pivot": [-11, 4, 12],
				"rotation": [0, 60, 0],
				"cubes": [
					{"origin": [-5.51174, 9.50519, 8.78122], "size": [1, 1, 0], "uv": [5, 2]}
				]
			},
			{
				"name": "bone77",
				"parent": "eye",
				"pivot": [-11, 4, 12],
				"rotation": [0, 90, 0],
				"cubes": [
					{"origin": [-3.77211, 7.50519, 12.45645], "size": [1, 2, 0], "uv": [5, 0]}
				]
			},
			{
				"name": "bone78",
				"parent": "eye",
				"pivot": [-11, 4, 12],
				"rotation": [0, 120, 0],
				"cubes": [
					{"origin": [-4.10316, 5.50519, 16.50911], "size": [1, 2, 0], "uv": [0, 4]}
				]
			},
			{
				"name": "bone79",
				"parent": "eye",
				"pivot": [-11, 4, 12],
				"rotation": [0, 150, 0],
				"cubes": [
					{"origin": [-6.4162, 4.50519, 19.85329], "size": [8, 1, 0], "uv": [24, 23]}
				]
			},
			{
				"name": "pj",
				"parent": "body",
				"pivot": [0, 8.5, 3],
				"rotation": [25, 0, 0],
				"cubes": [
					{"origin": [-3, 14, 7], "size": [6, 3, 0], "uv": [75, 0]}
				]
			},
			{
				"name": "bone75",
				"parent": "body",
				"pivot": [0, 17, -4],
				"rotation": [0, 0, 40],
				"cubes": [
					{"origin": [-3, 16, -3.75], "size": [3, 1, 1], "uv": [82, 22]}
				]
			},
			{
				"name": "bone80",
				"parent": "body",
				"pivot": [0, 17, -4],
				"rotation": [0, 0, -40],
				"cubes": [
					{"origin": [0, 16, -3.75], "size": [3, 1, 1], "uv": [0, 80]}
				]
			},
			{
				"name": "kz",
				"parent": "body",
				"pivot": [0, 10.5, 0]
			},
			{
				"name": "bone81",
				"parent": "kz",
				"pivot": [-2, 10.5, 0],
				"rotation": [0, 0, 37.5],
				"cubes": [
					{"origin": [-4.5, 15.5, -4], "size": [1, 1.5, 1], "uv": [66, 19], "inflate": -0.4}
				]
			},
			{
				"name": "bone82",
				"parent": "bone81",
				"pivot": [-4, 16.5, 0],
				"rotation": [0, 0, -75],
				"cubes": [
					{"origin": [-4.5, 15.5, -4], "size": [1, 1.5, 1], "uv": [66, 14], "inflate": -0.4}
				]
			},
			{
				"name": "bone83",
				"parent": "kz",
				"pivot": [-2, 21.5, 0],
				"rotation": [0, 0, -37.5],
				"cubes": [
					{"origin": [-4.5, 15, -4], "size": [1, 1.5, 1], "uv": [66, 12], "inflate": -0.4}
				]
			},
			{
				"name": "bone84",
				"parent": "bone83",
				"pivot": [-4, 15.5, 0],
				"rotation": [0, 0, 75],
				"cubes": [
					{"origin": [-4.5, 15, -4], "size": [1, 1.5, 1], "uv": [0, 65], "inflate": -0.4}
				]
			},
			{
				"name": "kz2",
				"parent": "body",
				"pivot": [0, 8.5, 0]
			},
			{
				"name": "bone85",
				"parent": "kz2",
				"pivot": [-2, 8.5, 0],
				"rotation": [0, 0, 37.5],
				"cubes": [
					{"origin": [-4.5, 13.5, -4], "size": [1, 1.5, 1], "uv": [62, 63], "inflate": -0.4}
				]
			},
			{
				"name": "bone86",
				"parent": "bone85",
				"pivot": [-4, 14.5, 0],
				"rotation": [0, 0, -75],
				"cubes": [
					{"origin": [-4.5, 13.5, -4], "size": [1, 1.5, 1], "uv": [55, 63], "inflate": -0.4}
				]
			},
			{
				"name": "bone87",
				"parent": "kz2",
				"pivot": [-2, 19.5, 0],
				"rotation": [0, 0, -37.5],
				"cubes": [
					{"origin": [-4.5, 13, -4], "size": [1, 1.5, 1], "uv": [62, 61], "inflate": -0.4}
				]
			},
			{
				"name": "bone88",
				"parent": "bone87",
				"pivot": [-4, 13.5, 0],
				"rotation": [0, 0, 75],
				"cubes": [
					{"origin": [-4.5, 13, -4], "size": [1, 1.5, 1], "uv": [48, 62], "inflate": -0.4}
				]
			},
			{
				"name": "kz3",
				"parent": "body",
				"pivot": [0, 6.5, 0]
			},
			{
				"name": "bone89",
				"parent": "kz3",
				"pivot": [-2, 6.5, 0],
				"rotation": [0, 0, 37.5],
				"cubes": [
					{"origin": [-4.5, 11.5, -4], "size": [1, 1.5, 1], "uv": [55, 61], "inflate": -0.4}
				]
			},
			{
				"name": "bone90",
				"parent": "bone89",
				"pivot": [-4, 12.5, 0],
				"rotation": [0, 0, -75],
				"cubes": [
					{"origin": [-4.5, 11.5, -4], "size": [1, 1.5, 1], "uv": [60, 42], "inflate": -0.4}
				]
			},
			{
				"name": "bone91",
				"parent": "kz3",
				"pivot": [-2, 17.5, 0],
				"rotation": [0, 0, -37.5],
				"cubes": [
					{"origin": [-4.5, 11, -4], "size": [1, 1.5, 1], "uv": [20, 60], "inflate": -0.4}
				]
			},
			{
				"name": "bone92",
				"parent": "bone91",
				"pivot": [-4, 11.5, 0],
				"rotation": [0, 0, 75],
				"cubes": [
					{"origin": [-4.5, 11, -4], "size": [1, 1.5, 1], "uv": [59, 52], "inflate": -0.4}
				]
			},
			{
				"name": "chestPlate",
				"parent": "body",
				"pivot": [0, 10.5, 0]
			},
			{
				"name": "sinFloat",
				"parent": "chestPlate",
				"pivot": [13, 10.5, 0]
			},
			{
				"name": "fz",
				"parent": "sinFloat",
				"pivot": [13, 10.5, 0],
				"rotation": [0, 0, 15],
				"cubes": [
					{"origin": [13, 0.5, -1], "size": [1, 31, 1], "uv": [24, 41], "inflate": -0.3},
					{"origin": [13, 23.5, -1], "size": [1, 2, 1], "uv": [8, 58], "inflate": -0.1},
					{"origin": [12, 25.5, -1], "size": [3, 1, 1], "uv": [60, 46], "inflate": -0.14},
					{"origin": [12, 27, -1], "size": [3, 2, 1], "uv": [56, 49], "inflate": -0.2}
				]
			},
			{
				"name": "bone93",
				"parent": "fz",
				"pivot": [14, 23.5, 0],
				"rotation": [0, 0, 27.5],
				"cubes": [
					{"origin": [13, 23.5, -1], "size": [1, 8, 1], "uv": [64, 78], "inflate": -0.14}
				]
			},
			{
				"name": "bone94",
				"parent": "fz",
				"pivot": [13, 23.5, 0],
				"rotation": [0, 0, -27.5],
				"cubes": [
					{"origin": [13, 23.5, -1], "size": [1, 8, 1], "uv": [60, 77], "inflate": -0.14}
				]
			},
			{
				"name": "bone95",
				"parent": "fz",
				"pivot": [13, 29.5, -1],
				"rotation": [0, 0, 32.5],
				"cubes": [
					{"origin": [11.5, 27.5, -1], "size": [3, 1, 1], "uv": [45, 60], "inflate": -0.3}
				]
			},
			{
				"name": "bone96",
				"parent": "fz",
				"pivot": [14, 29.5, -1],
				"rotation": [0, 0, -32.5],
				"cubes": [
					{"origin": [12.5, 27.5, -1], "size": [3, 1, 1], "uv": [18, 36], "inflate": -0.3}
				]
			},
			{
				"name": "bt",
				"parent": "fz",
				"pivot": [13, 10.5, 0]
			},
			{
				"name": "bone97",
				"parent": "bt",
				"pivot": [13, 10.5, 0],
				"cubes": [
					{"origin": [12.5, 11.5, 0], "size": [2, 13, 0], "uv": [12, 69]}
				]
			},
			{
				"name": "bone98",
				"parent": "bt",
				"pivot": [14, 24.5, 0],
				"rotation": [0, 0, 17.5],
				"cubes": [
					{"origin": [12.5, 11.5, 0], "size": [4, 13, 0], "uv": [50, 35]}
				]
			},
			{
				"name": "bone99",
				"parent": "bt",
				"pivot": [14, 24.5, 0],
				"rotation": [0, 0, -20],
				"cubes": [
					{"origin": [9.5, 11.5, 0], "size": [5, 13, 0], "uv": [28, 41]}
				]
			},
			{
				"name": "bone101",
				"parent": "bt",
				"pivot": [14, 24.5, 0],
				"rotation": [0, 0, -37.5],
				"cubes": [
					{"origin": [10.5, 11.5, 0], "size": [5, 13, 0], "uv": [32, 8]}
				]
			},
			{
				"name": "bone100",
				"parent": "bt",
				"pivot": [14, 24.5, 0],
				"rotation": [0, 0, 35],
				"cubes": [
					{"origin": [12.5, 11.5, 0], "size": [4, 13, 0], "uv": [50, 22]}
				]
			},
			{
				"name": "attackShow",
				"parent": "sinFloat",
				"pivot": [13, 10.5, 0]
			},
			{
				"name": "bone102",
				"parent": "attackShow",
				"pivot": [13, 10.5, 0],
				"rotation": [0, 0, 12.5],
				"cubes": [
					{"origin": [-10, 8.5, -9], "size": [2, 2, 1], "uv": [44, 28]}
				]
			},
			{
				"name": "bone103",
				"parent": "attackShow",
				"pivot": [21, 21.5, 0],
				"rotation": [0, 0, -17.5],
				"cubes": [
					{"origin": [-5, 14.5, -12], "size": [2, 2, 1], "uv": [44, 25]}
				]
			},
			{
				"name": "bone105",
				"parent": "attackShow",
				"pivot": [27, 21.5, 0],
				"rotation": [0, 0, -20],
				"cubes": [
					{"origin": [2, 18.5, -12], "size": [2, 2, 1], "uv": [0, 32]}
				]
			},
			{
				"name": "bone104",
				"parent": "attackShow",
				"pivot": [16, 13.5, 0],
				"cubes": [
					{"origin": [-7, 10.5, -13], "size": [2, 2, 1], "uv": [0, 35]}
				]
			},
			{
				"name": "bone106",
				"parent": "attackShow",
				"pivot": [13, 10.5, 0],
				"cubes": [
					{"origin": [-7, 3.5, -10], "size": [1, 1, 1], "uv": [59, 9]}
				]
			},
			{
				"name": "legLeft",
				"pivot": [2, 9, 0],
				"cubes": [
					{"origin": [0.499, 0.1, -1.5], "size": [2.75, 8.9, 3], "uv": [38, 59]},
					{"origin": [0.499, 0.1, -1.5], "size": [2.75, 4, 3], "uv": [68, 0], "inflate": 0.1}
				]
			},
			{
				"name": "hearty2",
				"parent": "legLeft",
				"pivot": [2, 9, 0],
				"rotation": [0, 0, 45],
				"cubes": [
					{"origin": [6, 3, -2], "size": [1, 1, 1], "uv": [20, 58]},
					{"origin": [7, 3, -2], "size": [1, 2, 1], "uv": [40, 0]}
				]
			},
			{
				"name": "legRight",
				"pivot": [-2, 9, 0],
				"cubes": [
					{"origin": [-3.249, 0.2, -1.5], "size": [2.75, 8.8, 3], "uv": [28, 59]},
					{"origin": [-3.249, 0.2, -1.5], "size": [2.75, 4, 3], "uv": [66, 46], "inflate": 0.1}
				]
			},
			{
				"name": "hearty",
				"parent": "legRight",
				"pivot": [-2, 9, 0],
				"rotation": [0, 0, 45],
				"cubes": [
					{"origin": [2, 3, -2], "size": [1, 1, 1], "uv": [59, 7]},
					{"origin": [3, 3, -2], "size": [1, 2, 1], "uv": [54, 14]}
				]
			}
		]
	}
}