{
	"format_version": "1.10.0",
	"geometry.model": {
		"texturewidth": 128,
		"textureheight": 128,
		"visible_bounds_width": 6,
		"visible_bounds_height": 4,
		"visible_bounds_offset": [0, 1, 0],
		"bones": [
			{
				"name": "head",
				"pivot": [0, 18, 0],
				"cubes": [
					{"origin": [-4, 18, -4], "size": [8, 8, 8], "uv": [57, 52]},
					{"origin": [-4, 18, -4], "size": [8, 8, 8], "uv": [0, 55], "inflate": 0.1}
				]
			},
			{
				"name": "blink",
				"parent": "head",
				"pivot": [0, 18, 0],
				"cubes": [
					{"origin": [-4, 18, -4.001], "size": [8, 8, 0], "uv": [43, 0]}
				]
			},
			{
				"name": "hat",
				"parent": "head",
				"pivot": [0, 18, 0],
				"cubes": [
					{"origin": [-4.5, 24.001, -4.5], "size": [9, 3, 9], "uv": [56, 28]},
					{"origin": [-5.5, 23.999, -5.5], "size": [11, 0, 11], "uv": [0, 44]}
				]
			},
			{
				"name": "bone22",
				"parent": "hat",
				"pivot": [-3.6, 25, 0],
				"cubes": [
					{"origin": [-6.4, 24, -1.5], "size": [2, 3, 3], "uv": [18, 71], "inflate": -0.1}
				]
			},
			{
				"name": "bone21",
				"parent": "hat",
				"pivot": [3.6, 25, 0],
				"cubes": [
					{"origin": [4.4, 24, -1.5], "size": [2, 3, 3], "uv": [70, 68], "inflate": -0.1}
				]
			},
			{
				"name": "ribbonleft",
				"parent": "hat",
				"pivot": [3.9, 25.5, 0],
				"rotation": [0, 0, 22.5]
			},
			{
				"name": "ribbondeco1left",
				"parent": "ribbonleft",
				"pivot": [3.9, 25.5, 0],
				"rotation": [15, 0, 0],
				"cubes": [
					{"origin": [3.9, 25.5, -0.5], "size": [0, 4, 1], "uv": [0, 70]}
				]
			},
			{
				"name": "ribbondeco2left",
				"parent": "ribbonleft",
				"pivot": [3.9, 25.5, 0],
				"rotation": [-15, 0, 0],
				"cubes": [
					{"origin": [3.9, 25.5, -0.5], "size": [0, 4, 1], "uv": [67, 4]}
				]
			},
			{
				"name": "bone26",
				"parent": "hat",
				"pivot": [-4.5, 25, 0],
				"rotation": [0, 0, -60]
			},
			{
				"name": "moon",
				"parent": "hat",
				"pivot": [2, 25, -6],
				"rotation": [0, 0, -22.5],
				"cubes": [
					{"origin": [0.70711, 23.001, -5.58579], "size": [5, 5, 2], "uv": [114, 120], "inflate": -0.9}
				]
			},
			{
				"name": "ribbonright",
				"parent": "hat",
				"pivot": [-3.9, 25.5, 0],
				"rotation": [0, 0, -22.5]
			},
			{
				"name": "ribbondeco1right",
				"parent": "ribbonright",
				"pivot": [-3.9, 25.5, 0],
				"rotation": [-15, 0, 0],
				"cubes": [
					{"origin": [-3.9, 25.5, -0.5], "size": [0, 4, 1], "uv": [53, 7]}
				]
			},
			{
				"name": "ribbondeco2right",
				"parent": "ribbonright",
				"pivot": [-3.9, 25.5, 0],
				"rotation": [15, 0, 0],
				"cubes": [
					{"origin": [-3.9, 25.5, -0.5], "size": [0, 4, 1], "uv": [51, 7]}
				]
			},
			{
				"name": "hairRight",
				"parent": "head",
				"pivot": [23, 22, -14],
				"cubes": [
					{"origin": [3, 23.5, -3], "size": [2, 2, 2], "uv": [92, 16]}
				]
			},
			{
				"name": "lower",
				"parent": "hairRight",
				"pivot": [25, 6, -17],
				"cubes": [
					{"origin": [3, 15.02062, -5.33548], "size": [2, 2, 2], "uv": [86, 18]},
					{"origin": [3, 12.52062, -5.33548], "size": [2, 2, 2], "uv": [84, 78]},
					{"origin": [3.50005, 12.02062, -4.8355], "size": [1, 6, 1], "uv": [0, 95]}
				]
			},
			{
				"name": "decoration2",
				"parent": "lower",
				"pivot": [22, -7, -13]
			},
			{
				"name": "bone9",
				"parent": "decoration2",
				"pivot": [22, -7, -14],
				"rotation": [0, 0, -15],
				"cubes": [
					{"origin": [9.83038, 20.86087, -6.3355], "size": [1, 1, 1], "uv": [69, 7]},
					{"origin": [10.83038, 19.86087, -5.8355], "size": [1, 1, 0], "uv": [11, 33]}
				]
			},
			{
				"name": "bone10",
				"parent": "decoration2",
				"pivot": [22, -7, -14],
				"rotation": [0, 0, 15],
				"cubes": [
					{"origin": [-1.60361, 11.54341, -6.3355], "size": [1, 1, 1], "uv": [30, 59]},
					{"origin": [-2.60361, 10.54341, -5.8355], "size": [1, 1, 0], "uv": [5, 33]}
				]
			},
			{
				"name": "decoration3",
				"parent": "lower",
				"pivot": [22, -11, -13]
			},
			{
				"name": "bone8",
				"parent": "decoration3",
				"pivot": [22, -11, -14],
				"rotation": [0, 0, -15],
				"cubes": [
					{"origin": [10.21856, 18.30977, -6.33548], "size": [1, 1, 1], "uv": [55, 28]},
					{"origin": [11.21856, 17.30977, -5.83548], "size": [1, 1, 0], "uv": [11, 24]}
				]
			},
			{
				"name": "bone11",
				"parent": "decoration3",
				"pivot": [22, -11, -14],
				"rotation": [0, 0, 15],
				"cubes": [
					{"origin": [-1.99189, 8.99228, -6.33548], "size": [1, 1, 1], "uv": [37, 49]},
					{"origin": [-2.99189, 7.99228, -5.83548], "size": [1, 1, 0], "uv": [9, 24]}
				]
			},
			{
				"name": "bone5",
				"parent": "lower",
				"pivot": [25, 6, -17],
				"rotation": [-15, 0, 0],
				"cubes": [
					{"origin": [3, 25.04481, -8.07452], "size": [2, 2, 2], "uv": [52, 83]},
					{"origin": [3, 20.66467, -8.78283], "size": [2, 2, 2], "uv": [42, 74]}
				]
			},
			{
				"name": "bone6",
				"parent": "lower",
				"pivot": [5, 20, -4],
				"rotation": [-30, 0, 0],
				"cubes": [
					{"origin": [3, 19.59924, -4.63429], "size": [2, 3, 2], "uv": [33, 44]}
				]
			},
			{
				"name": "hairLeft",
				"parent": "head",
				"pivot": [7, 18, -14],
				"cubes": [
					{"origin": [-5, 23.5, -3], "size": [2, 2, 2], "uv": [24, 59]}
				]
			},
			{
				"name": "lower2",
				"parent": "hairLeft",
				"pivot": [9, 2, -17],
				"cubes": [
					{"origin": [-5, 15.01962, -5.33548], "size": [2, 2, 2], "uv": [59, 5]},
					{"origin": [-5, 12.51962, -5.33548], "size": [2, 2, 2], "uv": [0, 59]},
					{"origin": [-4.49995, 12.01962, -4.8355], "size": [1, 6, 1], "uv": [94, 9]}
				]
			},
			{
				"name": "decoration4",
				"parent": "lower2",
				"pivot": [6, -11, -13]
			},
			{
				"name": "bone13",
				"parent": "decoration4",
				"pivot": [6, -11, -14],
				"rotation": [0, 0, -15],
				"cubes": [
					{"origin": [2.5928, 18.65305, -6.3355], "size": [1, 1, 1], "uv": [33, 49]},
					{"origin": [3.5928, 17.65305, -5.8355], "size": [1, 1, 0], "uv": [11, 11]}
				]
			},
			{
				"name": "bone14",
				"parent": "decoration4",
				"pivot": [6, -11, -14],
				"rotation": [0, 0, 15],
				"cubes": [
					{"origin": [-10.91122, 13.4767, -6.3355], "size": [1, 1, 1], "uv": [7, 44]},
					{"origin": [-11.91122, 12.4767, -5.8355], "size": [1, 1, 0], "uv": [5, 11]}
				]
			},
			{
				"name": "decoration5",
				"parent": "lower2",
				"pivot": [6, -15, -13]
			},
			{
				"name": "bone15",
				"parent": "decoration5",
				"pivot": [6, -15, -14],
				"rotation": [0, 0, -15],
				"cubes": [
					{"origin": [2.98098, 16.10196, -6.33548], "size": [1, 1, 1], "uv": [9, 22]},
					{"origin": [3.98098, 15.10196, -5.83548], "size": [1, 1, 0], "uv": [11, 2]}
				]
			},
			{
				"name": "bone16",
				"parent": "decoration5",
				"pivot": [6, -15, -14],
				"rotation": [0, 0, 15],
				"cubes": [
					{"origin": [-11.2995, 10.92557, -6.33548], "size": [1, 1, 1], "uv": [9, 0]},
					{"origin": [-12.2995, 9.92557, -5.83548], "size": [1, 1, 0], "uv": [9, 2]}
				]
			},
			{
				"name": "bone17",
				"parent": "lower2",
				"pivot": [9, 2, -17],
				"rotation": [-15, 0, 0],
				"cubes": [
					{"origin": [-5, 24.90851, -9.1098], "size": [2, 2, 2], "uv": [24, 55]},
					{"origin": [-5, 20.52837, -9.81811], "size": [2, 2, 2], "uv": [0, 55]}
				]
			},
			{
				"name": "bone18",
				"parent": "lower2",
				"pivot": [9, 2, -17],
				"rotation": [-30, 0, 0],
				"cubes": [
					{"origin": [-5, 23.68769, -15.37596], "size": [2, 3, 2], "uv": [43, 8]}
				]
			},
			{
				"name": "bone102",
				"parent": "head",
				"pivot": [0, 16, 1],
				"rotation": [42.5, 0, 0],
				"cubes": [
					{"origin": [-4, 9, -3], "size": [8, 8, 8], "uv": [33, 44], "inflate": 0.1}
				]
			},
			{
				"name": "armRight",
				"pivot": [-3, 17.5, 0],
				"rotation": [0, 0, 25],
				"cubes": [
					{"origin": [-5, 8.5, -1], "size": [2, 8, 2], "uv": [84, 68]},
					{"origin": [-5.5, 9.5, -1.5], "size": [3, 8, 3], "uv": [0, 22], "inflate": -0.2}
				]
			},
			{
				"name": "armLeft",
				"pivot": [3, 17.5, 0],
				"rotation": [0, 0, -25],
				"cubes": [
					{"origin": [2.5, 9.5, -1.5], "size": [3, 8, 3], "uv": [0, 0], "inflate": -0.2},
					{"origin": [3, 8.5, -1], "size": [2, 8, 2], "uv": [61, 83]}
				]
			},
			{
				"name": "body",
				"pivot": [0, 10.5, 0],
				"cubes": [
					{"origin": [-3, 8.999, -3], "size": [6, 9, 6], "uv": [24, 74]},
					{"origin": [-3, 8.999, -3], "size": [6, 9, 6], "uv": [0, 71], "inflate": 0.1},
					{"origin": [-3, 8.999, -3], "size": [6, 9, 6], "uv": [52, 68], "inflate": 0.15}
				]
			},
			{
				"name": "sittingRotationSkirt",
				"parent": "body",
				"pivot": [0, 10.5, 0]
			},
			{
				"name": "bone",
				"parent": "sittingRotationSkirt",
				"pivot": [0, 15.5, 0]
			},
			{
				"name": "bone2",
				"parent": "bone",
				"pivot": [0, 5, 0]
			},
			{
				"name": "bone3",
				"parent": "bone2",
				"pivot": [0, 5, 6.19607],
				"rotation": [33, 0, 0]
			},
			{
				"name": "bone4",
				"parent": "bone3",
				"pivot": [0, 5, 6.19607],
				"rotation": [0, -45, 0],
				"cubes": [
					{"origin": [-1, 5, 5.19607], "size": [2, 7, 2], "uv": [80, 93]}
				]
			},
			{
				"name": "bone7",
				"parent": "bone",
				"pivot": [0, 5, 0],
				"rotation": [0, -25.71429, 0]
			},
			{
				"name": "bone12",
				"parent": "bone7",
				"pivot": [0, 5, 6.19607],
				"rotation": [33, 0, 0]
			},
			{
				"name": "bone19",
				"parent": "bone12",
				"pivot": [0, 5, 6.19607],
				"rotation": [0, -45, 0],
				"cubes": [
					{"origin": [-1, 5, 5.19607], "size": [2, 7, 2], "uv": [93, 76]}
				]
			},
			{
				"name": "bone20",
				"parent": "bone",
				"pivot": [0, 5, 0],
				"rotation": [0, -51.42857, 0]
			},
			{
				"name": "bone23",
				"parent": "bone20",
				"pivot": [0, 5, 6.19607],
				"rotation": [33, 0, 0]
			},
			{
				"name": "bone24",
				"parent": "bone23",
				"pivot": [0, 5, 6.19607],
				"rotation": [0, -45, 0],
				"cubes": [
					{"origin": [-1, 5, 5.19607], "size": [2, 7, 2], "uv": [72, 93]}
				]
			},
			{
				"name": "bone25",
				"parent": "bone",
				"pivot": [0, 5, 0],
				"rotation": [0, -77.14286, 0]
			},
			{
				"name": "bone27",
				"parent": "bone25",
				"pivot": [0, 5, 6.19607],
				"rotation": [33, 0, 0]
			},
			{
				"name": "bone28",
				"parent": "bone27",
				"pivot": [0, 5, 6.19607],
				"rotation": [0, -45, 0],
				"cubes": [
					{"origin": [-1, 5, 5.19607], "size": [2, 7, 2], "uv": [64, 93]}
				]
			},
			{
				"name": "bone29",
				"parent": "bone",
				"pivot": [0, 5, 0],
				"rotation": [0, -102.85714, 0]
			},
			{
				"name": "bone30",
				"parent": "bone29",
				"pivot": [0, 5, 6.19607],
				"rotation": [33, 0, 0]
			},
			{
				"name": "bone31",
				"parent": "bone30",
				"pivot": [0, 5, 6.19607],
				"rotation": [0, -45, 0],
				"cubes": [
					{"origin": [-1, 5, 5.19607], "size": [2, 7, 2], "uv": [56, 93]}
				]
			},
			{
				"name": "bone32",
				"parent": "bone",
				"pivot": [0, 5, 0],
				"rotation": [0, -128.57143, 0]
			},
			{
				"name": "bone33",
				"parent": "bone32",
				"pivot": [0, 5, 6.19607],
				"rotation": [33, 0, 0]
			},
			{
				"name": "bone34",
				"parent": "bone33",
				"pivot": [0, 5, 6.19607],
				"rotation": [0, -45, 0],
				"cubes": [
					{"origin": [-1, 5, 5.19607], "size": [2, 7, 2], "uv": [92, 67]}
				]
			},
			{
				"name": "bone35",
				"parent": "bone",
				"pivot": [0, 5, 0],
				"rotation": [0, -154.28571, 0]
			},
			{
				"name": "bone36",
				"parent": "bone35",
				"pivot": [0, 5, 6.19607],
				"rotation": [33, 0, 0]
			},
			{
				"name": "bone37",
				"parent": "bone36",
				"pivot": [0, 5, 6.19607],
				"rotation": [0, -45, 0],
				"cubes": [
					{"origin": [-1, 5, 5.19607], "size": [2, 7, 2], "uv": [92, 47]}
				]
			},
			{
				"name": "bone38",
				"parent": "bone",
				"pivot": [0, 5, 0],
				"rotation": [0, -180, 0]
			},
			{
				"name": "bone39",
				"parent": "bone38",
				"pivot": [0, 5, 6.19607],
				"rotation": [33, 0, 0]
			},
			{
				"name": "bone40",
				"parent": "bone39",
				"pivot": [0, 5, 6.19607],
				"rotation": [0, -45, 0],
				"cubes": [
					{"origin": [-1, 5, 5.19607], "size": [2, 7, 2], "uv": [92, 33]}
				]
			},
			{
				"name": "bone41",
				"parent": "bone",
				"pivot": [0, 5, 0],
				"rotation": [0, -205.71429, 0]
			},
			{
				"name": "bone42",
				"parent": "bone41",
				"pivot": [0, 5, 6.19607],
				"rotation": [33, 0, 0]
			},
			{
				"name": "bone43",
				"parent": "bone42",
				"pivot": [0, 5, 6.19607],
				"rotation": [0, -45, 0],
				"cubes": [
					{"origin": [-1, 5, 5.19607], "size": [2, 7, 2], "uv": [92, 0]}
				]
			},
			{
				"name": "bone44",
				"parent": "bone",
				"pivot": [0, 5, 0],
				"rotation": [0, -231.42857, 0]
			},
			{
				"name": "bone45",
				"parent": "bone44",
				"pivot": [0, 5, 6.19607],
				"rotation": [33, 0, 0]
			},
			{
				"name": "bone46",
				"parent": "bone45",
				"pivot": [0, 5, 6.19607],
				"rotation": [0, -45, 0],
				"cubes": [
					{"origin": [-1, 5, 5.19607], "size": [2, 7, 2], "uv": [91, 91]}
				]
			},
			{
				"name": "bone47",
				"parent": "bone",
				"pivot": [0, 5, 0],
				"rotation": [0, -257.14286, 0]
			},
			{
				"name": "bone48",
				"parent": "bone47",
				"pivot": [0, 5, 6.19607],
				"rotation": [33, 0, 0]
			},
			{
				"name": "bone49",
				"parent": "bone48",
				"pivot": [0, 5, 6.19607],
				"rotation": [0, -45, 0],
				"cubes": [
					{"origin": [-1, 5, 5.19607], "size": [2, 7, 2], "uv": [48, 91]}
				]
			},
			{
				"name": "bone50",
				"parent": "bone",
				"pivot": [0, 5, 0],
				"rotation": [0, -282.85714, 0]
			},
			{
				"name": "bone51",
				"parent": "bone50",
				"pivot": [0, 5, 6.19607],
				"rotation": [33, 0, 0]
			},
			{
				"name": "bone52",
				"parent": "bone51",
				"pivot": [0, 5, 6.19607],
				"rotation": [0, -45, 0],
				"cubes": [
					{"origin": [-1, 5, 5.19607], "size": [2, 7, 2], "uv": [40, 91]}
				]
			},
			{
				"name": "bone53",
				"parent": "bone",
				"pivot": [0, 5, 0],
				"rotation": [0, -308.57143, 0]
			},
			{
				"name": "bone54",
				"parent": "bone53",
				"pivot": [0, 5, 6.19607],
				"rotation": [33, 0, 0]
			},
			{
				"name": "bone55",
				"parent": "bone54",
				"pivot": [0, 5, 6.19607],
				"rotation": [0, -45, 0],
				"cubes": [
					{"origin": [-1, 5, 5.19607], "size": [2, 7, 2], "uv": [90, 58]}
				]
			},
			{
				"name": "bone56",
				"parent": "bone",
				"pivot": [0, 5, 0],
				"rotation": [0, -334.28571, 0]
			},
			{
				"name": "bone57",
				"parent": "bone56",
				"pivot": [0, 5, 6.19607],
				"rotation": [33, 0, 0]
			},
			{
				"name": "bone58",
				"parent": "bone57",
				"pivot": [0, 5, 6.19607],
				"rotation": [0, -45, 0],
				"cubes": [
					{"origin": [-1, 5, 5.19607], "size": [2, 7, 2], "uv": [32, 89]}
				]
			},
			{
				"name": "bone59",
				"parent": "sittingRotationSkirt",
				"pivot": [0, 16.5, 0]
			},
			{
				"name": "bone60",
				"parent": "bone59",
				"pivot": [0, 6, 0]
			},
			{
				"name": "bone61",
				"parent": "bone60",
				"pivot": [0, 6, 6.19607],
				"rotation": [33, 0, 0]
			},
			{
				"name": "bone62",
				"parent": "bone61",
				"pivot": [0, 6, 6.19607],
				"rotation": [0, -45, 0],
				"cubes": [
					{"origin": [-1, 6, 5.19607], "size": [2, 7, 2], "uv": [24, 89]}
				]
			},
			{
				"name": "bone63",
				"parent": "bone59",
				"pivot": [0, 6, 0],
				"rotation": [0, -25.71429, 0]
			},
			{
				"name": "bone64",
				"parent": "bone63",
				"pivot": [0, 6, 6.19607],
				"rotation": [33, 0, 0]
			},
			{
				"name": "bone65",
				"parent": "bone64",
				"pivot": [0, 6, 6.19607],
				"rotation": [0, -45, 0],
				"cubes": [
					{"origin": [-1, 6, 5.19607], "size": [2, 7, 2], "uv": [86, 40]}
				]
			},
			{
				"name": "bone66",
				"parent": "bone59",
				"pivot": [0, 6, 0],
				"rotation": [0, -51.42857, 0]
			},
			{
				"name": "bone67",
				"parent": "bone66",
				"pivot": [0, 6, 6.19607],
				"rotation": [33, 0, 0]
			},
			{
				"name": "bone68",
				"parent": "bone67",
				"pivot": [0, 6, 6.19607],
				"rotation": [0, -45, 0],
				"cubes": [
					{"origin": [-1, 6, 5.19607], "size": [2, 7, 2], "uv": [16, 86]}
				]
			},
			{
				"name": "bone69",
				"parent": "bone59",
				"pivot": [0, 6, 0],
				"rotation": [0, -77.14286, 0]
			},
			{
				"name": "bone70",
				"parent": "bone69",
				"pivot": [0, 6, 6.19607],
				"rotation": [33, 0, 0]
			},
			{
				"name": "bone71",
				"parent": "bone70",
				"pivot": [0, 6, 6.19607],
				"rotation": [0, -45, 0],
				"cubes": [
					{"origin": [-1, 6, 5.19607], "size": [2, 7, 2], "uv": [86, 9]}
				]
			},
			{
				"name": "bone72",
				"parent": "bone59",
				"pivot": [0, 6, 0],
				"rotation": [0, -102.85714, 0]
			},
			{
				"name": "bone73",
				"parent": "bone72",
				"pivot": [0, 6, 6.19607],
				"rotation": [33, 0, 0]
			},
			{
				"name": "bone74",
				"parent": "bone73",
				"pivot": [0, 6, 6.19607],
				"rotation": [0, -45, 0],
				"cubes": [
					{"origin": [-1, 6, 5.19607], "size": [2, 7, 2], "uv": [8, 86]}
				]
			},
			{
				"name": "bone75",
				"parent": "bone59",
				"pivot": [0, 6, 0],
				"rotation": [0, -128.57143, 0]
			},
			{
				"name": "bone76",
				"parent": "bone75",
				"pivot": [0, 6, 6.19607],
				"rotation": [33, 0, 0]
			},
			{
				"name": "bone77",
				"parent": "bone76",
				"pivot": [0, 6, 6.19607],
				"rotation": [0, -45, 0],
				"cubes": [
					{"origin": [-1, 6, 5.19607], "size": [2, 7, 2], "uv": [0, 86]}
				]
			},
			{
				"name": "bone78",
				"parent": "bone59",
				"pivot": [0, 6, 0],
				"rotation": [0, -154.28571, 0]
			},
			{
				"name": "bone79",
				"parent": "bone78",
				"pivot": [0, 6, 6.19607],
				"rotation": [33, 0, 0]
			},
			{
				"name": "bone80",
				"parent": "bone79",
				"pivot": [0, 6, 6.19607],
				"rotation": [0, -45, 0],
				"cubes": [
					{"origin": [-1, 6, 5.19607], "size": [2, 7, 2], "uv": [85, 84]}
				]
			},
			{
				"name": "bone81",
				"parent": "bone59",
				"pivot": [0, 6, 0],
				"rotation": [0, -180, 0]
			},
			{
				"name": "bone82",
				"parent": "bone81",
				"pivot": [0, 6, 6.19607],
				"rotation": [33, 0, 0]
			},
			{
				"name": "bone83",
				"parent": "bone82",
				"pivot": [0, 6, 6.19607],
				"rotation": [0, -45, 0],
				"cubes": [
					{"origin": [-1, 6, 5.19607], "size": [2, 7, 2], "uv": [77, 84]}
				]
			},
			{
				"name": "bone84",
				"parent": "bone59",
				"pivot": [0, 6, 0],
				"rotation": [0, -205.71429, 0]
			},
			{
				"name": "bone85",
				"parent": "bone84",
				"pivot": [0, 6, 6.19607],
				"rotation": [33, 0, 0]
			},
			{
				"name": "bone86",
				"parent": "bone85",
				"pivot": [0, 6, 6.19607],
				"rotation": [0, -45, 0],
				"cubes": [
					{"origin": [-1, 6, 5.19607], "size": [2, 7, 2], "uv": [69, 84]}
				]
			},
			{
				"name": "bone87",
				"parent": "bone59",
				"pivot": [0, 6, 0],
				"rotation": [0, -231.42857, 0]
			},
			{
				"name": "bone88",
				"parent": "bone87",
				"pivot": [0, 6, 6.19607],
				"rotation": [33, 0, 0]
			},
			{
				"name": "bone89",
				"parent": "bone88",
				"pivot": [0, 6, 6.19607],
				"rotation": [0, -45, 0],
				"cubes": [
					{"origin": [-1, 6, 5.19607], "size": [2, 7, 2], "uv": [84, 0]}
				]
			},
			{
				"name": "bone90",
				"parent": "bone59",
				"pivot": [0, 6, 0],
				"rotation": [0, -257.14286, 0]
			},
			{
				"name": "bone91",
				"parent": "bone90",
				"pivot": [0, 6, 6.19607],
				"rotation": [33, 0, 0]
			},
			{
				"name": "bone92",
				"parent": "bone91",
				"pivot": [0, 6, 6.19607],
				"rotation": [0, -45, 0],
				"cubes": [
					{"origin": [-1, 6, 5.19607], "size": [2, 7, 2], "uv": [49, 60]}
				]
			},
			{
				"name": "bone93",
				"parent": "bone59",
				"pivot": [0, 6, 0],
				"rotation": [0, -282.85714, 0]
			},
			{
				"name": "bone94",
				"parent": "bone93",
				"pivot": [0, 6, 6.19607],
				"rotation": [33, 0, 0]
			},
			{
				"name": "bone95",
				"parent": "bone94",
				"pivot": [0, 6, 6.19607],
				"rotation": [0, -45, 0],
				"cubes": [
					{"origin": [-1, 6, 5.19607], "size": [2, 7, 2], "uv": [32, 60]}
				]
			},
			{
				"name": "bone96",
				"parent": "bone59",
				"pivot": [0, 6, 0],
				"rotation": [0, -308.57143, 0]
			},
			{
				"name": "bone97",
				"parent": "bone96",
				"pivot": [0, 6, 6.19607],
				"rotation": [33, 0, 0]
			},
			{
				"name": "bone98",
				"parent": "bone97",
				"pivot": [0, 6, 6.19607],
				"rotation": [0, -45, 0],
				"cubes": [
					{"origin": [-1, 6, 5.19607], "size": [2, 7, 2], "uv": [57, 40]}
				]
			},
			{
				"name": "bone99",
				"parent": "bone59",
				"pivot": [0, 6, 0],
				"rotation": [0, -334.28571, 0]
			},
			{
				"name": "bone100",
				"parent": "bone99",
				"pivot": [0, 6, 6.19607],
				"rotation": [33, 0, 0]
			},
			{
				"name": "bone101",
				"parent": "bone100",
				"pivot": [0, 6, 6.19607],
				"rotation": [0, -45, 0],
				"cubes": [
					{"origin": [-1, 6, 5.19607], "size": [2, 7, 2], "uv": [57, 28]}
				]
			},
			{
				"name": "decoration6",
				"parent": "bone59",
				"pivot": [-20, -17, -15],
				"rotation": [-7.5, 70, 15]
			},
			{
				"name": "bone103",
				"parent": "decoration6",
				"pivot": [-20, -17, -16],
				"rotation": [0, 0, -15],
				"cubes": [
					{"origin": [-24.01902, 14.10196, -8.33548], "size": [2, 1, 1], "uv": [6, 33]},
					{"origin": [-22.01902, 11.10196, -7.83548], "size": [1, 3, 0], "uv": [59, 0]}
				]
			},
			{
				"name": "bone104",
				"parent": "decoration6",
				"pivot": [-20, -17, -16],
				"rotation": [0, 0, 15],
				"cubes": [
					{"origin": [-37.2995, 8.92557, -8.33548], "size": [2, 1, 1], "uv": [0, 33]},
					{"origin": [-38.2995, 5.92557, -7.83548], "size": [1, 3, 0], "uv": [0, 44]}
				]
			},
			{
				"name": "decoration7",
				"parent": "bone59",
				"pivot": [20, -17, -15],
				"rotation": [-7.5, -70, -15]
			},
			{
				"name": "bone105",
				"parent": "decoration7",
				"pivot": [20, -17, -16],
				"rotation": [0, 0, 15],
				"cubes": [
					{"origin": [22.01902, 14.10196, -8.33548], "size": [2, 1, 1], "uv": [6, 11]},
					{"origin": [21.01902, 11.10196, -7.83548], "size": [1, 3, 0], "uv": [0, 22]}
				]
			},
			{
				"name": "bone106",
				"parent": "decoration7",
				"pivot": [20, -17, -16],
				"rotation": [0, 0, -15],
				"cubes": [
					{"origin": [35.2995, 8.92557, -8.33548], "size": [2, 1, 1], "uv": [0, 11]},
					{"origin": [37.2995, 5.92557, -7.83548], "size": [1, 3, 0], "uv": [0, 0]}
				]
			},
			{
				"name": "chestPlate",
				"parent": "body",
				"pivot": [0, 10.5, 0]
			},
			{
				"name": "attackShow",
				"parent": "chestPlate",
				"pivot": [0, 10.5, 0]
			},
			{
				"name": "sinFloat",
				"parent": "attackShow",
				"pivot": [0, 10.5, 0]
			},
			{
				"name": "bone107",
				"parent": "sinFloat",
				"pivot": [0, 10.5, 0],
				"cubes": [
					{"origin": [-23, 6.5, -8], "size": [15, 6, 13], "uv": [43, 9]},
					{"origin": [-19, 12.5, -6], "size": [4, 5, 9], "uv": [32, 60]},
					{"origin": [-19, 17.5, -6], "size": [4, 2, 3], "uv": [70, 2]},
					{"origin": [-19, 17.5, 0], "size": [4, 2, 3], "uv": [59, 0]}
				]
			},
			{
				"name": "bone108",
				"parent": "bone107",
				"pivot": [-15, 15.5, 0],
				"rotation": [0, 0, 37.5],
				"cubes": [
					{"origin": [-15, 12.5, -6], "size": [5, 3, 9], "uv": [57, 40]}
				]
			},
			{
				"name": "bone109",
				"parent": "bone107",
				"pivot": [-19, 19.5, 3],
				"rotation": [0, 0, 32.5],
				"cubes": [
					{"origin": [-22, 18.5, -6], "size": [4, 1, 9], "uv": [67, 74]}
				]
			},
			{
				"name": "bone110",
				"parent": "bone107",
				"pivot": [-23, 12.5, -8],
				"rotation": [0, 0, -105],
				"cubes": [
					{"origin": [-23, 12.5, -8], "size": [15, 9, 13], "uv": [0, 22]},
					{"origin": [-23, 12.5, -8], "size": [15, 9, 13], "uv": [0, 0], "inflate": -0.3}
				]
			},
			{
				"name": "bone111",
				"parent": "bone110",
				"pivot": [-23, 12.5, -8],
				"cubes": [
					{"origin": [-8, 16.5, -6], "size": [2, 2, 9], "uv": [39, 80]}
				]
			},
			{
				"name": "legLeft",
				"pivot": [2, 9, 0],
				"cubes": [
					{"origin": [0.499, 0.1, -1.5], "size": [2.75, 8.9, 3], "uv": [82, 49]},
					{"origin": [0.499, 0.1, -1.5], "size": [2.75, 4, 3], "uv": [76, 40], "inflate": 0.1}
				]
			},
			{
				"name": "legRight",
				"pivot": [-2, 9, 0],
				"cubes": [
					{"origin": [-3.249, 0.2, -1.5], "size": [2.75, 8.8, 3], "uv": [0, 44]},
					{"origin": [-3.249, 0.2, -1.5], "size": [2.75, 4, 3], "uv": [83, 28], "inflate": 0.1}
				]
			}
		]
	}
}