{
	"format_version": "1.10.0",
	"geometry.model": {
		"texturewidth": 128,
		"textureheight": 128,
		"visible_bounds_width": 3,
		"visible_bounds_height": 4,
		"visible_bounds_offset": [0, 1, 0],
		"bones": [
			{
				"name": "head",
				"pivot": [0, 18, 0],
				"cubes": [
					{"origin": [-4, 18, -4], "size": [8, 8, 8], "uv": [32, 31]},
					{"origin": [-4, 18, -4], "size": [8, 8, 8], "uv": [0, 31], "inflate": 0.1}
				]
			},
			{
				"name": "blink",
				"parent": "head",
				"pivot": [0, 18, 0],
				"cubes": [
					{"origin": [-4, 18, -4.001], "size": [8, 8, 0], "uv": [24, 31]}
				]
			},
			{
				"name": "earLeft",
				"parent": "head",
				"pivot": [-2, 26, 1],
				"rotation": [30, 30, 0],
				"cubes": [
					{"origin": [-3, 29.90709, 0], "size": [2, 1, 1], "uv": [79, 83]}
				]
			},
			{
				"name": "bone63",
				"parent": "earLeft",
				"pivot": [-2, 26, 0],
				"rotation": [0, 0, -7.125],
				"cubes": [
					{"origin": [-2.5, 26, 0], "size": [1, 4, 1], "uv": [32, 83], "inflate": 0.001}
				]
			},
			{
				"name": "bone64",
				"parent": "earLeft",
				"pivot": [-2, 26, 0],
				"rotation": [0, 0, 7.125],
				"cubes": [
					{"origin": [-2.5, 26, 0], "size": [1, 4, 1], "uv": [28, 83]}
				]
			},
			{
				"name": "bone65",
				"parent": "earLeft",
				"pivot": [0, 26, 0],
				"rotation": [30, 0, 0],
				"cubes": [
					{"origin": [-3, 29.74967, 2.31957], "size": [2, 1, 1], "uv": [83, 69], "inflate": 0.001}
				]
			},
			{
				"name": "bone66",
				"parent": "earLeft",
				"pivot": [0, 26, 0],
				"rotation": [60, 0, 0],
				"cubes": [
					{"origin": [-3, 28.45355, 4.24967], "size": [2, 1, 1], "uv": [69, 83]}
				]
			},
			{
				"name": "bone67",
				"parent": "earLeft",
				"pivot": [0, 26, 0],
				"rotation": [90, 0, 0],
				"cubes": [
					{"origin": [-3, 26.36603, 5.27312], "size": [2, 1, 1], "uv": [83, 67], "inflate": 0.001}
				]
			},
			{
				"name": "upperLeft",
				"parent": "earLeft",
				"pivot": [2, 26, 0],
				"rotation": [120, 0, 0]
			},
			{
				"name": "bone69",
				"parent": "upperLeft",
				"pivot": [2, 27, 0],
				"rotation": [0, 0, 3.3864],
				"cubes": [
					{"origin": [-2.87762, 24.81359, 5.11569], "size": [2, 7, 1], "uv": [12, 73]}
				]
			},
			{
				"name": "bone70",
				"parent": "upperLeft",
				"pivot": [2, 27, 0],
				"rotation": [0, 0, -3.3864],
				"cubes": [
					{"origin": [-3.10841, 25.28614, 5.11569], "size": [2, 7, 1], "uv": [6, 73], "inflate": 0.001}
				]
			},
			{
				"name": "bone71",
				"parent": "upperLeft",
				"pivot": [2, 33.9287, 0],
				"rotation": [0, 0, 45],
				"cubes": [
					{"origin": [-0.44706, 28.71891, 5.11569], "size": [2, 2, 1], "uv": [82, 64], "inflate": 0.002}
				]
			},
			{
				"name": "bone72",
				"parent": "upperLeft",
				"pivot": [2, 26, 0],
				"cubes": [
					{"origin": [-3, 24.04645, 5.11569], "size": [2, 1, 1], "uv": [83, 57]}
				]
			},
			{
				"name": "earRight",
				"parent": "head",
				"pivot": [2, 26, 1],
				"rotation": [40, -20, 0],
				"cubes": [
					{"origin": [1, 29.90709, 0], "size": [2, 1, 1], "uv": [83, 55]}
				]
			},
			{
				"name": "bone68",
				"parent": "earRight",
				"pivot": [2, 26, 0],
				"rotation": [0, 0, 7.125],
				"cubes": [
					{"origin": [1.5, 26, 0], "size": [1, 4, 1], "uv": [24, 83], "inflate": 0.001}
				]
			},
			{
				"name": "bone73",
				"parent": "earRight",
				"pivot": [2, 26, 0],
				"rotation": [0, 0, -7.125],
				"cubes": [
					{"origin": [1.5, 26, 0], "size": [1, 4, 1], "uv": [52, 53]}
				]
			},
			{
				"name": "bone74",
				"parent": "earRight",
				"pivot": [0, 26, 0],
				"rotation": [25, 0, 0],
				"cubes": [
					{"origin": [0.999, 30.02572, 1.97914], "size": [2, 1, 1], "uv": [48, 83], "inflate": 0.001}
				]
			},
			{
				"name": "bone75",
				"parent": "earRight",
				"pivot": [0, 26, 0],
				"rotation": [50, 0, 0],
				"cubes": [
					{"origin": [1, 29.2963, 3.8253], "size": [2, 1, 1], "uv": [42, 83]}
				]
			},
			{
				"name": "bone76",
				"parent": "earRight",
				"pivot": [0, 26, 0],
				"rotation": [75, 0, 0],
				"cubes": [
					{"origin": [0.999, 27.8555, 5.1879], "size": [2, 1, 1], "uv": [83, 26], "inflate": 0.001}
				]
			},
			{
				"name": "upperLeft2",
				"parent": "earRight",
				"pivot": [-2, 26, 0],
				"rotation": [100, 0, 0]
			},
			{
				"name": "bone77",
				"parent": "upperLeft2",
				"pivot": [-2, 27, 0],
				"rotation": [0, 0, -3.3864],
				"cubes": [
					{"origin": [0.99144, 26.7371, 5.81626], "size": [2, 7, 1], "uv": [0, 73]}
				]
			},
			{
				"name": "bone78",
				"parent": "upperLeft2",
				"pivot": [-2, 27, 0],
				"rotation": [0, 0, 3.3864],
				"cubes": [
					{"origin": [0.99459, 27.20965, 5.81626], "size": [2, 7, 1], "uv": [63, 72], "inflate": 0.001}
				]
			},
			{
				"name": "bone79",
				"parent": "upperLeft2",
				"pivot": [-2, 33.9287, 0],
				"rotation": [0, 0, -45],
				"cubes": [
					{"origin": [-0.19043, 30.08141, 5.81626], "size": [2, 2, 1], "uv": [81, 50], "inflate": 0.002}
				]
			},
			{
				"name": "bone80",
				"parent": "upperLeft2",
				"pivot": [-2, 26, 0],
				"cubes": [
					{"origin": [1, 25.97333, 5.81626], "size": [2, 1, 1], "uv": [82, 53]}
				]
			},
			{
				"name": "hair",
				"parent": "head",
				"pivot": [0, 18, 4]
			},
			{
				"name": "front",
				"parent": "hair",
				"pivot": [0, 18, -4],
				"rotation": [-5, 0, 0],
				"cubes": [
					{"origin": [-4, 15, -4], "size": [1, 3, 0], "uv": [9, 0]},
					{"origin": [3, 15, -4], "size": [1, 3, 0], "uv": [0, 0]}
				]
			},
			{
				"name": "right",
				"parent": "hair",
				"pivot": [-4, 18, 4],
				"rotation": [0, 0, 5],
				"cubes": [
					{"origin": [-4, 14, -4], "size": [0, 4, 1], "uv": [56, 83]},
					{"origin": [-4, 10, 3], "size": [0, 8, 1], "uv": [40, 78]}
				]
			},
			{
				"name": "bone48",
				"parent": "right",
				"pivot": [-4, 18, 4],
				"rotation": [0, 0, 10],
				"cubes": [
					{"origin": [-4, 14, -2], "size": [0, 4, 1], "uv": [54, 83]},
					{"origin": [-4, 10, 1], "size": [0, 8, 1], "uv": [38, 78]}
				]
			},
			{
				"name": "bone49",
				"parent": "right",
				"pivot": [-4, 18, 4],
				"rotation": [0, 0, 5],
				"cubes": [
					{"origin": [-4, 14, -3], "size": [0, 4, 1], "uv": [76, 26]},
					{"origin": [-4, 10, 2], "size": [0, 8, 1], "uv": [36, 78]}
				]
			},
			{
				"name": "left",
				"parent": "hair",
				"pivot": [4, 18, 4],
				"rotation": [0, 0, -5],
				"cubes": [
					{"origin": [4, 14, -4], "size": [0, 4, 1], "uv": [69, 71]},
					{"origin": [4, 10, 3], "size": [0, 8, 1], "uv": [77, 77]}
				]
			},
			{
				"name": "bone50",
				"parent": "left",
				"pivot": [4, 18, 4],
				"rotation": [0, 0, -10],
				"cubes": [
					{"origin": [4, 14, -2], "size": [0, 4, 1], "uv": [44, 70]},
					{"origin": [4, 10, 1], "size": [0, 8, 1], "uv": [75, 77]}
				]
			},
			{
				"name": "bone51",
				"parent": "left",
				"pivot": [4, 18, 4],
				"rotation": [0, 0, -5],
				"cubes": [
					{"origin": [4, 14, -3], "size": [0, 4, 1], "uv": [12, 8]},
					{"origin": [4, 10, 2], "size": [0, 8, 1], "uv": [12, 0]}
				]
			},
			{
				"name": "back",
				"parent": "hair",
				"pivot": [0, 18, 4],
				"rotation": [5, 0, 0],
				"cubes": [
					{"origin": [3, 10, 4], "size": [1, 8, 0], "uv": [82, 19]},
					{"origin": [-4, 10, 4], "size": [1, 8, 0], "uv": [22, 81]}
				]
			},
			{
				"name": "bone52",
				"parent": "back",
				"pivot": [0, 18, 4],
				"rotation": [5, 0, 0],
				"cubes": [
					{"origin": [-3, 10, 4], "size": [1, 8, 0], "uv": [20, 81]},
					{"origin": [2, 10, 4], "size": [1, 8, 0], "uv": [18, 81]}
				]
			},
			{
				"name": "bone53",
				"parent": "back",
				"pivot": [0, 18, 4],
				"rotation": [10, 0, 0],
				"cubes": [
					{"origin": [-2, 10, 4], "size": [1, 8, 0], "uv": [16, 81]},
					{"origin": [1, 10, 4], "size": [1, 8, 0], "uv": [14, 81]}
				]
			},
			{
				"name": "bone54",
				"parent": "back",
				"pivot": [0, 18, 4],
				"rotation": [15, 0, 0],
				"cubes": [
					{"origin": [0, 10, 4], "size": [1, 8, 0], "uv": [12, 81]},
					{"origin": [-1, 10, 4], "size": [1, 8, 0], "uv": [67, 80]}
				]
			},
			{
				"name": "armRight",
				"pivot": [-3, 17.5, 0],
				"rotation": [0, 0, 25],
				"cubes": [
					{"origin": [-5, 8.5, -1], "size": [2, 8, 2], "uv": [65, 62]},
					{"origin": [-5, 9, -1], "size": [2, 8, 2], "uv": [57, 62], "inflate": 0.1},
					{"origin": [-5.5, 9.5, -1.5], "size": [3, 8, 3], "uv": [0, 47]}
				]
			},
			{
				"name": "armLeft",
				"pivot": [3, 17.5, 0],
				"rotation": [0, 0, -25],
				"cubes": [
					{"origin": [2.5, 9.5, -1.5], "size": [3, 8, 3], "uv": [0, 0]},
					{"origin": [3, 8.5, -1], "size": [2, 8, 2], "uv": [64, 33]},
					{"origin": [3, 9, -1], "size": [2, 8, 2], "uv": [63, 45], "inflate": 0.1}
				]
			},
			{
				"name": "body",
				"pivot": [0, 10.5, 0]
			},
			{
				"name": "sittingRotationSkirt",
				"parent": "body",
				"pivot": [0, 10.5, 0]
			},
			{
				"name": "bone",
				"parent": "sittingRotationSkirt",
				"pivot": [0, 15.5, 0]
			},
			{
				"name": "bone2",
				"parent": "bone",
				"pivot": [0, 5, 0]
			},
			{
				"name": "bone3",
				"parent": "bone2",
				"pivot": [0, 5, 5.27792],
				"rotation": [31, 0, 0]
			},
			{
				"name": "bone4",
				"parent": "bone3",
				"pivot": [0, 5, 5.27792],
				"rotation": [0, -45, 0],
				"cubes": [
					{"origin": [-1, 5, 4.27792], "size": [2, 6, 2], "uv": [55, 72]}
				]
			},
			{
				"name": "bone5",
				"parent": "bone",
				"pivot": [0, 5, 0],
				"rotation": [0, -30, 0]
			},
			{
				"name": "bone6",
				"parent": "bone5",
				"pivot": [0, 5, 5.27792],
				"rotation": [31, 0, 0]
			},
			{
				"name": "bone7",
				"parent": "bone6",
				"pivot": [0, 5, 5.27792],
				"rotation": [0, -45, 0],
				"cubes": [
					{"origin": [-1, 5, 4.27792], "size": [2, 6, 2], "uv": [72, 31]}
				]
			},
			{
				"name": "bone8",
				"parent": "bone",
				"pivot": [0, 5, 0],
				"rotation": [0, -60, 0]
			},
			{
				"name": "bone9",
				"parent": "bone8",
				"pivot": [0, 5, 5.27792],
				"rotation": [31, 0, 0]
			},
			{
				"name": "bone10",
				"parent": "bone9",
				"pivot": [0, 5, 5.27792],
				"rotation": [0, -45, 0],
				"cubes": [
					{"origin": [-1, 5, 4.27792], "size": [2, 6, 2], "uv": [72, 8]}
				]
			},
			{
				"name": "bone11",
				"parent": "bone",
				"pivot": [0, 5, 0],
				"rotation": [0, -90, 0]
			},
			{
				"name": "bone12",
				"parent": "bone11",
				"pivot": [0, 5, 5.27792],
				"rotation": [31, 0, 0]
			},
			{
				"name": "bone13",
				"parent": "bone12",
				"pivot": [0, 5, 5.27792],
				"rotation": [0, -45, 0],
				"cubes": [
					{"origin": [-1, 5, 4.27792], "size": [2, 6, 2], "uv": [71, 70]}
				]
			},
			{
				"name": "bone14",
				"parent": "bone",
				"pivot": [0, 5, 0],
				"rotation": [0, -120, 0]
			},
			{
				"name": "bone15",
				"parent": "bone14",
				"pivot": [0, 5, 5.27792],
				"rotation": [31, 0, 0]
			},
			{
				"name": "bone16",
				"parent": "bone15",
				"pivot": [0, 5, 5.27792],
				"rotation": [0, -45, 0],
				"cubes": [
					{"origin": [-1, 5, 4.27792], "size": [2, 6, 2], "uv": [71, 41]}
				]
			},
			{
				"name": "bone17",
				"parent": "bone",
				"pivot": [0, 5, 0],
				"rotation": [0, -150, 0]
			},
			{
				"name": "bone18",
				"parent": "bone17",
				"pivot": [0, 5, 5.27792],
				"rotation": [31, 0, 0]
			},
			{
				"name": "bone19",
				"parent": "bone18",
				"pivot": [0, 5, 5.27792],
				"rotation": [0, -45, 0],
				"cubes": [
					{"origin": [-1, 5, 4.27792], "size": [2, 6, 2], "uv": [36, 71]}
				]
			},
			{
				"name": "bone20",
				"parent": "bone",
				"pivot": [0, 5, 0],
				"rotation": [0, -180, 0]
			},
			{
				"name": "bone21",
				"parent": "bone20",
				"pivot": [0, 5, 5.27792],
				"rotation": [31, 0, 0]
			},
			{
				"name": "bone22",
				"parent": "bone21",
				"pivot": [0, 5, 5.27792],
				"rotation": [0, -45, 0],
				"cubes": [
					{"origin": [-1, 5, 4.27792], "size": [2, 6, 2], "uv": [71, 0]}
				]
			},
			{
				"name": "bone23",
				"parent": "bone",
				"pivot": [0, 5, 0],
				"rotation": [0, -210, 0]
			},
			{
				"name": "bone24",
				"parent": "bone23",
				"pivot": [0, 5, 5.27792],
				"rotation": [31, 0, 0]
			},
			{
				"name": "bone25",
				"parent": "bone24",
				"pivot": [0, 5, 5.27792],
				"rotation": [0, -45, 0],
				"cubes": [
					{"origin": [-1, 5, 4.27792], "size": [2, 6, 2], "uv": [28, 70]}
				]
			},
			{
				"name": "bone26",
				"parent": "bone",
				"pivot": [0, 5, 0],
				"rotation": [0, -240, 0]
			},
			{
				"name": "bone27",
				"parent": "bone26",
				"pivot": [0, 5, 5.27792],
				"rotation": [31, 0, 0]
			},
			{
				"name": "bone28",
				"parent": "bone27",
				"pivot": [0, 5, 5.27792],
				"rotation": [0, -45, 0],
				"cubes": [
					{"origin": [-1, 5, 4.27792], "size": [2, 6, 2], "uv": [69, 53]}
				]
			},
			{
				"name": "bone29",
				"parent": "bone",
				"pivot": [0, 5, 0],
				"rotation": [0, -270, 0]
			},
			{
				"name": "bone30",
				"parent": "bone29",
				"pivot": [0, 5, 5.27792],
				"rotation": [31, 0, 0]
			},
			{
				"name": "bone31",
				"parent": "bone30",
				"pivot": [0, 5, 5.27792],
				"rotation": [0, -45, 0],
				"cubes": [
					{"origin": [-1, 5, 4.27792], "size": [2, 6, 2], "uv": [68, 22]}
				]
			},
			{
				"name": "bone32",
				"parent": "bone",
				"pivot": [0, 5, 0],
				"rotation": [0, -300, 0]
			},
			{
				"name": "bone33",
				"parent": "bone32",
				"pivot": [0, 5, 5.27792],
				"rotation": [31, 0, 0]
			},
			{
				"name": "bone34",
				"parent": "bone33",
				"pivot": [0, 5, 5.27792],
				"rotation": [0, -45, 0],
				"cubes": [
					{"origin": [-1, 5, 4.27792], "size": [2, 6, 2], "uv": [20, 68]}
				]
			},
			{
				"name": "bone35",
				"parent": "bone",
				"pivot": [0, 5, 0],
				"rotation": [0, -330, 0]
			},
			{
				"name": "bone36",
				"parent": "bone35",
				"pivot": [0, 5, 5.27792],
				"rotation": [31, 0, 0]
			},
			{
				"name": "bone37",
				"parent": "bone36",
				"pivot": [0, 5, 5.27792],
				"rotation": [0, -45, 0],
				"cubes": [
					{"origin": [-1, 5, 4.27792], "size": [2, 6, 2], "uv": [0, 31]}
				]
			},
			{
				"name": "decoration3",
				"parent": "body",
				"pivot": [0, 10.5, 0]
			},
			{
				"name": "bone38",
				"parent": "decoration3",
				"pivot": [0, 17, -4],
				"rotation": [0, 0, 40]
			},
			{
				"name": "bone39",
				"parent": "decoration3",
				"pivot": [0, 17, -4],
				"rotation": [0, 0, -40]
			},
			{
				"name": "tie",
				"parent": "decoration3",
				"pivot": [0, 10.5, 3.9]
			},
			{
				"name": "bone40",
				"parent": "tie",
				"pivot": [0, 18, 0.9],
				"rotation": [0, 0, -45]
			},
			{
				"name": "body2",
				"parent": "body",
				"pivot": [0, 10.5, 0],
				"cubes": [
					{"origin": [-2.5, 11, -2.5], "size": [5, 7, 5], "uv": [17, 47], "inflate": 0.1},
					{"origin": [-2.5, 9, -2.5], "size": [5, 2, 5], "uv": [37, 53], "inflate": 0.1}
				]
			},
			{
				"name": "tie2",
				"parent": "body2",
				"pivot": [0, 10.5, -0.1],
				"cubes": [
					{"origin": [-0.5, 14.5071, -2.5179], "size": [1, 4, 1], "uv": [37, 53], "inflate": 0.2071}
				]
			},
			{
				"name": "bone41",
				"parent": "tie2",
				"pivot": [0, 18, -3.1],
				"rotation": [0, 0, -45],
				"cubes": [
					{"origin": [-3.11629, 14.8837, -2.725], "size": [1, 1, 1], "uv": [24, 76]}
				]
			},
			{
				"name": "collar",
				"parent": "body2",
				"pivot": [0, 11.5, 0]
			},
			{
				"name": "bone42",
				"parent": "collar",
				"pivot": [-2, 18, 0],
				"rotation": [0, 0, 25],
				"cubes": [
					{"origin": [-2.18738, 17.84524, -2.875], "size": [2, 1, 1], "uv": [64, 43]}
				]
			},
			{
				"name": "bone43",
				"parent": "collar",
				"pivot": [2, 18, 0],
				"rotation": [0, 0, -25],
				"cubes": [
					{"origin": [0.18738, 17.84524, -2.875], "size": [2, 1, 1], "uv": [34, 60]}
				]
			},
			{
				"name": "suit",
				"parent": "body2",
				"pivot": [0, 10.5, 0],
				"cubes": [
					{"origin": [-3, 13, -3], "size": [6, 5, 6], "uv": [47, 0]}
				]
			},
			{
				"name": "bone44",
				"parent": "suit",
				"pivot": [0, 13, -3],
				"rotation": [0, 0, 15],
				"cubes": [
					{"origin": [-3, 11, -3], "size": [3, 2, 6], "uv": [56, 25], "inflate": 0.01}
				]
			},
			{
				"name": "bone45",
				"parent": "suit",
				"pivot": [0, 13, -3],
				"rotation": [0, 0, -15],
				"cubes": [
					{"origin": [0, 11, -3], "size": [3, 2, 6], "uv": [51, 54], "inflate": 0.01}
				]
			},
			{
				"name": "bone46",
				"parent": "suit",
				"pivot": [0, 14.5, -3],
				"rotation": [0, 0, 25],
				"cubes": [
					{"origin": [0.23976, 13.93993, -3.001], "size": [1, 5, 0], "uv": [58, 84]}
				]
			},
			{
				"name": "bone47",
				"parent": "suit",
				"pivot": [0, 14.5, -3],
				"rotation": [0, 0, -25],
				"cubes": [
					{"origin": [-1.23976, 13.93993, -3.001], "size": [1, 5, 0], "uv": [84, 19]}
				]
			},
			{
				"name": "moon",
				"parent": "body2",
				"pivot": [0, 0, 0],
				"cubes": [
					{"origin": [-6, 8, -10.503], "size": [16, 16, 15], "uv": [50, 97], "inflate": -7.5}
				]
			},
			{
				"name": "chestPlate",
				"parent": "body",
				"pivot": [0, 10.5, 0]
			},
			{
				"name": "sinFloat",
				"parent": "chestPlate",
				"pivot": [0, 10.5, 0]
			},
			{
				"name": "bone99",
				"parent": "sinFloat",
				"pivot": [0, 10.5, 0],
				"cubes": [
					{"origin": [14, 10.5, -8], "size": [2, 2, 13], "uv": [0, 47]},
					{"origin": [14, 10.5, -9], "size": [2, 2, 1], "uv": [49, 73], "inflate": 0.1},
					{"origin": [14, 10.5, -10], "size": [2, 2, 1], "uv": [62, 22], "inflate": 0.2},
					{"origin": [14, 10.5, -11], "size": [2, 2, 1], "uv": [7, 62], "inflate": 0.5},
					{"origin": [14, 10.5, -13], "size": [2, 2, 1], "uv": [44, 60], "inflate": 0.8},
					{"origin": [14, 10.5, -4], "size": [2, 2, 1], "uv": [80, 47], "inflate": 0.1},
					{"origin": [14, 10.5, -5.5], "size": [2, 2, 1], "uv": [80, 36], "inflate": 0.1},
					{"origin": [14, 10.5, -7], "size": [2, 2, 1], "uv": [80, 12], "inflate": 0.1}
				]
			},
			{
				"name": "bone100",
				"parent": "bone99",
				"pivot": [0, 10.5, 0],
				"cubes": [
					{"origin": [10, 10.5, -2], "size": [5, 1, 1], "uv": [0, 11], "inflate": -0.2}
				]
			},
			{
				"name": "bone101",
				"parent": "bone99",
				"pivot": [0, 10.5, 0],
				"cubes": [
					{"origin": [14.5, 11.5, -2], "size": [1, 2, 1], "uv": [9, 47]},
					{"origin": [14.5, 11.5, 0], "size": [1, 3, 1], "uv": [71, 49]},
					{"origin": [14.5, 11.5, 2], "size": [1, 4, 1], "uv": [17, 47]}
				]
			},
			{
				"name": "legLeft",
				"pivot": [2, 9, 0],
				"cubes": [
					{"origin": [0.499, 0.1, -1.5], "size": [2.75, 8.9, 3], "uv": [47, 62]},
					{"origin": [0.499, 0.1, -1.5], "size": [2.75, 8.9, 3], "uv": [0, 62], "inflate": 0.1}
				]
			},
			{
				"name": "hkfdj",
				"parent": "legLeft",
				"pivot": [2, 9, 0],
				"cubes": [
					{"origin": [0.499, 0.1, -1.5], "size": [2.75, 8.9, 3], "uv": [37, 60], "inflate": 0.12}
				]
			},
			{
				"name": "bone55",
				"parent": "hkfdj",
				"pivot": [2, 5, 4],
				"rotation": [-50, 0, 0],
				"cubes": [
					{"origin": [1.5, -1, 2], "size": [1, 2, 0], "uv": [12, 13]},
					{"origin": [1.5, -1, 0], "size": [1, 2, 3], "uv": [44, 73]},
					{"origin": [1.5, 0, -3], "size": [1, 1, 3], "uv": [32, 47]}
				]
			},
			{
				"name": "GEnX",
				"parent": "hkfdj",
				"pivot": [2, 9, 0]
			},
			{
				"name": "bone57",
				"parent": "GEnX",
				"pivot": [2, 9, 0],
				"cubes": [
					{"origin": [3, 3, -1], "size": [2, 1, 1], "uv": [6, 58]},
					{"origin": [9, 3, -1], "size": [2, 1, 1], "uv": [0, 13]},
					{"origin": [11, 2, -2], "size": [1, 3, 3], "uv": [72, 16]}
				]
			},
			{
				"name": "bone58",
				"parent": "GEnX",
				"pivot": [2, 9, 0]
			},
			{
				"name": "bone59",
				"parent": "bone58",
				"pivot": [9, 12, 0]
			},
			{
				"name": "bone60",
				"parent": "bone59",
				"pivot": [7, 3, 0],
				"cubes": [
					{"origin": [6, 0, 1.1142], "size": [2, 3, 1], "uv": [6, 81]},
					{"origin": [6, 2, 1.41421], "size": [2, 4, 1], "uv": [78, 27]}
				]
			},
			{
				"name": "bone61",
				"parent": "bone59",
				"pivot": [7, 3, 0],
				"rotation": [0, -45, 0],
				"cubes": [
					{"origin": [6, 2, 1.41421], "size": [2, 4, 1], "uv": [69, 78]},
					{"origin": [6, 0, 1.1142], "size": [2, 3, 1], "uv": [79, 75]}
				]
			},
			{
				"name": "bone62",
				"parent": "bone59",
				"pivot": [7, 3, 0],
				"rotation": [0, -90, 0],
				"cubes": [
					{"origin": [6, 0, 1.1142], "size": [2, 3, 1], "uv": [0, 81]},
					{"origin": [6, 2, 1.41421], "size": [2, 4, 1], "uv": [30, 78]}
				]
			},
			{
				"name": "bone81",
				"parent": "bone59",
				"pivot": [7, 3, 0],
				"rotation": [0, -135, 0],
				"cubes": [
					{"origin": [6, 0, 1.1142], "size": [2, 3, 1], "uv": [61, 80]},
					{"origin": [6, 2, 1.41421], "size": [2, 4, 1], "uv": [77, 66]}
				]
			},
			{
				"name": "bone82",
				"parent": "bone59",
				"pivot": [7, 3, 0],
				"rotation": [0, -180, 0],
				"cubes": [
					{"origin": [6, 0, 1.1142], "size": [2, 3, 1], "uv": [55, 80]},
					{"origin": [6, 2, 1.41421], "size": [2, 4, 1], "uv": [43, 78]}
				]
			},
			{
				"name": "bone83",
				"parent": "bone59",
				"pivot": [7, 3, 0],
				"rotation": [0, -225, 0],
				"cubes": [
					{"origin": [6, 0, 1.1142], "size": [2, 3, 1], "uv": [80, 32]},
					{"origin": [6, 2, 1.41421], "size": [2, 4, 1], "uv": [49, 78]}
				]
			},
			{
				"name": "bone84",
				"parent": "bone59",
				"pivot": [7, 3, 0],
				"rotation": [0, -270, 0],
				"cubes": [
					{"origin": [6, 0, 1.1142], "size": [2, 3, 1], "uv": [80, 8]},
					{"origin": [6, 2, 1.41421], "size": [2, 4, 1], "uv": [78, 59]}
				]
			},
			{
				"name": "bone85",
				"parent": "bone59",
				"pivot": [7, 3, 0],
				"rotation": [0, -315, 0],
				"cubes": [
					{"origin": [6, 0, 1.1142], "size": [2, 3, 1], "uv": [79, 79]},
					{"origin": [6, 2, 1.41421], "size": [2, 4, 1], "uv": [24, 78]}
				]
			},
			{
				"name": "bone86",
				"parent": "bone58",
				"pivot": [2, 9, 0],
				"cubes": [
					{"origin": [6.5, 4, -0.5], "size": [1, 3, 1], "uv": [83, 39]},
					{"origin": [6.5, 4, 0.5], "size": [1, 1, 1], "uv": [63, 62]},
					{"origin": [5.5, 4, -0.5], "size": [1, 1, 1], "uv": [34, 70]},
					{"origin": [6.5, 4, -1.5], "size": [1, 1, 1], "uv": [71, 61]},
					{"origin": [7.5, 4, -0.5], "size": [1, 1, 1], "uv": [72, 39]}
				]
			},
			{
				"name": "legRight",
				"pivot": [-2, 9, 0],
				"cubes": [
					{"origin": [-3.249, 0.2, -1.5], "size": [2.75, 8.8, 3], "uv": [62, 11]},
					{"origin": [-3.249, 0.2, -1.5], "size": [2.75, 8.8, 3], "uv": [10, 62], "inflate": 0.1}
				]
			},
			{
				"name": "hkfdj2",
				"parent": "legRight",
				"pivot": [-2, 9, 0],
				"cubes": [
					{"origin": [-3.249, 0.2, -1.5], "size": [2.75, 8.9, 3], "uv": [27, 59], "inflate": 0.12}
				]
			},
			{
				"name": "bone56",
				"parent": "hkfdj2",
				"pivot": [-3, 5, 5],
				"rotation": [-50, 0, 0],
				"cubes": [
					{"origin": [-2.499, -1.8, 0], "size": [1, 2, 3], "uv": [73, 61]},
					{"origin": [-2.499, -0.8, -3], "size": [1, 1, 3], "uv": [47, 11]}
				]
			},
			{
				"name": "GEnx2",
				"parent": "legRight",
				"pivot": [-2, 9, 0]
			},
			{
				"name": "GEnX3",
				"parent": "GEnx2",
				"pivot": [2, 9, 0]
			},
			{
				"name": "bone87",
				"parent": "GEnX3",
				"pivot": [2, 9, 0],
				"cubes": [
					{"origin": [-11, 3, -1], "size": [2, 1, 1], "uv": [0, 58]},
					{"origin": [-12, 2, -2], "size": [1, 3, 3], "uv": [56, 33]},
					{"origin": [-5, 3, -1], "size": [2, 1, 1], "uv": [6, 13]}
				]
			},
			{
				"name": "bone88",
				"parent": "GEnX3",
				"pivot": [2, 9, 0]
			},
			{
				"name": "bone89",
				"parent": "bone88",
				"pivot": [9, 12, 0]
			},
			{
				"name": "bone90",
				"parent": "bone89",
				"pivot": [7, 3, 0],
				"cubes": [
					{"origin": [-8, 0, 1.1142], "size": [2, 3, 1], "uv": [79, 71]},
					{"origin": [-8, 2, 1.41421], "size": [2, 4, 1], "uv": [77, 54]}
				]
			},
			{
				"name": "bone91",
				"parent": "bone89",
				"pivot": [7, 3, 0],
				"rotation": [0, -45, 0],
				"cubes": [
					{"origin": [-3.89949, 2, 11.31371], "size": [2, 4, 1], "uv": [76, 22]},
					{"origin": [-3.89949, 0, 11.01369], "size": [2, 3, 1], "uv": [79, 43]}
				]
			},
			{
				"name": "bone92",
				"parent": "bone89",
				"pivot": [7, 3, 0],
				"rotation": [0, -90, 0],
				"cubes": [
					{"origin": [6, 0, 15.1142], "size": [2, 3, 1], "uv": [79, 15]},
					{"origin": [6, 2, 15.41421], "size": [2, 4, 1], "uv": [18, 76]}
				]
			},
			{
				"name": "bone93",
				"parent": "bone89",
				"pivot": [7, 3, 0],
				"rotation": [0, -135, 0],
				"cubes": [
					{"origin": [15.89949, 0, 11.01369], "size": [2, 3, 1], "uv": [79, 4]},
					{"origin": [15.89949, 2, 11.31371], "size": [2, 4, 1], "uv": [75, 49]}
				]
			},
			{
				"name": "bone94",
				"parent": "bone89",
				"pivot": [7, 3, 0],
				"rotation": [0, -180, 0],
				"cubes": [
					{"origin": [20, 0, 1.1142], "size": [2, 3, 1], "uv": [79, 0]},
					{"origin": [20, 2, 1.41421], "size": [2, 4, 1], "uv": [65, 0]}
				]
			},
			{
				"name": "bone95",
				"parent": "bone89",
				"pivot": [7, 3, 0],
				"rotation": [0, -225, 0],
				"cubes": [
					{"origin": [15.89949, 0, -8.78529], "size": [2, 3, 1], "uv": [77, 39]},
					{"origin": [15.89949, 2, -8.48528], "size": [2, 4, 1], "uv": [63, 55]}
				]
			},
			{
				"name": "bone96",
				"parent": "bone89",
				"pivot": [7, 3, 0],
				"rotation": [0, -270, 0],
				"cubes": [
					{"origin": [6, 0, -12.8858], "size": [2, 3, 1], "uv": [57, 47]},
					{"origin": [6, 2, -12.58579], "size": [2, 4, 1], "uv": [20, 62]}
				]
			},
			{
				"name": "bone97",
				"parent": "bone89",
				"pivot": [7, 3, 0],
				"rotation": [0, -315, 0],
				"cubes": [
					{"origin": [-3.89949, 0, -8.78529], "size": [2, 3, 1], "uv": [55, 11]},
					{"origin": [-3.89949, 2, -8.48528], "size": [2, 4, 1], "uv": [47, 0]}
				]
			},
			{
				"name": "bone98",
				"parent": "bone88",
				"pivot": [2, 9, 0],
				"cubes": [
					{"origin": [-7.5, 4, -0.5], "size": [1, 3, 1], "uv": [73, 66]},
					{"origin": [-7.5, 4, 0.5], "size": [1, 1, 1], "uv": [54, 62]},
					{"origin": [-8.5, 4, -0.5], "size": [1, 1, 1], "uv": [61, 33]},
					{"origin": [-7.5, 4, -1.5], "size": [1, 1, 1], "uv": [61, 11]},
					{"origin": [-6.5, 4, -0.5], "size": [1, 1, 1], "uv": [37, 47]}
				]
			}
		]
	}
}