{
	"format_version": "1.10.0",
	"geometry.model": {
		"texturewidth": 128,
		"textureheight": 128,
		"visible_bounds_width": 3,
		"visible_bounds_height": 4,
		"visible_bounds_offset": [0, 1, 0],
		"bones": [
			{
				"name": "head",
				"pivot": [0, 18, 0],
				"cubes": [
					{"origin": [-4, 18, -4], "size": [8, 8, 8], "uv": [24, 31]},
					{"origin": [-4, 18, -4], "size": [8, 8, 8], "uv": [0, 23], "inflate": 0.1}
				]
			},
			{
				"name": "blink",
				"parent": "head",
				"pivot": [0, 18, 0],
				"cubes": [
					{"origin": [-4, 18, -4.001], "size": [8, 8, 0], "uv": [0, 67]}
				]
			},
			{
				"name": "hat",
				"parent": "head",
				"pivot": [0, 24.52825, 0],
				"cubes": [
					{"origin": [-4.5, 23.701, -4.5], "size": [9, 3, 9], "uv": [24, 14]},
					{"origin": [-4, 24.701, -4], "size": [8, 3, 8], "uv": [0, 39]},
					{"origin": [-3, 25.451, -3], "size": [6, 3, 6], "uv": [50, 41]},
					{"origin": [-5.5, 23.699, -5.5], "size": [11, 0, 11], "uv": [0, 12]},
					{"origin": [-2.5, 23.7, -5.5], "size": [2, 1, 1], "uv": [0, 54]},
					{"origin": [3.5, 23.7, -5.5], "size": [2, 1, 2], "uv": [0, 42]},
					{"origin": [4.5, 23.7, 0.5], "size": [1, 1, 2], "uv": [48, 34]},
					{"origin": [4.5, 23.7, -2.5], "size": [1, 1, 2], "uv": [48, 31]},
					{"origin": [0.5, 23.7, 4.5], "size": [2, 1, 1], "uv": [50, 53]},
					{"origin": [3.5, 23.7, 3.5], "size": [2, 1, 2], "uv": [0, 39]},
					{"origin": [-2.5, 23.7, 4.5], "size": [2, 1, 1], "uv": [18, 53]},
					{"origin": [-5.5, 23.7, 0.5], "size": [1, 1, 2], "uv": [44, 47]},
					{"origin": [-5.5, 23.7, -2.5], "size": [1, 1, 2], "uv": [0, 9]},
					{"origin": [-5.5, 23.7, -5.5], "size": [2, 1, 2], "uv": [0, 26]},
					{"origin": [-5.5, 23.7, 3.5], "size": [2, 1, 2], "uv": [0, 23]},
					{"origin": [0.5, 23.7, -5.5], "size": [2, 1, 1], "uv": [45, 12]}
				]
			},
			{
				"name": "hat2",
				"parent": "hat",
				"pivot": [0, 18, 0]
			},
			{
				"name": "bone45",
				"parent": "hat2",
				"pivot": [0, 24, 2],
				"rotation": [5, 0, 0],
				"cubes": [
					{"origin": [-4.5, 23.13073, 0.50571], "size": [9, 1, 4], "uv": [66, 32]}
				]
			},
			{
				"name": "bone46",
				"parent": "hat2",
				"pivot": [0, 24, 2],
				"rotation": [10, 0, 0],
				"cubes": [
					{"origin": [-4.5, 22.26428, 0.43563], "size": [9, 1, 4], "uv": [66, 27]}
				]
			},
			{
				"name": "bone47",
				"parent": "hat2",
				"pivot": [0, 24, 2],
				"rotation": [15, 0, 0],
				"cubes": [
					{"origin": [-4.5, 21.40723, 0.29031], "size": [9, 1, 4], "uv": [48, 63]}
				]
			},
			{
				"name": "bone48",
				"parent": "hat2",
				"pivot": [0, 24, 2],
				"rotation": [20, 0, 0],
				"cubes": [
					{"origin": [-4.5, 20.5661, 0.07084], "size": [9, 1, 4], "uv": [22, 63]}
				]
			},
			{
				"name": "bone49",
				"parent": "hat2",
				"pivot": [0, 24, 2],
				"rotation": [25, 0, 0],
				"cubes": [
					{"origin": [-4.5, 19.74731, -0.2211], "size": [9, 1, 4], "uv": [0, 62]}
				]
			},
			{
				"name": "bone50",
				"parent": "hat2",
				"pivot": [0, 24, 2],
				"rotation": [30, 0, 0],
				"cubes": [
					{"origin": [-4.5, 18.95707, -0.5833], "size": [9, 1, 4], "uv": [46, 58]}
				]
			},
			{
				"name": "bone51",
				"parent": "hat2",
				"pivot": [0, 24, 2],
				"rotation": [35, 0, 0],
				"cubes": [
					{"origin": [-4.5, 18.20141, -1.01299], "size": [9, 1, 4], "uv": [51, 17]}
				]
			},
			{
				"name": "bone52",
				"parent": "hat2",
				"pivot": [0, 24, 2],
				"rotation": [40, 0, 0],
				"cubes": [
					{"origin": [-4.5, 17.48608, -1.5069], "size": [9, 1, 4], "uv": [51, 12]}
				]
			},
			{
				"name": "ghost",
				"parent": "hat",
				"pivot": [0, 0, 0],
				"cubes": [
					{"origin": [-2.5, 25, -4.501], "size": [5, 4, 0], "uv": [60, 79]},
					{"origin": [-0.5, 28.4641, -4.501], "size": [1, 1, 0], "uv": [4, 0]}
				]
			},
			{
				"name": "bone38",
				"parent": "ghost",
				"pivot": [-2.5, 26, -4],
				"rotation": [0, 0, 30],
				"cubes": [
					{"origin": [-2.5, 26, -4.501], "size": [1, 4, 0], "uv": [24, 53]}
				]
			},
			{
				"name": "bone41",
				"parent": "ghost",
				"pivot": [2.5, 26, -4],
				"rotation": [0, 0, -30],
				"cubes": [
					{"origin": [0.5, 26, -4.501], "size": [2, 4, 0], "uv": [51, 17]}
				]
			},
			{
				"name": "ghostSymbol",
				"parent": "ghost",
				"pivot": [0, 0, 0],
				"cubes": [
					{"origin": [-0.25, 26.25, -4.6], "size": [0.5, 0.5, 0], "uv": [0, 0]},
					{"origin": [0.70711, 26, -4.6], "size": [0.5, 0.5, 0], "uv": [0, 0]},
					{"origin": [-1.20711, 26, -4.6], "size": [0.5, 1, 0], "uv": [0, 0]},
					{"origin": [-0.14645, 27.56066, -4.6], "size": [0.5, 1, 0], "uv": [0, 0]},
					{"origin": [-0.5, 27.20711, -4.6], "size": [0.5, 0.5, 0], "uv": [0, 0]},
					{"origin": [0.10355, 26.60355, -4.6], "size": [0.5, 0.5, 0], "uv": [0, 0]},
					{"origin": [-0.5, 25.29289, -4.6], "size": [1, 0.5, 0], "uv": [0, 0]}
				]
			},
			{
				"name": "bone53",
				"parent": "ghostSymbol",
				"pivot": [0.25, 27, 0],
				"rotation": [0, 0, 45],
				"cubes": [
					{"origin": [0.07322, 26.46967, -4.6], "size": [0.5, 0.5, 0], "uv": [0, 0]},
					{"origin": [-0.57322, 26.96967, -4.6], "size": [0.5, 0.5, 0], "uv": [0, 0]},
					{"origin": [0.78033, 26.82322, -4.6], "size": [0.5, 0.5, 0], "uv": [0, 0]},
					{"origin": [0.42678, 26.82322, -4.6], "size": [0.5, 0.5, 0], "uv": [0, 0]},
					{"origin": [1.13388, 25.96967, -4.6], "size": [0.5, 1, 0], "uv": [0, 0]},
					{"origin": [-0.78033, 25.96967, -4.6], "size": [0.5, 1, 0], "uv": [0, 0]},
					{"origin": [-0.07322, 25.26256, -4.6], "size": [1, 0.5, 0], "uv": [0, 0]}
				]
			},
			{
				"name": "armRight",
				"pivot": [-3, 17.5, 0],
				"rotation": [0, 0, 25],
				"cubes": [
					{"origin": [-5, 8.5, -1], "size": [2, 8, 2], "uv": [74, 67]},
					{"origin": [-5.5, 13.5, -1.5], "size": [3, 4, 3], "uv": [71, 47]},
					{"origin": [-5.5, 14.5, -1.5], "size": [3, 1, 3], "uv": [71, 55], "inflate": 0.1}
				]
			},
			{
				"name": "bone18",
				"parent": "armRight",
				"pivot": [0, 0, -0.5],
				"cubes": [
					{"origin": [-5.5, 9.17107, -1], "size": [3, 5, 2], "uv": [72, 77]}
				]
			},
			{
				"name": "bone19",
				"parent": "bone18",
				"pivot": [0, 0, 0],
				"rotation": [-21, 0, 0],
				"cubes": [
					{"origin": [-5.5, 8.20357, -6.2202], "size": [3, 5, 2], "uv": [50, 77]}
				]
			},
			{
				"name": "bone20",
				"parent": "bone18",
				"pivot": [0, 0, 0],
				"rotation": [21, 0, 0],
				"cubes": [
					{"origin": [-5.5, 8.20357, 4.2202], "size": [3, 5, 2], "uv": [40, 77]}
				]
			},
			{
				"name": "armLeft",
				"pivot": [3, 17.5, 0],
				"rotation": [0, 0, -25],
				"cubes": [
					{"origin": [2.5, 14.5, -1.5], "size": [3, 1, 3], "uv": [73, 10], "inflate": 0.1},
					{"origin": [2.5, 13.5, -1.5], "size": [3, 4, 3], "uv": [70, 60]},
					{"origin": [3, 8.5, -1], "size": [2, 8, 2], "uv": [74, 0]}
				]
			},
			{
				"name": "bone21",
				"parent": "armLeft",
				"pivot": [8, 0, -0.5],
				"cubes": [
					{"origin": [2.5, 9.17107, -1], "size": [3, 5, 2], "uv": [30, 77]}
				]
			},
			{
				"name": "bone22",
				"parent": "bone21",
				"pivot": [8, 0, 0],
				"rotation": [-21, 0, 0],
				"cubes": [
					{"origin": [2.5, 8.20357, -6.2202], "size": [3, 5, 2], "uv": [20, 77]}
				]
			},
			{
				"name": "bone23",
				"parent": "bone21",
				"pivot": [8, 0, 0],
				"rotation": [21, 0, 0],
				"cubes": [
					{"origin": [2.5, 8.20357, 4.2202], "size": [3, 5, 2], "uv": [10, 77]}
				]
			},
			{
				"name": "body",
				"pivot": [0, 10.5, 0],
				"cubes": [
					{"origin": [-3, 8.999, -3], "size": [6, 9, 6], "uv": [26, 47]},
					{"origin": [-3, 11.999, -3], "size": [6, 6, 6], "uv": [0, 50], "inflate": 0.1},
					{"origin": [-3, 8.999, -3], "size": [6, 2, 6], "uv": [48, 31], "inflate": 0.1},
					{"origin": [-3, 10.999, -3], "size": [6, 2, 6], "uv": [50, 50], "inflate": 0.05}
				]
			},
			{
				"name": "decoration4",
				"parent": "body",
				"pivot": [0, 13, -1],
				"rotation": [0, -45, 0],
				"cubes": [
					{"origin": [-0.5, 11.5, -5.25], "size": [1, 1, 1], "uv": [60, 22]}
				]
			},
			{
				"name": "bone54",
				"parent": "decoration4",
				"pivot": [0, 13, -4],
				"rotation": [0, -20, 0]
			},
			{
				"name": "bone55",
				"parent": "bone54",
				"pivot": [0, 13, -4],
				"rotation": [0, 0, 15],
				"cubes": [
					{"origin": [-1.74118, 11.53407, -5], "size": [2, 1, 1], "uv": [0, 45]}
				]
			},
			{
				"name": "bone56",
				"parent": "bone54",
				"pivot": [0, 13, -4],
				"rotation": [0, 0, -20],
				"cubes": [
					{"origin": [-2.34202, 11.56031, -5], "size": [2, 1, 1], "uv": [39, 12]}
				]
			},
			{
				"name": "bone57",
				"parent": "decoration4",
				"pivot": [0, 13, -4],
				"rotation": [0, 20, 0]
			},
			{
				"name": "bone58",
				"parent": "bone57",
				"pivot": [0, 13, -4],
				"rotation": [0, 0, -15],
				"cubes": [
					{"origin": [-0.25882, 11.53407, -5], "size": [2, 1, 1], "uv": [33, 12]}
				]
			},
			{
				"name": "bone59",
				"parent": "bone57",
				"pivot": [0, 13, -4],
				"rotation": [0, 0, 20],
				"cubes": [
					{"origin": [0.34202, 11.56031, -5], "size": [2, 1, 1], "uv": [0, 29]}
				]
			},
			{
				"name": "bone61",
				"parent": "decoration4",
				"pivot": [0, 13, -5],
				"rotation": [-25, -15, -25],
				"cubes": [
					{"origin": [-1.05467, 9.66983, -4.25904], "size": [1, 2, 0], "uv": [6, 23]}
				]
			},
			{
				"name": "bone60",
				"parent": "decoration4",
				"pivot": [0, 13, -5],
				"rotation": [-25, 15, 25],
				"cubes": [
					{"origin": [0.05467, 9.66983, -4.25904], "size": [1, 2, 0], "uv": [0, 23]}
				]
			},
			{
				"name": "sittingRotationSkirt",
				"parent": "body",
				"pivot": [0, 10.5, 0]
			},
			{
				"name": "bone",
				"parent": "sittingRotationSkirt",
				"pivot": [0, 14.5, 0]
			},
			{
				"name": "bone2",
				"parent": "bone",
				"pivot": [0, 4, 0]
			},
			{
				"name": "bone3",
				"parent": "bone2",
				"pivot": [0, 4, 4.9281],
				"rotation": [16, 0, 0],
				"cubes": [
					{"origin": [-3, 3.46854, 4.9281], "size": [6, 9, 0], "uv": [52, 68]}
				]
			},
			{
				"name": "bone4",
				"parent": "bone3",
				"pivot": [-3, 3.46854, 4.9281],
				"rotation": [0, 0, 15.4102],
				"cubes": [
					{"origin": [-5, 3.46854, 4.9271], "size": [2, 9, 0], "uv": [83, 46]}
				]
			},
			{
				"name": "bone5",
				"parent": "bone3",
				"pivot": [3, 3.46854, 4.9281],
				"rotation": [0, 0, -15.4102],
				"cubes": [
					{"origin": [3, 3.46854, 4.9291], "size": [2, 9, 0], "uv": [82, 81]}
				]
			},
			{
				"name": "bone6",
				"parent": "bone",
				"pivot": [0, 4, 0],
				"rotation": [0, -90, 0]
			},
			{
				"name": "bone7",
				"parent": "bone6",
				"pivot": [0, 4, 4.9281],
				"rotation": [16, 0, 0],
				"cubes": [
					{"origin": [-3, 3.46854, 4.9281], "size": [6, 9, 0], "uv": [40, 68]}
				]
			},
			{
				"name": "bone8",
				"parent": "bone7",
				"pivot": [-3, 3.46854, 4.9281],
				"rotation": [0, 0, 15.4102],
				"cubes": [
					{"origin": [-5, 3.46854, 4.9271], "size": [2, 9, 0], "uv": [82, 72]}
				]
			},
			{
				"name": "bone9",
				"parent": "bone7",
				"pivot": [3, 3.46854, 4.9281],
				"rotation": [0, 0, -15.4102],
				"cubes": [
					{"origin": [3, 3.46854, 4.9291], "size": [2, 9, 0], "uv": [82, 63]}
				]
			},
			{
				"name": "bone10",
				"parent": "bone",
				"pivot": [0, 4, 0],
				"rotation": [0, -180, 0]
			},
			{
				"name": "bone11",
				"parent": "bone10",
				"pivot": [0, 4, 4.9281],
				"rotation": [16, 0, 0],
				"cubes": [
					{"origin": [-3, 3.46854, 4.9281], "size": [6, 9, 0], "uv": [28, 68]}
				]
			},
			{
				"name": "bone12",
				"parent": "bone11",
				"pivot": [-3, 3.46854, 4.9281],
				"rotation": [0, 0, 15.4102],
				"cubes": [
					{"origin": [-5, 3.46854, 4.9271], "size": [2, 9, 0], "uv": [4, 82]}
				]
			},
			{
				"name": "bone13",
				"parent": "bone11",
				"pivot": [3, 3.46854, 4.9281],
				"rotation": [0, 0, -15.4102],
				"cubes": [
					{"origin": [3, 3.46854, 4.9291], "size": [2, 9, 0], "uv": [82, 0]}
				]
			},
			{
				"name": "bone14",
				"parent": "bone",
				"pivot": [0, 4, 0],
				"rotation": [0, -270, 0]
			},
			{
				"name": "bone15",
				"parent": "bone14",
				"pivot": [0, 4, 4.9281],
				"rotation": [16, 0, 0],
				"cubes": [
					{"origin": [-3, 3.46854, 4.9281], "size": [6, 9, 0], "uv": [16, 68]}
				]
			},
			{
				"name": "bone16",
				"parent": "bone15",
				"pivot": [-3, 3.46854, 4.9281],
				"rotation": [0, 0, 15.4102],
				"cubes": [
					{"origin": [-5, 3.46854, 4.9271], "size": [2, 9, 0], "uv": [0, 82]}
				]
			},
			{
				"name": "bone17",
				"parent": "bone15",
				"pivot": [3, 3.46854, 4.9281],
				"rotation": [0, 0, -15.4102],
				"cubes": [
					{"origin": [3, 3.46854, 4.9291], "size": [2, 9, 0], "uv": [0, 0]}
				]
			},
			{
				"name": "decoration",
				"parent": "body",
				"pivot": [0, 17.5, 0]
			},
			{
				"name": "bone24",
				"parent": "decoration",
				"pivot": [0, 17.5, -3],
				"rotation": [0, -15, 0]
			},
			{
				"name": "bone25",
				"parent": "bone24",
				"pivot": [0, 17.5, 0],
				"rotation": [0, 0, 30],
				"cubes": [
					{"origin": [-2, 17, -3.5], "size": [2, 0.5, 0], "uv": [0, 0]}
				]
			},
			{
				"name": "bone26",
				"parent": "bone24",
				"pivot": [0, 17.5, 0],
				"rotation": [0, 0, -30],
				"cubes": [
					{"origin": [-2, 17, -3.5], "size": [2, 0.5, 0], "uv": [0, 0]}
				]
			},
			{
				"name": "bone27",
				"parent": "bone24",
				"pivot": [0, 17.5, 0],
				"rotation": [0, 0, 90],
				"cubes": [
					{"origin": [-0.56699, 15.51795, -3.5], "size": [2, 0.5, 0], "uv": [0, 0]}
				]
			},
			{
				"name": "bone28",
				"parent": "decoration",
				"pivot": [0, 17.5, -3],
				"rotation": [0, 15, 0]
			},
			{
				"name": "bone29",
				"parent": "bone28",
				"pivot": [0, 17.5, 0],
				"rotation": [0, 0, -30],
				"cubes": [
					{"origin": [0, 17, -3.5], "size": [2, 0.5, 0], "uv": [0, 0]}
				]
			},
			{
				"name": "bone30",
				"parent": "bone28",
				"pivot": [0, 17.5, 0],
				"rotation": [0, 0, 30],
				"cubes": [
					{"origin": [0, 17, -3.5], "size": [2, 0.5, 0], "uv": [0, 0]}
				]
			},
			{
				"name": "bone31",
				"parent": "bone28",
				"pivot": [0, 17.5, 0],
				"rotation": [0, 0, -90],
				"cubes": [
					{"origin": [-1.43301, 15.51795, -3.5], "size": [2, 0.5, 0], "uv": [0, 0]}
				]
			},
			{
				"name": "bone32",
				"parent": "decoration",
				"pivot": [0, 17.5, -3],
				"rotation": [-15, 0, 15],
				"cubes": [
					{"origin": [-0.25, 14.5, -3.5], "size": [0.5, 3, 0], "uv": [0, 0]}
				]
			},
			{
				"name": "bone33",
				"parent": "decoration",
				"pivot": [0, 17.5, -3],
				"rotation": [-15, 0, -15],
				"cubes": [
					{"origin": [-0.25, 14.5, -3.5], "size": [0.5, 3, 0], "uv": [0, 0]}
				]
			},
			{
				"name": "chestPlate",
				"parent": "body",
				"pivot": [0, 10.5, 0]
			},
			{
				"name": "sinFloat",
				"parent": "chestPlate",
				"pivot": [0, 10.5, 0]
			},
			{
				"name": "bone34",
				"parent": "sinFloat",
				"pivot": [5, 10.5, -4],
				"rotation": [37.5, 0, 0],
				"cubes": [
					{"origin": [-12, 9.5, -8], "size": [1, 3, 1], "uv": [51, 12], "inflate": -0.1},
					{"origin": [-12, 11.5, -8], "size": [1, 1, 1], "uv": [56, 39], "inflate": 0.1}
				]
			},
			{
				"name": "bone35",
				"parent": "bone34",
				"pivot": [-11, 12.5, -8],
				"rotation": [-7.5, 0, 0],
				"cubes": [
					{"origin": [-11.5, 12.5, -8], "size": [0, 2, 1], "uv": [4, 8]}
				]
			},
			{
				"name": "bone36",
				"parent": "bone35",
				"pivot": [-11, 14.5, -8],
				"rotation": [-22.5, 0, 0],
				"cubes": [
					{"origin": [-11.5, 14.5, -8], "size": [0, 4, 1], "uv": [4, 4]}
				]
			},
			{
				"name": "bone37",
				"parent": "bone36",
				"pivot": [-11, 18.5, -8],
				"rotation": [-20, 0, 0],
				"cubes": [
					{"origin": [-11.5, 18.5, -8], "size": [0, 3, 1], "uv": [4, 49]}
				]
			},
			{
				"name": "bone39",
				"parent": "sinFloat",
				"pivot": [27, 10.5, -5],
				"rotation": [37.5, 0, 0],
				"cubes": [
					{"origin": [10, 9.5, -9], "size": [1, 3, 1], "uv": [0, 50], "inflate": -0.1},
					{"origin": [10, 11.5, -9], "size": [1, 1, 1], "uv": [7, 12], "inflate": 0.1}
				]
			},
			{
				"name": "bone40",
				"parent": "bone39",
				"pivot": [11, 12.5, -9],
				"rotation": [-7.5, 0, 0],
				"cubes": [
					{"origin": [10.5, 12.5, -9], "size": [0, 2, 1], "uv": [0, 8]}
				]
			},
			{
				"name": "bone42",
				"parent": "bone40",
				"pivot": [11, 14.5, -9],
				"rotation": [-22.5, 0, 0],
				"cubes": [
					{"origin": [10.5, 14.5, -9], "size": [0, 4, 1], "uv": [4, 0]}
				]
			},
			{
				"name": "bone43",
				"parent": "bone42",
				"pivot": [11, 18.5, -9],
				"rotation": [-20, 0, 0],
				"cubes": [
					{"origin": [10.5, 18.5, -9], "size": [0, 3, 1], "uv": [0, 11]}
				]
			},
			{
				"name": "pd",
				"parent": "sinFloat",
				"pivot": [-1, -1, -10]
			},
			{
				"name": "band1",
				"parent": "pd",
				"pivot": [-1, -1, -10],
				"rotation": [90, -90, 0],
				"cubes": [
					{"origin": [2.75836, -6.25836, -2.48428], "size": [11, 0, 5], "uv": [41, 26]},
					{"origin": [2.75836, 6.25636, -2.48528], "size": [11, 0, 5], "uv": [19, 26]}
				]
			},
			{
				"name": "band2",
				"parent": "pd",
				"pivot": [-1, -1, -10],
				"rotation": [0, 0, -135],
				"cubes": [
					{"origin": [11.56746, -6.13244, -6.24164], "size": [6, 0, 3], "uv": [41, 50]}
				]
			},
			{
				"name": "band3",
				"parent": "pd",
				"pivot": [1, -1, -10],
				"rotation": [0, 0, 135],
				"cubes": [
					{"origin": [-17.56676, -6.13173, -6.24164], "size": [6, 0, 3], "uv": [15, 50]}
				]
			},
			{
				"name": "band4",
				"parent": "pd",
				"pivot": [-1, -1, -10],
				"cubes": [
					{"origin": [10.5, 15.75636, -6.24164], "size": [5, 0, 5], "uv": [63, 39]},
					{"origin": [-15.5, 15.75736, -6.24164], "size": [5, 0, 5], "uv": [63, 22]}
				]
			},
			{
				"name": "band5",
				"parent": "pd",
				"pivot": [-1, -1, -10],
				"rotation": [45, 0, 0],
				"cubes": [
					{"origin": [-15.5, 4.65515, 8.04234], "size": [3, 0, 6], "uv": [0, 6]},
					{"origin": [12.5, 4.65515, 8.04234], "size": [3, 0, 6], "uv": [0, 0]}
				]
			},
			{
				"name": "band6",
				"parent": "pd",
				"pivot": [-1, -1, -10],
				"rotation": [90, 0, 0],
				"cubes": [
					{"origin": [-15.5, -14.001, 11], "size": [31, 0, 12], "uv": [0, 0]}
				]
			},
			{
				"name": "legLeft",
				"pivot": [2, 9, 0],
				"cubes": [
					{"origin": [0.499, 0.1, -1.5], "size": [2.75, 8.9, 3], "uv": [64, 68]},
					{"origin": [0.499, 0.1, -1.5], "size": [2.75, 4.6, 3], "uv": [0, 75], "inflate": 0.1},
					{"origin": [0.499, 3.1, -1.5], "size": [2.75, 1, 3], "uv": [78, 37], "inflate": 0.12},
					{"origin": [0.499, 0.1, -1.5], "size": [2.75, 2, 3], "uv": [75, 41], "inflate": 0.2}
				]
			},
			{
				"name": "legRight",
				"pivot": [-2, 9, 0],
				"cubes": [
					{"origin": [-3.249, 0.2, -1.5], "size": [2.75, 8.8, 3], "uv": [0, 12]},
					{"origin": [-3.249, 0.2, -1.5], "size": [2.75, 4.5, 3], "uv": [74, 14], "inflate": 0.1},
					{"origin": [-3.249, 3.2, -1.5], "size": [2.75, 1, 3], "uv": [79, 59], "inflate": 0.12},
					{"origin": [-3.249, 0.2, -1.5], "size": [2.75, 2, 3], "uv": [78, 21], "inflate": 0.2}
				]
			}
		]
	}
}