{
	"format_version": "1.10.0",
	"geometry.model": {
		"texturewidth": 128,
		"textureheight": 128,
		"visible_bounds_width": 3,
		"visible_bounds_height": 4,
		"visible_bounds_offset": [0, 1, 0],
		"bones": [
			{
				"name": "head",
				"pivot": [0, 18, 0],
				"cubes": [
					{"origin": [-4, 18, -4], "size": [8, 8, 8], "uv": [0, 30]},
					{"origin": [-4, 18, -4], "size": [8, 8, 8], "uv": [0, 11], "inflate": 0.1}
				]
			},
			{
				"name": "blink",
				"parent": "head",
				"pivot": [0, 18, 0],
				"cubes": [
					{"origin": [-4, 18, -4.001], "size": [8, 8, 0], "uv": [0, 60]}
				]
			},
			{
				"name": "hat",
				"parent": "head",
				"pivot": [0, 24.52825, 0],
				"cubes": [
					{"origin": [-4.5, 23.701, -4.5], "size": [9, 3, 9], "uv": [23, 18]},
					{"origin": [-4, 24.701, -4], "size": [8, 3, 8], "uv": [25, 3]},
					{"origin": [-3, 25.451, -3], "size": [6, 3, 6], "uv": [0, 46]},
					{"origin": [-5.5, 23.699, -5.5], "size": [11, 0, 11], "uv": [0, 0]},
					{"origin": [-2.5, 23.7, -5.5], "size": [2, 1, 1], "uv": [74, 66]},
					{"origin": [3.5, 23.7, -5.5], "size": [2, 1, 2], "uv": [63, 60]},
					{"origin": [4.5, 23.7, 0.5], "size": [1, 1, 2], "uv": [23, 60]},
					{"origin": [4.5, 23.7, -2.5], "size": [1, 1, 2], "uv": [25, 46]},
					{"origin": [0.5, 23.7, 4.5], "size": [2, 1, 1], "uv": [74, 40]},
					{"origin": [3.5, 23.7, 3.5], "size": [2, 1, 2], "uv": [50, 24]},
					{"origin": [-2.5, 23.7, 4.5], "size": [2, 1, 1], "uv": [72, 57]},
					{"origin": [-5.5, 23.7, 0.5], "size": [1, 1, 2], "uv": [31, 14]},
					{"origin": [-5.5, 23.7, -2.5], "size": [1, 1, 2], "uv": [16, 27]},
					{"origin": [-5.5, 23.7, -5.5], "size": [2, 1, 2], "uv": [49, 7]},
					{"origin": [-5.5, 23.7, 3.5], "size": [2, 1, 2], "uv": [41, 0]},
					{"origin": [0.5, 23.7, -5.5], "size": [2, 1, 1], "uv": [72, 55]}
				]
			},
			{
				"name": "hat2",
				"parent": "hat",
				"pivot": [0, 18, 0]
			},
			{
				"name": "bone45",
				"parent": "hat2",
				"pivot": [0, 24, 2],
				"rotation": [5, 0, 0],
				"cubes": [
					{"origin": [-4.5, 23.13073, 0.50571], "size": [9, 1, 4], "uv": [56, 35]}
				]
			},
			{
				"name": "bone46",
				"parent": "hat2",
				"pivot": [0, 24, 2],
				"rotation": [10, 0, 0],
				"cubes": [
					{"origin": [-4.5, 22.26428, 0.43563], "size": [9, 1, 4], "uv": [50, 55]}
				]
			},
			{
				"name": "bone47",
				"parent": "hat2",
				"pivot": [0, 24, 2],
				"rotation": [15, 0, 0],
				"cubes": [
					{"origin": [-4.5, 21.40723, 0.29031], "size": [9, 1, 4], "uv": [0, 55]}
				]
			},
			{
				"name": "bone48",
				"parent": "hat2",
				"pivot": [0, 24, 2],
				"rotation": [20, 0, 0],
				"cubes": [
					{"origin": [-4.5, 20.5661, 0.07084], "size": [9, 1, 4], "uv": [50, 50]}
				]
			},
			{
				"name": "bone49",
				"parent": "hat2",
				"pivot": [0, 24, 2],
				"rotation": [25, 0, 0],
				"cubes": [
					{"origin": [-4.5, 19.74731, -0.2211], "size": [9, 1, 4], "uv": [50, 30]}
				]
			},
			{
				"name": "bone50",
				"parent": "hat2",
				"pivot": [0, 24, 2],
				"rotation": [30, 0, 0],
				"cubes": [
					{"origin": [-4.5, 18.95707, -0.5833], "size": [9, 1, 4], "uv": [50, 19]}
				]
			},
			{
				"name": "bone51",
				"parent": "hat2",
				"pivot": [0, 24, 2],
				"rotation": [35, 0, 0],
				"cubes": [
					{"origin": [-4.5, 18.20141, -1.01299], "size": [9, 1, 4], "uv": [50, 14]}
				]
			},
			{
				"name": "bone52",
				"parent": "hat2",
				"pivot": [0, 24, 2],
				"rotation": [40, 0, 0],
				"cubes": [
					{"origin": [-4.5, 17.48608, -1.5069], "size": [9, 1, 4], "uv": [44, 45]}
				]
			},
			{
				"name": "ghost",
				"parent": "hat",
				"pivot": [0, 0, 0],
				"cubes": [
					{"origin": [-2.5, 25, -4.501], "size": [5, 4, 0], "uv": [44, 14]},
					{"origin": [-0.5, 28.4641, -4.501], "size": [1, 1, 0], "uv": [6, 18]}
				]
			},
			{
				"name": "bone38",
				"parent": "ghost",
				"pivot": [-2.5, 26, -4],
				"rotation": [0, 0, 30],
				"cubes": [
					{"origin": [-2.5, 26, -4.501], "size": [1, 4, 0], "uv": [6, 11]}
				]
			},
			{
				"name": "bone41",
				"parent": "ghost",
				"pivot": [2.5, 26, -4],
				"rotation": [0, 0, -30],
				"cubes": [
					{"origin": [0.5, 26, -4.501], "size": [2, 4, 0], "uv": [44, 45]}
				]
			},
			{
				"name": "ghostSymbol",
				"parent": "ghost",
				"pivot": [0, 0, 0],
				"cubes": [
					{"origin": [-0.25, 26.25, -4.6], "size": [0.5, 0.5, 0], "uv": [44, 7]},
					{"origin": [0.70711, 26, -4.6], "size": [0.5, 0.5, 0], "uv": [44, 7]},
					{"origin": [-1.20711, 26, -4.6], "size": [0.5, 1, 0], "uv": [44, 7]},
					{"origin": [-0.14645, 27.56066, -4.6], "size": [0.5, 1, 0], "uv": [44, 7]},
					{"origin": [-0.5, 27.20711, -4.6], "size": [0.5, 0.5, 0], "uv": [44, 7]},
					{"origin": [0.10355, 26.60355, -4.6], "size": [0.5, 0.5, 0], "uv": [44, 7]},
					{"origin": [-0.5, 25.29289, -4.6], "size": [1, 0.5, 0], "uv": [44, 7]}
				]
			},
			{
				"name": "bone53",
				"parent": "ghostSymbol",
				"pivot": [0.25, 27, 0],
				"rotation": [0, 0, 45],
				"cubes": [
					{"origin": [0.07322, 26.46967, -4.6], "size": [0.5, 0.5, 0], "uv": [117, 126]},
					{"origin": [-0.57322, 26.96967, -4.6], "size": [0.5, 0.5, 0], "uv": [117, 126]},
					{"origin": [0.78033, 26.82322, -4.6], "size": [0.5, 0.5, 0], "uv": [117, 126]},
					{"origin": [0.42678, 26.82322, -4.6], "size": [0.5, 0.5, 0], "uv": [117, 126]},
					{"origin": [1.13388, 25.96967, -4.6], "size": [0.5, 1, 0], "uv": [117, 126]},
					{"origin": [-0.78033, 25.96967, -4.6], "size": [0.5, 1, 0], "uv": [117, 126]},
					{"origin": [-0.07322, 25.26256, -4.6], "size": [1, 0.5, 0], "uv": [117, 126]}
				]
			},
			{
				"name": "armRight",
				"pivot": [-3, 17.5, 0],
				"rotation": [0, 0, 25],
				"cubes": [
					{"origin": [-5, 8.5, -1], "size": [2, 8, 2], "uv": [38, 60]},
					{"origin": [-5, 13.5, -1], "size": [2, 1, 2], "uv": [33, 0], "inflate": 0.2},
					{"origin": [-5.5, 14.5, -1.5], "size": [3, 3, 3], "uv": [59, 24]},
					{"origin": [-5.5, 9.5, -1.5], "size": [3, 4.3, 3], "uv": [26, 60]}
				]
			},
			{
				"name": "bone22",
				"parent": "armRight",
				"pivot": [-3, 17.5, 0],
				"rotation": [-20, 0, 0],
				"cubes": [
					{"origin": [-5.5, 9.5, -0.5], "size": [3, 4, 2], "uv": [26, 67]}
				]
			},
			{
				"name": "bone23",
				"parent": "armRight",
				"pivot": [-3, 17.5, 0],
				"rotation": [20, 0, 0],
				"cubes": [
					{"origin": [-5.5, 9.5, -1.5], "size": [3, 4, 2], "uv": [67, 0]}
				]
			},
			{
				"name": "armLeft",
				"pivot": [3, 17.5, 0],
				"rotation": [0, 0, -25],
				"cubes": [
					{"origin": [2.5, 14.5, -1.5], "size": [3, 3, 3], "uv": [24, 30]},
					{"origin": [2.5, 9.5, -1.5], "size": [3, 4.3, 3], "uv": [57, 7]},
					{"origin": [3, 8.5, -1], "size": [2, 8, 2], "uv": [0, 27]},
					{"origin": [3, 13.5, -1], "size": [2, 1, 2], "uv": [8, 27], "inflate": 0.2}
				]
			},
			{
				"name": "bone24",
				"parent": "armLeft",
				"pivot": [3, 17.5, 0],
				"rotation": [-20, 0, 0],
				"cubes": [
					{"origin": [2.5, 9.5, -0.5], "size": [3, 4.3, 2], "uv": [66, 40]}
				]
			},
			{
				"name": "bone25",
				"parent": "armLeft",
				"pivot": [3, 17.5, 0],
				"rotation": [20, 0, 0],
				"cubes": [
					{"origin": [2.5, 9.5, -1.5], "size": [3, 4.3, 2], "uv": [64, 65]}
				]
			},
			{
				"name": "body",
				"pivot": [0, 10.5, 0],
				"cubes": [
					{"origin": [-3, 8.999, -3], "size": [6, 9, 6], "uv": [26, 45]},
					{"origin": [-3, 8.999, -3], "size": [6, 9, 6], "uv": [32, 30], "inflate": 0.1},
					{"origin": [-3, 10.999, -3], "size": [6, 1, 6], "uv": [49, 0], "inflate": 0.3}
				]
			},
			{
				"name": "sittingRotationSkirt",
				"parent": "body",
				"pivot": [0, 10.5, 0]
			},
			{
				"name": "bone",
				"parent": "sittingRotationSkirt",
				"pivot": [0, 13.5, 0]
			},
			{
				"name": "bone2",
				"parent": "bone",
				"pivot": [0, 3, 0]
			},
			{
				"name": "bone3",
				"parent": "bone2",
				"pivot": [0, 3, 3.47741],
				"rotation": [12, 0, 0],
				"cubes": [
					{"origin": [-1.5, 2.70026, 4.78625], "size": [3, 8, 0], "uv": [0, 68]}
				]
			},
			{
				"name": "bone4",
				"parent": "bone3",
				"pivot": [-1.5, 2.70026, 3.47741],
				"rotation": [0, 0, 8.61929],
				"cubes": [
					{"origin": [-3.5, 2.70026, 4.78525], "size": [2, 8, 0], "uv": [24, 73]}
				]
			},
			{
				"name": "bone5",
				"parent": "bone3",
				"pivot": [1.5, 2.70026, 3.47741],
				"rotation": [0, 0, -8.61929],
				"cubes": [
					{"origin": [1.5, 2.70026, 4.78725], "size": [2, 8, 0], "uv": [72, 71]}
				]
			},
			{
				"name": "bone6",
				"parent": "bone",
				"pivot": [0, 3, 0],
				"rotation": [0, -72, 0]
			},
			{
				"name": "bone7",
				"parent": "bone6",
				"pivot": [0, 3, 3.47741],
				"rotation": [12, 0, 0],
				"cubes": [
					{"origin": [-1.5, 2.70026, 4.78625], "size": [3, 8, 0], "uv": [58, 67]}
				]
			},
			{
				"name": "bone8",
				"parent": "bone7",
				"pivot": [-1.5, 2.70026, 3.47741],
				"rotation": [0, 0, 8.61929],
				"cubes": [
					{"origin": [-3.5, 2.70026, 4.78525], "size": [2, 8, 0], "uv": [72, 46]}
				]
			},
			{
				"name": "bone9",
				"parent": "bone7",
				"pivot": [1.5, 2.70026, 3.47741],
				"rotation": [0, 0, -8.61929],
				"cubes": [
					{"origin": [1.5, 2.70026, 4.78725], "size": [2, 8, 0], "uv": [72, 24]}
				]
			},
			{
				"name": "bone10",
				"parent": "bone",
				"pivot": [0, 3, 0],
				"rotation": [0, -144, 0]
			},
			{
				"name": "bone11",
				"parent": "bone10",
				"pivot": [0, 3, 3.47741],
				"rotation": [12, 0, 0],
				"cubes": [
					{"origin": [-1.5, 2.70026, 4.78625], "size": [3, 8, 0], "uv": [52, 67]}
				]
			},
			{
				"name": "bone12",
				"parent": "bone11",
				"pivot": [-1.5, 2.70026, 3.47741],
				"rotation": [0, 0, 8.61929],
				"cubes": [
					{"origin": [-3.5, 2.70026, 4.78525], "size": [2, 8, 0], "uv": [68, 71]}
				]
			},
			{
				"name": "bone13",
				"parent": "bone11",
				"pivot": [1.5, 2.70026, 3.47741],
				"rotation": [0, 0, -8.61929],
				"cubes": [
					{"origin": [1.5, 2.70026, 4.78725], "size": [2, 8, 0], "uv": [64, 71]}
				]
			},
			{
				"name": "bone14",
				"parent": "bone",
				"pivot": [0, 3, 0],
				"rotation": [0, -216, 0]
			},
			{
				"name": "bone15",
				"parent": "bone14",
				"pivot": [0, 3, 3.47741],
				"rotation": [12, 0, 0],
				"cubes": [
					{"origin": [-1.5, 2.70026, 4.78625], "size": [3, 8, 0], "uv": [46, 67]}
				]
			},
			{
				"name": "bone16",
				"parent": "bone15",
				"pivot": [-1.5, 2.70026, 3.47741],
				"rotation": [0, 0, 8.61929],
				"cubes": [
					{"origin": [-3.5, 2.70026, 4.78525], "size": [2, 8, 0], "uv": [20, 71]}
				]
			},
			{
				"name": "bone17",
				"parent": "bone15",
				"pivot": [1.5, 2.70026, 3.47741],
				"rotation": [0, 0, -8.61929],
				"cubes": [
					{"origin": [1.5, 2.70026, 4.78725], "size": [2, 8, 0], "uv": [16, 71]}
				]
			},
			{
				"name": "bone18",
				"parent": "bone",
				"pivot": [0, 3, 0],
				"rotation": [0, -288, 0]
			},
			{
				"name": "bone19",
				"parent": "bone18",
				"pivot": [0, 3, 3.47741],
				"rotation": [12, 0, 0],
				"cubes": [
					{"origin": [-1.5, 2.70026, 4.78625], "size": [3, 8, 0], "uv": [0, 11]}
				]
			},
			{
				"name": "bone20",
				"parent": "bone19",
				"pivot": [-1.5, 2.70026, 3.47741],
				"rotation": [0, 0, 8.61929],
				"cubes": [
					{"origin": [-3.5, 2.70026, 4.78525], "size": [2, 8, 0], "uv": [42, 70]}
				]
			},
			{
				"name": "bone21",
				"parent": "bone19",
				"pivot": [1.5, 2.70026, 3.47741],
				"rotation": [0, 0, -8.61929],
				"cubes": [
					{"origin": [1.5, 2.70026, 4.78725], "size": [2, 8, 0], "uv": [12, 68]}
				]
			},
			{
				"name": "bone26",
				"parent": "sittingRotationSkirt",
				"pivot": [0, 14.5, 0]
			},
			{
				"name": "bone27",
				"parent": "bone26",
				"pivot": [0, 4, 0]
			},
			{
				"name": "bone28",
				"parent": "bone27",
				"pivot": [0, 4, 3.47741],
				"rotation": [12, 0, 0],
				"cubes": [
					{"origin": [-1.5, 5.70026, 4.78625], "size": [3, 6, 0], "uv": [36, 70]}
				]
			},
			{
				"name": "bone29",
				"parent": "bone28",
				"pivot": [-1.5, 3.70026, 3.47741],
				"rotation": [0, 0, 8.61929],
				"cubes": [
					{"origin": [-3.5, 5.70026, 4.78525], "size": [2, 6, 0], "uv": [58, 75]}
				]
			},
			{
				"name": "bone30",
				"parent": "bone28",
				"pivot": [1.5, 3.70026, 3.47741],
				"rotation": [0, 0, -8.61929],
				"cubes": [
					{"origin": [1.5, 5.70026, 4.78725], "size": [2, 6, 0], "uv": [54, 75]}
				]
			},
			{
				"name": "bone31",
				"parent": "bone26",
				"pivot": [0, 4, 0],
				"rotation": [0, -72, 0]
			},
			{
				"name": "bone32",
				"parent": "bone31",
				"pivot": [0, 4, 3.47741],
				"rotation": [12, 0, 0],
				"cubes": [
					{"origin": [-1.5, 5.70026, 4.78625], "size": [3, 6, 0], "uv": [69, 7]}
				]
			},
			{
				"name": "bone33",
				"parent": "bone32",
				"pivot": [-1.5, 3.70026, 3.47741],
				"rotation": [0, 0, 8.61929],
				"cubes": [
					{"origin": [-3.5, 5.70026, 4.78525], "size": [2, 6, 0], "uv": [50, 75]}
				]
			},
			{
				"name": "bone34",
				"parent": "bone32",
				"pivot": [1.5, 3.70026, 3.47741],
				"rotation": [0, 0, -8.61929],
				"cubes": [
					{"origin": [1.5, 5.70026, 4.78725], "size": [2, 6, 0], "uv": [46, 75]}
				]
			},
			{
				"name": "bone35",
				"parent": "bone26",
				"pivot": [0, 4, 0],
				"rotation": [0, -144, 0]
			},
			{
				"name": "bone36",
				"parent": "bone35",
				"pivot": [0, 4, 3.47741],
				"rotation": [12, 0, 0],
				"cubes": [
					{"origin": [-1.5, 5.70026, 4.78625], "size": [3, 6, 0], "uv": [6, 68]}
				]
			},
			{
				"name": "bone37",
				"parent": "bone36",
				"pivot": [-1.5, 3.70026, 3.47741],
				"rotation": [0, 0, 8.61929],
				"cubes": [
					{"origin": [-3.5, 5.70026, 4.78525], "size": [2, 6, 0], "uv": [75, 12]}
				]
			},
			{
				"name": "bone39",
				"parent": "bone36",
				"pivot": [1.5, 3.70026, 3.47741],
				"rotation": [0, 0, -8.61929],
				"cubes": [
					{"origin": [1.5, 5.70026, 4.78725], "size": [2, 6, 0], "uv": [75, 6]}
				]
			},
			{
				"name": "bone40",
				"parent": "bone26",
				"pivot": [0, 4, 0],
				"rotation": [0, -216, 0]
			},
			{
				"name": "bone42",
				"parent": "bone40",
				"pivot": [0, 4, 3.47741],
				"rotation": [12, 0, 0],
				"cubes": [
					{"origin": [-1.5, 5.70026, 4.78625], "size": [3, 6, 0], "uv": [49, 0]}
				]
			},
			{
				"name": "bone43",
				"parent": "bone42",
				"pivot": [-1.5, 3.70026, 3.47741],
				"rotation": [0, 0, 8.61929],
				"cubes": [
					{"origin": [-3.5, 5.70026, 4.78525], "size": [2, 6, 0], "uv": [6, 74]}
				]
			},
			{
				"name": "bone44",
				"parent": "bone42",
				"pivot": [1.5, 3.70026, 3.47741],
				"rotation": [0, 0, -8.61929],
				"cubes": [
					{"origin": [1.5, 5.70026, 4.78725], "size": [2, 6, 0], "uv": [32, 73]}
				]
			},
			{
				"name": "bone54",
				"parent": "bone26",
				"pivot": [0, 4, 0],
				"rotation": [0, -288, 0]
			},
			{
				"name": "bone55",
				"parent": "bone54",
				"pivot": [0, 4, 3.47741],
				"rotation": [12, 0, 0],
				"cubes": [
					{"origin": [-1.5, 5.70026, 4.78625], "size": [3, 6, 0], "uv": [0, 46]}
				]
			},
			{
				"name": "bone56",
				"parent": "bone55",
				"pivot": [-1.5, 3.70026, 3.47741],
				"rotation": [0, 0, 8.61929],
				"cubes": [
					{"origin": [-3.5, 5.70026, 4.78525], "size": [2, 6, 0], "uv": [28, 73]}
				]
			},
			{
				"name": "bone57",
				"parent": "bone55",
				"pivot": [1.5, 3.70026, 3.47741],
				"rotation": [0, 0, -8.61929],
				"cubes": [
					{"origin": [1.5, 5.70026, 4.78725], "size": [2, 6, 0], "uv": [72, 60]}
				]
			},
			{
				"name": "hu",
				"parent": "body",
				"pivot": [0, 10.5, 0]
			},
			{
				"name": "bone58",
				"parent": "hu",
				"pivot": [0, 10.5, 0],
				"cubes": [
					{"origin": [-0.5, 16.5, -4], "size": [1, 1, 1], "uv": [14, 27], "inflate": -0.2}
				]
			},
			{
				"name": "bone62",
				"parent": "hu",
				"pivot": [-4, 9.5, 0],
				"rotation": [0, 0, 25],
				"cubes": [
					{"origin": [-4, 15, -3.5], "size": [1, 3, 0], "uv": [6, 15]}
				]
			},
			{
				"name": "bone61",
				"parent": "hu",
				"pivot": [-2, 10.5, 0],
				"cubes": [
					{"origin": [-2.5, 15.85, -4], "size": [1, 2.5, 1], "uv": [33, 30], "inflate": -0.2}
				]
			},
			{
				"name": "bone59",
				"parent": "hu",
				"pivot": [0, 10.5, 0],
				"rotation": [0, 0, 20],
				"cubes": [
					{"origin": [-4.35, 16.1, -4], "size": [2.35, 1, 1], "uv": [72, 32], "inflate": -0.2}
				]
			},
			{
				"name": "bone60",
				"parent": "hu",
				"pivot": [0, 10.5, 0],
				"rotation": [0, 0, -20],
				"cubes": [
					{"origin": [0.15, 16.1, -4], "size": [2.35, 1, 1], "uv": [72, 21], "inflate": -0.2}
				]
			},
			{
				"name": "hu2",
				"parent": "body",
				"pivot": [0, 10.5, 0]
			},
			{
				"name": "bone64",
				"parent": "hu2",
				"pivot": [4, 9.5, 0],
				"rotation": [0, 0, -25],
				"cubes": [
					{"origin": [3, 15, -3.5], "size": [1, 3, 0], "uv": [0, 0]}
				]
			},
			{
				"name": "bone65",
				"parent": "hu2",
				"pivot": [2, 10.5, 0],
				"cubes": [
					{"origin": [1.5, 15.85, -4], "size": [1, 2.5, 1], "uv": [7, 0], "inflate": -0.2}
				]
			},
			{
				"name": "bone66",
				"parent": "hu2",
				"pivot": [0, 10.5, 0],
				"rotation": [0, 0, -20],
				"cubes": [
					{"origin": [2, 16.1, -4], "size": [2.35, 1, 1], "uv": [72, 19], "inflate": -0.2}
				]
			},
			{
				"name": "bone67",
				"parent": "hu2",
				"pivot": [0, 10.5, 0],
				"rotation": [0, 0, 20],
				"cubes": [
					{"origin": [-2.5, 16.1, -4], "size": [2.35, 1, 1], "uv": [66, 63], "inflate": -0.2}
				]
			},
			{
				"name": "decoration4",
				"parent": "body",
				"pivot": [0, 13, -1],
				"rotation": [0, -45, 0],
				"cubes": [
					{"origin": [-0.5, 11.5, -5.25], "size": [1, 1, 1], "uv": [6, 27]}
				]
			},
			{
				"name": "bone63",
				"parent": "decoration4",
				"pivot": [0, 13, -4],
				"rotation": [0, -20, 0]
			},
			{
				"name": "bone68",
				"parent": "bone63",
				"pivot": [0, 13, -4],
				"rotation": [0, 0, 15],
				"cubes": [
					{"origin": [-1.74118, 11.53407, -5], "size": [2, 1, 1], "uv": [66, 46]}
				]
			},
			{
				"name": "bone69",
				"parent": "bone63",
				"pivot": [0, 13, -4],
				"rotation": [0, 0, -20],
				"cubes": [
					{"origin": [-2.34202, 11.56031, -5], "size": [2, 1, 1], "uv": [53, 60]}
				]
			},
			{
				"name": "bone70",
				"parent": "decoration4",
				"pivot": [0, 13, -4],
				"rotation": [0, 20, 0]
			},
			{
				"name": "bone71",
				"parent": "bone70",
				"pivot": [0, 13, -4],
				"rotation": [0, 0, -15],
				"cubes": [
					{"origin": [-0.25882, 11.53407, -5], "size": [2, 1, 1], "uv": [56, 24]}
				]
			},
			{
				"name": "bone72",
				"parent": "bone70",
				"pivot": [0, 13, -4],
				"rotation": [0, 0, 20],
				"cubes": [
					{"origin": [0.34202, 11.56031, -5], "size": [2, 1, 1], "uv": [24, 36]}
				]
			},
			{
				"name": "bone73",
				"parent": "decoration4",
				"pivot": [0, 13, -5],
				"rotation": [-25, -15, -25],
				"cubes": [
					{"origin": [-1.05467, 9.66983, -4.25904], "size": [1, 2, 0], "uv": [0, 27]}
				]
			},
			{
				"name": "bone74",
				"parent": "decoration4",
				"pivot": [0, 13, -5],
				"rotation": [-25, 15, 25],
				"cubes": [
					{"origin": [0.05467, 9.66983, -4.25904], "size": [1, 2, 0], "uv": [24, 14]}
				]
			},
			{
				"name": "legLeft",
				"pivot": [2, 9, 0],
				"cubes": [
					{"origin": [0.499, 0.1, -1.5], "size": [2.75, 8.9, 3], "uv": [16, 60]},
					{"origin": [0.499, 0.1, -1.5], "size": [2.75, 4, 3], "uv": [46, 60], "inflate": 0.1},
					{"origin": [0.499, 2.8, -1.5], "size": [2.75, 1, 3], "uv": [24, 14], "inflate": 0.12},
					{"origin": [0.499, 0.1, -1.5], "size": [2.75, 2, 3], "uv": [56, 40], "inflate": 0.2}
				]
			},
			{
				"name": "legRight",
				"pivot": [-2, 9, 0],
				"cubes": [
					{"origin": [-3.249, 0.2, -1.5], "size": [2.75, 8.8, 3], "uv": [0, 0]},
					{"origin": [-3.249, 0.2, -1.5], "size": [2.75, 4, 3], "uv": [80, 0], "inflate": 0.1},
					{"origin": [-3.249, 2.8, -1.5], "size": [2.75, 1, 3], "uv": [34, 14], "inflate": 0.12},
					{"origin": [-3.249, 0.2, -1.5], "size": [2.75, 2, 3], "uv": [18, 46], "inflate": 0.2}
				]
			}
		]
	}
}