{
	"format_version": "1.10.0",
	"geometry.model": {
		"texturewidth": 128,
		"textureheight": 128,
		"visible_bounds_width": 4,
		"visible_bounds_height": 4,
		"visible_bounds_offset": [0, 1, 0],
		"bones": [
			{
				"name": "head",
				"pivot": [0, 18, 0],
				"cubes": [
					{"origin": [-4, 18, -4], "size": [8, 8, 8], "uv": [0, 16]},
					{"origin": [-4, 18, -4], "size": [8, 8, 8], "uv": [0, 0], "inflate": 0.1},
					{"origin": [-4, 22, -2], "size": [8, 4, 1.5], "uv": [50, 0], "inflate": 0.15}
				]
			},
			{
				"name": "blink",
				"parent": "head",
				"pivot": [0, 18, 0],
				"cubes": [
					{"origin": [-4, 18, -4.001], "size": [8, 8, 0], "uv": [60, 28]}
				]
			},
			{
				"name": "decoration",
				"parent": "head",
				"pivot": [0, 0, 0],
				"cubes": [
					{"origin": [-1, 24, 4], "size": [2, 4, 1], "uv": [0, 32]}
				]
			},
			{
				"name": "bone229",
				"parent": "decoration",
				"pivot": [0, 25, 4],
				"rotation": [0, 20, 30],
				"cubes": [
					{"origin": [-6, 24, 4], "size": [6, 3, 1], "uv": [76, 28]}
				]
			},
			{
				"name": "bone230",
				"parent": "decoration",
				"pivot": [0, 25, 4],
				"rotation": [0, -20, -30],
				"cubes": [
					{"origin": [0, 24, 4], "size": [6, 3, 1], "uv": [74, 6]}
				]
			},
			{
				"name": "bone231",
				"parent": "decoration",
				"pivot": [0, 25, 4],
				"rotation": [0, 20, 10],
				"cubes": [
					{"origin": [-6, 24, 4], "size": [6, 2, 1], "uv": [76, 49]}
				]
			},
			{
				"name": "bone232",
				"parent": "decoration",
				"pivot": [0, 25, 4],
				"rotation": [0, -20, -10],
				"cubes": [
					{"origin": [0, 24, 4], "size": [6, 2, 1], "uv": [76, 38]}
				]
			},
			{
				"name": "line",
				"parent": "decoration",
				"pivot": [0, 24, 5],
				"rotation": [0, 0, -20]
			},
			{
				"name": "bone233",
				"parent": "line",
				"pivot": [0, 24, 5],
				"rotation": [0, -5, 0],
				"cubes": [
					{"origin": [-3, 23, 5], "size": [3, 2, 0], "uv": [24, 6]}
				]
			},
			{
				"name": "bone234",
				"parent": "line",
				"pivot": [0, 24, 5],
				"rotation": [0, -10, 0],
				"cubes": [
					{"origin": [-4.9885, 23, 5.26146], "size": [2, 2, 0], "uv": [54, 71]}
				]
			},
			{
				"name": "bone235",
				"parent": "line",
				"pivot": [0, 24, 5],
				"rotation": [0, -20, 0],
				"cubes": [
					{"origin": [-5.86713, 23, 6.12372], "size": [1, 2, 0], "uv": [34, 74]}
				]
			},
			{
				"name": "bone236",
				"parent": "line",
				"pivot": [0, 24, 5],
				"rotation": [0, -35, 0],
				"cubes": [
					{"origin": [-6.37612, 23, 7.60492], "size": [1, 2, 0], "uv": [44, 73]}
				]
			},
			{
				"name": "bone237",
				"parent": "line",
				"pivot": [0, 24, 5],
				"rotation": [0, -55, 0],
				"cubes": [
					{"origin": [-6.10031, 23, 9.62953], "size": [1, 2, 0], "uv": [72, 69]}
				]
			},
			{
				"name": "bone238",
				"parent": "line",
				"pivot": [0, 24, 5],
				"rotation": [0, -80, 0],
				"cubes": [
					{"origin": [-4.57182, 23, 11.77379], "size": [1, 2, 0], "uv": [61, 71]}
				]
			},
			{
				"name": "line2",
				"parent": "decoration",
				"pivot": [0, 24, 5],
				"rotation": [0, 0, 20]
			},
			{
				"name": "bone239",
				"parent": "line2",
				"pivot": [0, 24, 5],
				"rotation": [0, 5, 0],
				"cubes": [
					{"origin": [0, 23, 5], "size": [3, 2, 0], "uv": [0, 22]}
				]
			},
			{
				"name": "bone240",
				"parent": "line2",
				"pivot": [0, 24, 5],
				"rotation": [0, 10, 0],
				"cubes": [
					{"origin": [2.9885, 23, 5.26146], "size": [2, 2, 0], "uv": [66, 14]}
				]
			},
			{
				"name": "bone241",
				"parent": "line2",
				"pivot": [0, 24, 5],
				"rotation": [0, 20, 0],
				"cubes": [
					{"origin": [4.86713, 23, 6.12372], "size": [1, 2, 0], "uv": [64, 36]}
				]
			},
			{
				"name": "bone242",
				"parent": "line2",
				"pivot": [0, 24, 5],
				"rotation": [0, 35, 0],
				"cubes": [
					{"origin": [5.37612, 23, 7.60492], "size": [1, 2, 0], "uv": [62, 24]}
				]
			},
			{
				"name": "bone243",
				"parent": "line2",
				"pivot": [0, 24, 5],
				"rotation": [0, 55, 0],
				"cubes": [
					{"origin": [5.10031, 23, 9.62953], "size": [1, 2, 0], "uv": [60, 36]}
				]
			},
			{
				"name": "bone244",
				"parent": "line2",
				"pivot": [0, 24, 5],
				"rotation": [0, 80, 0],
				"cubes": [
					{"origin": [3.57182, 23, 11.77379], "size": [1, 2, 0], "uv": [58, 20]}
				]
			},
			{
				"name": "hair",
				"parent": "head",
				"pivot": [0, 18, 0]
			},
			{
				"name": "bone259",
				"parent": "hair",
				"pivot": [0, 18, -4],
				"rotation": [-5, 0, 0],
				"cubes": [
					{"origin": [-4, 13.99991, -4.001], "size": [1, 4, 0], "uv": [14, 97]},
					{"origin": [3, 14, -4], "size": [1, 4, 0], "uv": [76, 0]}
				]
			},
			{
				"name": "bone260",
				"parent": "hair",
				"pivot": [-4, 18, -4],
				"rotation": [0, 0, 5],
				"cubes": [
					{"origin": [-4, 14, -4], "size": [0, 4, 1], "uv": [78, 9]},
					{"origin": [-4, 10, 3], "size": [0, 8, 1], "uv": [74, 96]}
				]
			},
			{
				"name": "bone261",
				"parent": "hair",
				"pivot": [-4, 18, -4],
				"rotation": [0, 0, 10],
				"cubes": [
					{"origin": [-4, 14, -3], "size": [0, 4, 1], "uv": [57, 73]},
					{"origin": [-4, 10, 2], "size": [0, 8, 1], "uv": [83, 94]}
				]
			},
			{
				"name": "bone262",
				"parent": "hair",
				"pivot": [4, 18, -4],
				"rotation": [0, 0, -5],
				"cubes": [
					{"origin": [4, 14, -4], "size": [0, 4, 1], "uv": [18, 69]},
					{"origin": [4, 10, 3], "size": [0, 8, 1], "uv": [42, 52]}
				]
			},
			{
				"name": "bone263",
				"parent": "hair",
				"pivot": [4, 18, -4],
				"rotation": [0, 0, -10],
				"cubes": [
					{"origin": [4, 14, -3], "size": [0, 4, 1], "uv": [44, 25]},
					{"origin": [4, 10, 2], "size": [0, 8, 1], "uv": [40, 52]}
				]
			},
			{
				"name": "bone264",
				"parent": "hair",
				"pivot": [0, 18, 4],
				"rotation": [5, 0, 0],
				"cubes": [
					{"origin": [-4, 10, 4], "size": [1, 8, 0], "uv": [105, 93]},
					{"origin": [3, 10, 4], "size": [1, 8, 0], "uv": [105, 85]}
				]
			},
			{
				"name": "bone265",
				"parent": "hair",
				"pivot": [0, 18, 4],
				"rotation": [10, 0, 0],
				"cubes": [
					{"origin": [-3, 10, 4], "size": [1, 8, 0], "uv": [105, 75]},
					{"origin": [2, 10, 4], "size": [1, 8, 0], "uv": [105, 67]}
				]
			},
			{
				"name": "bone266",
				"parent": "hair",
				"pivot": [0, 18, 4],
				"rotation": [20, 0, 0],
				"cubes": [
					{"origin": [-2, 10, 4], "size": [1, 8, 0], "uv": [66, 105]},
					{"origin": [1, 10, 4], "size": [1, 8, 0], "uv": [64, 105]}
				]
			},
			{
				"name": "bone267",
				"parent": "hair",
				"pivot": [0, 18, 4],
				"rotation": [25, 0, 0],
				"cubes": [
					{"origin": [-1, 10, 4], "size": [1, 8, 0], "uv": [28, 102]},
					{"origin": [0, 10, 4], "size": [1, 8, 0], "uv": [35, 101]}
				]
			},
			{
				"name": "bone270",
				"parent": "head",
				"pivot": [-4, 22, -2],
				"rotation": [0, 0, 7.5],
				"cubes": [
					{"origin": [-5, 22, -2], "size": [1, 1, 1], "uv": [40, 61]}
				]
			},
			{
				"name": "bone271",
				"parent": "bone270",
				"pivot": [-4, 22, -2],
				"rotation": [-30, 32.5, 0],
				"cubes": [
					{"origin": [-4.5, 22, -4], "size": [0, 1, 2], "uv": [50, 37]}
				]
			},
			{
				"name": "bone274",
				"parent": "bone270",
				"pivot": [-4, 23, -2],
				"rotation": [30, 32.5, 0],
				"cubes": [
					{"origin": [-4.5, 22, -4], "size": [0, 1, 2], "uv": [18, 35]}
				]
			},
			{
				"name": "bone272",
				"parent": "bone270",
				"pivot": [-4, 22, -1],
				"rotation": [30, -32.5, 0],
				"cubes": [
					{"origin": [-4.5, 22, -1], "size": [0, 1, 2], "uv": [50, 3]}
				]
			},
			{
				"name": "bone273",
				"parent": "bone270",
				"pivot": [-4, 23, -1],
				"rotation": [-30, -32.5, 0],
				"cubes": [
					{"origin": [-4.5, 22, -1], "size": [0, 1, 2], "uv": [44, 29]}
				]
			},
			{
				"name": "bone275",
				"parent": "bone270",
				"pivot": [-3, 22, -2],
				"rotation": [0, 0, -32.5],
				"cubes": [
					{"origin": [-3.5, 23, -2], "size": [0, 2, 1], "uv": [48, 27]}
				]
			},
			{
				"name": "bone276",
				"parent": "bone270",
				"pivot": [-3, 23, -2],
				"rotation": [0, 0, 32.5],
				"cubes": [
					{"origin": [-3.5, 20, -2], "size": [0, 2, 1], "uv": [22, 35]}
				]
			},
			{
				"name": "bone277",
				"parent": "bone270",
				"pivot": [-2, 23, -1],
				"rotation": [-35, 10, 20],
				"cubes": [
					{"origin": [-3.5, 17, -1], "size": [0, 5, 1], "uv": [42, 82]}
				]
			},
			{
				"name": "bone278",
				"parent": "bone270",
				"pivot": [-2, 23, -2],
				"rotation": [35, -7.5, 20],
				"cubes": [
					{"origin": [-3.5, 17, -3], "size": [0, 5, 1], "uv": [26, 80]}
				]
			},
			{
				"name": "bone279",
				"parent": "head",
				"pivot": [4, 22, -2],
				"rotation": [0, 0, -7.5],
				"cubes": [
					{"origin": [4, 22, -2], "size": [1, 1, 1], "uv": [58, 24]}
				]
			},
			{
				"name": "bone280",
				"parent": "bone279",
				"pivot": [4, 22, -2],
				"rotation": [-30, -32.5, 0],
				"cubes": [
					{"origin": [4.5, 22, -4], "size": [0, 1, 2], "uv": [0, 35]}
				]
			},
			{
				"name": "bone281",
				"parent": "bone279",
				"pivot": [4, 23, -2],
				"rotation": [30, -32.5, 0],
				"cubes": [
					{"origin": [4.5, 22, -4], "size": [0, 1, 2], "uv": [18, 34]}
				]
			},
			{
				"name": "bone282",
				"parent": "bone279",
				"pivot": [4, 22, -1],
				"rotation": [30, 32.5, 0],
				"cubes": [
					{"origin": [4.5, 22, -1], "size": [0, 1, 2], "uv": [4, 5]}
				]
			},
			{
				"name": "bone283",
				"parent": "bone279",
				"pivot": [4, 23, -1],
				"rotation": [-30, 32.5, 0],
				"cubes": [
					{"origin": [4.5, 22, -1], "size": [0, 1, 2], "uv": [0, 5]}
				]
			},
			{
				"name": "bone284",
				"parent": "bone279",
				"pivot": [3, 22, -2],
				"rotation": [0, 0, 32.5],
				"cubes": [
					{"origin": [3.5, 23, -2], "size": [0, 2, 1], "uv": [30, 5]}
				]
			},
			{
				"name": "bone285",
				"parent": "bone279",
				"pivot": [3, 23, -2],
				"rotation": [0, 0, -32.5],
				"cubes": [
					{"origin": [3.5, 20, -2], "size": [0, 2, 1], "uv": [6, 21]}
				]
			},
			{
				"name": "bone286",
				"parent": "bone279",
				"pivot": [2, 23, -1],
				"rotation": [-35, -10, -20],
				"cubes": [
					{"origin": [3.5, 17, -1], "size": [0, 5, 1], "uv": [16, 69]}
				]
			},
			{
				"name": "bone287",
				"parent": "bone279",
				"pivot": [2, 23, -2],
				"rotation": [35, 7.5, -20],
				"cubes": [
					{"origin": [3.5, 17, -3], "size": [0, 5, 1], "uv": [24, 35]}
				]
			},
			{
				"name": "armRight",
				"pivot": [-3, 17.5, 0],
				"rotation": [0, 0, 25],
				"cubes": [
					{"origin": [-5, 8.5, -1], "size": [2, 8, 2], "uv": [57, 76]},
					{"origin": [-5.5, 9.5, -1.5], "size": [3, 8, 3], "uv": [64, 58], "inflate": -0.2}
				]
			},
			{
				"name": "bone268",
				"parent": "armRight",
				"pivot": [-3, 17.5, 0],
				"rotation": [19, 0, 0],
				"cubes": [
					{"origin": [-5.5, 9.5, -1.5], "size": [3, 8, 3], "uv": [64, 47], "inflate": -0.2}
				]
			},
			{
				"name": "bone269",
				"parent": "armRight",
				"pivot": [-3, 17.5, 0],
				"rotation": [-19, 0, 0],
				"cubes": [
					{"origin": [-5.5, 9.5, -1.5], "size": [3, 8, 3], "uv": [64, 36], "inflate": -0.2}
				]
			},
			{
				"name": "armLeft",
				"pivot": [3, 17.5, 0],
				"rotation": [0, 0, -25],
				"cubes": [
					{"origin": [2.5, 13.5, -1.5], "size": [3, 4, 3], "uv": [16, 74], "inflate": -0.2},
					{"origin": [3, 8.5, -1], "size": [2, 8, 2], "uv": [28, 74]}
				]
			},
			{
				"name": "chestPlate",
				"parent": "armLeft",
				"pivot": [4, 2, 0],
				"cubes": [
					{"origin": [3, 4, 0.732], "size": [2, 8, 1], "uv": [68, 97]},
					{"origin": [3.5, 5, 1.732], "size": [1, 1, 2], "uv": [57, 71]},
					{"origin": [3.00004, 4, -1.73203], "size": [2, 8, 1], "uv": [8, 97]},
					{"origin": [3.5, 5, -3.73203], "size": [1, 1, 2], "uv": [93, 62]}
				]
			},
			{
				"name": "bone12",
				"parent": "chestPlate",
				"pivot": [4, 2, 0],
				"rotation": [0, -60, 0],
				"cubes": [
					{"origin": [3, 4, 0.732], "size": [2, 8, 1], "uv": [62, 96]},
					{"origin": [3.5, 5, 1.732], "size": [1, 1, 2], "uv": [60, 36]},
					{"origin": [2.99996, 4, -1.73208], "size": [2, 8, 1], "uv": [96, 41]},
					{"origin": [3.5, 5, -3.73208], "size": [1, 1, 2], "uv": [92, 27]}
				]
			},
			{
				"name": "bone13",
				"parent": "chestPlate",
				"pivot": [4, 2, 0],
				"rotation": [0, -120, 0],
				"cubes": [
					{"origin": [3, 4, 0.732], "size": [2, 8, 1], "uv": [77, 95]},
					{"origin": [3.5, 5, 1.732], "size": [1, 1, 2], "uv": [44, 28]},
					{"origin": [2.99996, 4, -1.73203], "size": [2, 8, 1], "uv": [56, 95]},
					{"origin": [3.5, 5, -3.73203], "size": [1, 1, 2], "uv": [83, 32]}
				]
			},
			{
				"name": "body",
				"pivot": [0, 10.5, 0],
				"cubes": [
					{"origin": [-3, 8.999, -3], "size": [6, 9, 6], "uv": [32, 0]},
					{"origin": [-3, 8.999, -3], "size": [6, 9, 6], "uv": [0, 32], "inflate": 0.1},
					{"origin": [-3, 8.999, -3], "size": [6, 9, 6], "uv": [26, 26], "inflate": 0.12}
				]
			},
			{
				"name": "sittingRotationSkirt",
				"parent": "body",
				"pivot": [0, 10.5, 0]
			},
			{
				"name": "bone57",
				"parent": "sittingRotationSkirt",
				"pivot": [0, 16.5, 0]
			},
			{
				"name": "bone58",
				"parent": "bone57",
				"pivot": [0, 6, 0]
			},
			{
				"name": "bone59",
				"parent": "bone58",
				"pivot": [0, 6, 6.19607],
				"rotation": [40, 0, 0]
			},
			{
				"name": "bone60",
				"parent": "bone59",
				"pivot": [0, 6, 6.19607],
				"rotation": [0, -45, 0],
				"cubes": [
					{"origin": [-1, 6, 5.19607], "size": [2, 7, 2], "uv": [48, 95]}
				]
			},
			{
				"name": "bone61",
				"parent": "bone57",
				"pivot": [0, 6, 0],
				"rotation": [0, -25.71429, 0]
			},
			{
				"name": "bone62",
				"parent": "bone61",
				"pivot": [0, 6, 6.19607],
				"rotation": [40, 0, 0]
			},
			{
				"name": "bone63",
				"parent": "bone62",
				"pivot": [0, 6, 6.19607],
				"rotation": [0, -45, 0],
				"cubes": [
					{"origin": [-1, 6, 5.19607], "size": [2, 7, 2], "uv": [0, 95]}
				]
			},
			{
				"name": "bone64",
				"parent": "bone57",
				"pivot": [0, 6, 0],
				"rotation": [0, -51.42857, 0]
			},
			{
				"name": "bone65",
				"parent": "bone64",
				"pivot": [0, 6, 6.19607],
				"rotation": [40, 0, 0]
			},
			{
				"name": "bone66",
				"parent": "bone65",
				"pivot": [0, 6, 6.19607],
				"rotation": [0, -45, 0],
				"cubes": [
					{"origin": [-1, 6, 5.19607], "size": [2, 7, 2], "uv": [94, 18]}
				]
			},
			{
				"name": "bone67",
				"parent": "bone57",
				"pivot": [0, 6, 0],
				"rotation": [0, -77.14286, 0]
			},
			{
				"name": "bone68",
				"parent": "bone67",
				"pivot": [0, 6, 6.19607],
				"rotation": [40, 0, 0]
			},
			{
				"name": "bone69",
				"parent": "bone68",
				"pivot": [0, 6, 6.19607],
				"rotation": [0, -45, 0],
				"cubes": [
					{"origin": [-1, 6, 5.19607], "size": [2, 7, 2], "uv": [93, 91]}
				]
			},
			{
				"name": "bone70",
				"parent": "bone57",
				"pivot": [0, 6, 0],
				"rotation": [0, -102.85714, 0]
			},
			{
				"name": "bone71",
				"parent": "bone70",
				"pivot": [0, 6, 6.19607],
				"rotation": [40, 0, 0]
			},
			{
				"name": "bone72",
				"parent": "bone71",
				"pivot": [0, 6, 6.19607],
				"rotation": [0, -45, 0],
				"cubes": [
					{"origin": [-1, 6, 5.19607], "size": [2, 7, 2], "uv": [85, 93]}
				]
			},
			{
				"name": "bone73",
				"parent": "bone57",
				"pivot": [0, 6, 0],
				"rotation": [0, -128.57143, 0]
			},
			{
				"name": "bone74",
				"parent": "bone73",
				"pivot": [0, 6, 6.19607],
				"rotation": [40, 0, 0]
			},
			{
				"name": "bone75",
				"parent": "bone74",
				"pivot": [0, 6, 6.19607],
				"rotation": [0, -45, 0],
				"cubes": [
					{"origin": [-1, 6, 5.19607], "size": [2, 7, 2], "uv": [24, 93]}
				]
			},
			{
				"name": "bone76",
				"parent": "bone57",
				"pivot": [0, 6, 0],
				"rotation": [0, -154.28571, 0]
			},
			{
				"name": "bone77",
				"parent": "bone76",
				"pivot": [0, 6, 6.19607],
				"rotation": [40, 0, 0]
			},
			{
				"name": "bone78",
				"parent": "bone77",
				"pivot": [0, 6, 6.19607],
				"rotation": [0, -45, 0],
				"cubes": [
					{"origin": [-1, 6, 5.19607], "size": [2, 7, 2], "uv": [32, 92]}
				]
			},
			{
				"name": "bone79",
				"parent": "bone57",
				"pivot": [0, 6, 0],
				"rotation": [0, -180, 0]
			},
			{
				"name": "bone80",
				"parent": "bone79",
				"pivot": [0, 6, 6.19607],
				"rotation": [40, 0, 0]
			},
			{
				"name": "bone81",
				"parent": "bone80",
				"pivot": [0, 6, 6.19607],
				"rotation": [0, -45, 0],
				"cubes": [
					{"origin": [-1, 6, 5.19607], "size": [2, 7, 2], "uv": [91, 65]}
				]
			},
			{
				"name": "bone116",
				"parent": "bone57",
				"pivot": [0, 6, 0],
				"rotation": [0, -205.71429, 0]
			},
			{
				"name": "bone117",
				"parent": "bone116",
				"pivot": [0, 6, 6.19607],
				"rotation": [40, 0, 0]
			},
			{
				"name": "bone118",
				"parent": "bone117",
				"pivot": [0, 6, 6.19607],
				"rotation": [0, -45, 0],
				"cubes": [
					{"origin": [-1, 6, 5.19607], "size": [2, 7, 2], "uv": [90, 48]}
				]
			},
			{
				"name": "bone119",
				"parent": "bone57",
				"pivot": [0, 6, 0],
				"rotation": [0, -231.42857, 0]
			},
			{
				"name": "bone120",
				"parent": "bone119",
				"pivot": [0, 6, 6.19607],
				"rotation": [40, 0, 0]
			},
			{
				"name": "bone121",
				"parent": "bone120",
				"pivot": [0, 6, 6.19607],
				"rotation": [0, -45, 0],
				"cubes": [
					{"origin": [-1, 6, 5.19607], "size": [2, 7, 2], "uv": [40, 90]}
				]
			},
			{
				"name": "bone122",
				"parent": "bone57",
				"pivot": [0, 6, 0],
				"rotation": [0, -257.14286, 0]
			},
			{
				"name": "bone123",
				"parent": "bone122",
				"pivot": [0, 6, 6.19607],
				"rotation": [40, 0, 0]
			},
			{
				"name": "bone124",
				"parent": "bone123",
				"pivot": [0, 6, 6.19607],
				"rotation": [0, -45, 0],
				"cubes": [
					{"origin": [-1, 6, 5.19607], "size": [2, 7, 2], "uv": [16, 90]}
				]
			},
			{
				"name": "bone125",
				"parent": "bone57",
				"pivot": [0, 6, 0],
				"rotation": [0, -282.85714, 0]
			},
			{
				"name": "bone126",
				"parent": "bone125",
				"pivot": [0, 6, 6.19607],
				"rotation": [40, 0, 0]
			},
			{
				"name": "bone127",
				"parent": "bone126",
				"pivot": [0, 6, 6.19607],
				"rotation": [0, -45, 0],
				"cubes": [
					{"origin": [-1, 6, 5.19607], "size": [2, 7, 2], "uv": [89, 74]}
				]
			},
			{
				"name": "bone128",
				"parent": "bone57",
				"pivot": [0, 6, 0],
				"rotation": [0, -308.57143, 0]
			},
			{
				"name": "bone129",
				"parent": "bone128",
				"pivot": [0, 6, 6.19607],
				"rotation": [40, 0, 0]
			},
			{
				"name": "bone130",
				"parent": "bone129",
				"pivot": [0, 6, 6.19607],
				"rotation": [0, -45, 0],
				"cubes": [
					{"origin": [-1, 6, 5.19607], "size": [2, 7, 2], "uv": [89, 30]}
				]
			},
			{
				"name": "bone131",
				"parent": "bone57",
				"pivot": [0, 6, 0],
				"rotation": [0, -334.28571, 0]
			},
			{
				"name": "bone132",
				"parent": "bone131",
				"pivot": [0, 6, 6.19607],
				"rotation": [40, 0, 0]
			},
			{
				"name": "bone133",
				"parent": "bone132",
				"pivot": [0, 6, 6.19607],
				"rotation": [0, -45, 0],
				"cubes": [
					{"origin": [-1, 6, 5.19607], "size": [2, 7, 2], "uv": [89, 9]}
				]
			},
			{
				"name": "bone186",
				"parent": "sittingRotationSkirt",
				"pivot": [0, 17.5, 0]
			},
			{
				"name": "bone187",
				"parent": "bone186",
				"pivot": [0, 7, 0]
			},
			{
				"name": "bone188",
				"parent": "bone187",
				"pivot": [0, 7, 6.19607],
				"rotation": [40, 0, 0]
			},
			{
				"name": "bone189",
				"parent": "bone188",
				"pivot": [0, 7, 6.19607],
				"rotation": [0, -45, 0]
			},
			{
				"name": "bone190",
				"parent": "bone186",
				"pivot": [0, 7, 0],
				"rotation": [0, -25.71429, 0]
			},
			{
				"name": "bone191",
				"parent": "bone190",
				"pivot": [0, 7, 6.19607],
				"rotation": [40, 0, 0]
			},
			{
				"name": "bone192",
				"parent": "bone191",
				"pivot": [0, 7, 6.19607],
				"rotation": [0, -45, 0]
			},
			{
				"name": "bone193",
				"parent": "bone186",
				"pivot": [0, 7, 0],
				"rotation": [0, -51.42857, 0]
			},
			{
				"name": "bone194",
				"parent": "bone193",
				"pivot": [0, 7, 6.19607],
				"rotation": [40, 0, 0]
			},
			{
				"name": "bone195",
				"parent": "bone194",
				"pivot": [0, 7, 6.19607],
				"rotation": [0, -45, 0],
				"cubes": [
					{"origin": [-1, 7, 5.19607], "size": [2, 7, 2], "uv": [65, 78]}
				]
			},
			{
				"name": "bone196",
				"parent": "bone186",
				"pivot": [0, 7, 0],
				"rotation": [0, -77.14286, 0]
			},
			{
				"name": "bone197",
				"parent": "bone196",
				"pivot": [0, 7, 6.19607],
				"rotation": [40, 0, 0]
			},
			{
				"name": "bone198",
				"parent": "bone197",
				"pivot": [0, 7, 6.19607],
				"rotation": [0, -45, 0],
				"cubes": [
					{"origin": [-1, 7, 5.19607], "size": [2, 7, 2], "uv": [81, 77]}
				]
			},
			{
				"name": "bone199",
				"parent": "bone186",
				"pivot": [0, 7, 0],
				"rotation": [0, -102.85714, 0]
			},
			{
				"name": "bone200",
				"parent": "bone199",
				"pivot": [0, 7, 6.19607],
				"rotation": [40, 0, 0]
			},
			{
				"name": "bone201",
				"parent": "bone200",
				"pivot": [0, 7, 6.19607],
				"rotation": [0, -45, 0],
				"cubes": [
					{"origin": [-1, 7, 5.19607], "size": [2, 7, 2], "uv": [45, 81]}
				]
			},
			{
				"name": "bone202",
				"parent": "bone186",
				"pivot": [0, 7, 0],
				"rotation": [0, -128.57143, 0]
			},
			{
				"name": "bone203",
				"parent": "bone202",
				"pivot": [0, 7, 6.19607],
				"rotation": [40, 0, 0]
			},
			{
				"name": "bone204",
				"parent": "bone203",
				"pivot": [0, 7, 6.19607],
				"rotation": [0, -45, 0],
				"cubes": [
					{"origin": [-1, 7, 5.19607], "size": [2, 7, 2], "uv": [18, 81]}
				]
			},
			{
				"name": "bone205",
				"parent": "bone186",
				"pivot": [0, 7, 0],
				"rotation": [0, -154.28571, 0]
			},
			{
				"name": "bone206",
				"parent": "bone205",
				"pivot": [0, 7, 6.19607],
				"rotation": [40, 0, 0]
			},
			{
				"name": "bone207",
				"parent": "bone206",
				"pivot": [0, 7, 6.19607],
				"rotation": [0, -45, 0]
			},
			{
				"name": "bone208",
				"parent": "bone186",
				"pivot": [0, 7, 0],
				"rotation": [0, -180, 0]
			},
			{
				"name": "bone209",
				"parent": "bone208",
				"pivot": [0, 7, 6.19607],
				"rotation": [40, 0, 0]
			},
			{
				"name": "bone210",
				"parent": "bone209",
				"pivot": [0, 7, 6.19607],
				"rotation": [0, -45, 0]
			},
			{
				"name": "bone211",
				"parent": "bone186",
				"pivot": [0, 7, 0],
				"rotation": [0, -205.71429, 0]
			},
			{
				"name": "bone212",
				"parent": "bone211",
				"pivot": [0, 7, 6.19607],
				"rotation": [40, 0, 0]
			},
			{
				"name": "bone213",
				"parent": "bone212",
				"pivot": [0, 7, 6.19607],
				"rotation": [0, -45, 0]
			},
			{
				"name": "bone214",
				"parent": "bone186",
				"pivot": [0, 7, 0],
				"rotation": [0, -231.42857, 0]
			},
			{
				"name": "bone215",
				"parent": "bone214",
				"pivot": [0, 7, 6.19607],
				"rotation": [40, 0, 0]
			},
			{
				"name": "bone216",
				"parent": "bone215",
				"pivot": [0, 7, 6.19607],
				"rotation": [0, -45, 0],
				"cubes": [
					{"origin": [-1, 7, 5.19607], "size": [2, 7, 2], "uv": [81, 10]}
				]
			},
			{
				"name": "bone217",
				"parent": "bone186",
				"pivot": [0, 7, 0],
				"rotation": [0, -257.14286, 0]
			},
			{
				"name": "bone218",
				"parent": "bone217",
				"pivot": [0, 7, 6.19607],
				"rotation": [40, 0, 0]
			},
			{
				"name": "bone219",
				"parent": "bone218",
				"pivot": [0, 7, 6.19607],
				"rotation": [0, -45, 0],
				"cubes": [
					{"origin": [-1, 7, 5.19607], "size": [2, 7, 2], "uv": [73, 79]}
				]
			},
			{
				"name": "bone220",
				"parent": "bone186",
				"pivot": [0, 7, 0],
				"rotation": [0, -282.85714, 0]
			},
			{
				"name": "bone221",
				"parent": "bone220",
				"pivot": [0, 7, 6.19607],
				"rotation": [40, 0, 0]
			},
			{
				"name": "bone222",
				"parent": "bone221",
				"pivot": [0, 7, 6.19607],
				"rotation": [0, -45, 0],
				"cubes": [
					{"origin": [-1, 7, 5.19607], "size": [2, 7, 2], "uv": [10, 79]}
				]
			},
			{
				"name": "bone223",
				"parent": "bone186",
				"pivot": [0, 7, 0],
				"rotation": [0, -308.57143, 0]
			},
			{
				"name": "bone224",
				"parent": "bone223",
				"pivot": [0, 7, 6.19607],
				"rotation": [40, 0, 0]
			},
			{
				"name": "bone225",
				"parent": "bone224",
				"pivot": [0, 7, 6.19607],
				"rotation": [0, -45, 0],
				"cubes": [
					{"origin": [-1, 7, 5.19607], "size": [2, 7, 2], "uv": [76, 60]}
				]
			},
			{
				"name": "bone226",
				"parent": "bone186",
				"pivot": [0, 7, 0],
				"rotation": [0, -334.28571, 0]
			},
			{
				"name": "bone227",
				"parent": "bone226",
				"pivot": [0, 7, 6.19607],
				"rotation": [40, 0, 0]
			},
			{
				"name": "bone228",
				"parent": "bone227",
				"pivot": [0, 7, 6.19607],
				"rotation": [0, -45, 0]
			},
			{
				"name": "bone134",
				"parent": "sittingRotationSkirt",
				"pivot": [0, 15.5, 0]
			},
			{
				"name": "bone135",
				"parent": "bone134",
				"pivot": [0, 5, 0]
			},
			{
				"name": "bone136",
				"parent": "bone135",
				"pivot": [0, 5, 6.19607],
				"rotation": [40, 0, 0]
			},
			{
				"name": "bone137",
				"parent": "bone136",
				"pivot": [0, 5, 6.19607],
				"rotation": [0, -45, 0],
				"cubes": [
					{"origin": [-1, 5, 5.19607], "size": [2, 7, 2], "uv": [69, 88]}
				]
			},
			{
				"name": "bone138",
				"parent": "bone134",
				"pivot": [0, 5, 0],
				"rotation": [0, -25.71429, 0]
			},
			{
				"name": "bone139",
				"parent": "bone138",
				"pivot": [0, 5, 6.19607],
				"rotation": [40, 0, 0]
			},
			{
				"name": "bone140",
				"parent": "bone139",
				"pivot": [0, 5, 6.19607],
				"rotation": [0, -45, 0],
				"cubes": [
					{"origin": [-1, 5, 5.19607], "size": [2, 7, 2], "uv": [88, 39]}
				]
			},
			{
				"name": "bone141",
				"parent": "bone134",
				"pivot": [0, 5, 0],
				"rotation": [0, -51.42857, 0]
			},
			{
				"name": "bone142",
				"parent": "bone141",
				"pivot": [0, 5, 6.19607],
				"rotation": [40, 0, 0]
			},
			{
				"name": "bone143",
				"parent": "bone142",
				"pivot": [0, 5, 6.19607],
				"rotation": [0, -45, 0],
				"cubes": [
					{"origin": [-1, 5, 5.19607], "size": [2, 7, 2], "uv": [8, 88]}
				]
			},
			{
				"name": "bone144",
				"parent": "bone134",
				"pivot": [0, 5, 0],
				"rotation": [0, -77.14286, 0]
			},
			{
				"name": "bone145",
				"parent": "bone144",
				"pivot": [0, 5, 6.19607],
				"rotation": [40, 0, 0]
			},
			{
				"name": "bone146",
				"parent": "bone145",
				"pivot": [0, 5, 6.19607],
				"rotation": [0, -45, 0],
				"cubes": [
					{"origin": [-1, 5, 5.19607], "size": [2, 7, 2], "uv": [88, 0]}
				]
			},
			{
				"name": "bone156",
				"parent": "bone134",
				"pivot": [0, 5, 0],
				"rotation": [0, -102.85714, 0]
			},
			{
				"name": "bone157",
				"parent": "bone156",
				"pivot": [0, 5, 6.19607],
				"rotation": [40, 0, 0]
			},
			{
				"name": "bone158",
				"parent": "bone157",
				"pivot": [0, 5, 6.19607],
				"rotation": [0, -45, 0],
				"cubes": [
					{"origin": [-1, 5, 5.19607], "size": [2, 7, 2], "uv": [87, 84]}
				]
			},
			{
				"name": "bone159",
				"parent": "bone134",
				"pivot": [0, 5, 0],
				"rotation": [0, -128.57143, 0]
			},
			{
				"name": "bone160",
				"parent": "bone159",
				"pivot": [0, 5, 6.19607],
				"rotation": [40, 0, 0]
			},
			{
				"name": "bone161",
				"parent": "bone160",
				"pivot": [0, 5, 6.19607],
				"rotation": [0, -45, 0],
				"cubes": [
					{"origin": [-1, 5, 5.19607], "size": [2, 7, 2], "uv": [61, 87]}
				]
			},
			{
				"name": "bone162",
				"parent": "bone134",
				"pivot": [0, 5, 0],
				"rotation": [0, -154.28571, 0]
			},
			{
				"name": "bone163",
				"parent": "bone162",
				"pivot": [0, 5, 6.19607],
				"rotation": [40, 0, 0]
			},
			{
				"name": "bone164",
				"parent": "bone163",
				"pivot": [0, 5, 6.19607],
				"rotation": [0, -45, 0],
				"cubes": [
					{"origin": [-1, 5, 5.19607], "size": [2, 7, 2], "uv": [79, 86]}
				]
			},
			{
				"name": "bone165",
				"parent": "bone134",
				"pivot": [0, 5, 0],
				"rotation": [0, -180, 0]
			},
			{
				"name": "bone166",
				"parent": "bone165",
				"pivot": [0, 5, 6.19607],
				"rotation": [40, 0, 0]
			},
			{
				"name": "bone167",
				"parent": "bone166",
				"pivot": [0, 5, 6.19607],
				"rotation": [0, -45, 0],
				"cubes": [
					{"origin": [-1, 5, 5.19607], "size": [2, 7, 2], "uv": [53, 86]}
				]
			},
			{
				"name": "bone168",
				"parent": "bone134",
				"pivot": [0, 5, 0],
				"rotation": [0, -205.71429, 0]
			},
			{
				"name": "bone169",
				"parent": "bone168",
				"pivot": [0, 5, 6.19607],
				"rotation": [40, 0, 0]
			},
			{
				"name": "bone170",
				"parent": "bone169",
				"pivot": [0, 5, 6.19607],
				"rotation": [0, -45, 0],
				"cubes": [
					{"origin": [-1, 5, 5.19607], "size": [2, 7, 2], "uv": [86, 19]}
				]
			},
			{
				"name": "bone171",
				"parent": "bone134",
				"pivot": [0, 5, 0],
				"rotation": [0, -231.42857, 0]
			},
			{
				"name": "bone172",
				"parent": "bone171",
				"pivot": [0, 5, 6.19607],
				"rotation": [40, 0, 0]
			},
			{
				"name": "bone173",
				"parent": "bone172",
				"pivot": [0, 5, 6.19607],
				"rotation": [0, -45, 0],
				"cubes": [
					{"origin": [-1, 5, 5.19607], "size": [2, 7, 2], "uv": [0, 86]}
				]
			},
			{
				"name": "bone174",
				"parent": "bone134",
				"pivot": [0, 5, 0],
				"rotation": [0, -257.14286, 0]
			},
			{
				"name": "bone175",
				"parent": "bone174",
				"pivot": [0, 5, 6.19607],
				"rotation": [40, 0, 0]
			},
			{
				"name": "bone176",
				"parent": "bone175",
				"pivot": [0, 5, 6.19607],
				"rotation": [0, -45, 0],
				"cubes": [
					{"origin": [-1, 5, 5.19607], "size": [2, 7, 2], "uv": [85, 58]}
				]
			},
			{
				"name": "bone177",
				"parent": "bone134",
				"pivot": [0, 5, 0],
				"rotation": [0, -282.85714, 0]
			},
			{
				"name": "bone178",
				"parent": "bone177",
				"pivot": [0, 5, 6.19607],
				"rotation": [40, 0, 0]
			},
			{
				"name": "bone179",
				"parent": "bone178",
				"pivot": [0, 5, 6.19607],
				"rotation": [0, -45, 0],
				"cubes": [
					{"origin": [-1, 5, 5.19607], "size": [2, 7, 2], "uv": [26, 84]}
				]
			},
			{
				"name": "bone180",
				"parent": "bone134",
				"pivot": [0, 5, 0],
				"rotation": [0, -308.57143, 0]
			},
			{
				"name": "bone181",
				"parent": "bone180",
				"pivot": [0, 5, 6.19607],
				"rotation": [40, 0, 0]
			},
			{
				"name": "bone182",
				"parent": "bone181",
				"pivot": [0, 5, 6.19607],
				"rotation": [0, -45, 0],
				"cubes": [
					{"origin": [-1, 5, 5.19607], "size": [2, 7, 2], "uv": [34, 83]}
				]
			},
			{
				"name": "bone183",
				"parent": "bone134",
				"pivot": [0, 5, 0],
				"rotation": [0, -334.28571, 0]
			},
			{
				"name": "bone184",
				"parent": "bone183",
				"pivot": [0, 5, 6.19607],
				"rotation": [40, 0, 0]
			},
			{
				"name": "bone185",
				"parent": "bone184",
				"pivot": [0, 5, 6.19607],
				"rotation": [0, -45, 0],
				"cubes": [
					{"origin": [-1, 5, 5.19607], "size": [2, 7, 2], "uv": [82, 67]}
				]
			},
			{
				"name": "bone245",
				"parent": "sittingRotationSkirt",
				"pivot": [0, 11.5, 0]
			},
			{
				"name": "bone246",
				"parent": "bone245",
				"pivot": [0, 1, 0],
				"rotation": [19, 0, 0],
				"cubes": [
					{"origin": [-2, -2, 8.11432], "size": [4, 4, 0], "uv": [98, 50]}
				]
			},
			{
				"name": "bone247",
				"parent": "bone245",
				"pivot": [0, 1, 0],
				"rotation": [19, -27.69231, 0],
				"cubes": [
					{"origin": [-2, -2, 8.11432], "size": [4, 4, 0], "uv": [97, 32]}
				]
			},
			{
				"name": "bone248",
				"parent": "bone245",
				"pivot": [0, 1, 0],
				"rotation": [19, -55.38462, 0],
				"cubes": [
					{"origin": [-2, -2, 8.11432], "size": [4, 4, 0], "uv": [97, 11]}
				]
			},
			{
				"name": "bone249",
				"parent": "bone245",
				"pivot": [0, 1, 0],
				"rotation": [19, -83.07692, 0],
				"cubes": [
					{"origin": [-2, -2, 8.11432], "size": [4, 6, 0], "uv": [0, 16]}
				]
			},
			{
				"name": "bone250",
				"parent": "bone245",
				"pivot": [0, 1, 0],
				"rotation": [19, -110.76923, 0],
				"cubes": [
					{"origin": [-2, -2, 8.11432], "size": [4, 4, 0], "uv": [96, 0]}
				]
			},
			{
				"name": "bone251",
				"parent": "bone245",
				"pivot": [0, 1, 0],
				"rotation": [19, -138.46154, 0],
				"cubes": [
					{"origin": [-2, -2, 8.11432], "size": [4, 4, 0], "uv": [95, 85]}
				]
			},
			{
				"name": "bone252",
				"parent": "bone245",
				"pivot": [0, 1, 0],
				"rotation": [19, -166.15385, 0],
				"cubes": [
					{"origin": [-2, -2, 8.11432], "size": [4, 4, 0], "uv": [68, 0]}
				]
			},
			{
				"name": "bone253",
				"parent": "bone245",
				"pivot": [0, 1, 0],
				"rotation": [19, -193.84615, 0],
				"cubes": [
					{"origin": [-2, -2, 8.11432], "size": [4, 4, 0], "uv": [64, 24]}
				]
			},
			{
				"name": "bone254",
				"parent": "bone245",
				"pivot": [0, 1, 0],
				"rotation": [19, -221.53846, 0],
				"cubes": [
					{"origin": [-2, -2, 8.11432], "size": [4, 4, 0], "uv": [52, 16]}
				]
			},
			{
				"name": "bone255",
				"parent": "bone245",
				"pivot": [0, 1, 0],
				"rotation": [19, -249.23077, 0],
				"cubes": [
					{"origin": [-2, -2, 8.11432], "size": [4, 4, 0], "uv": [18, 32]}
				]
			},
			{
				"name": "bone256",
				"parent": "bone245",
				"pivot": [0, 1, 0],
				"rotation": [19, -276.92308, 0],
				"cubes": [
					{"origin": [-2, -2, 8.11432], "size": [4, 7, 0], "uv": [0, 0]}
				]
			},
			{
				"name": "bone257",
				"parent": "bone245",
				"pivot": [0, 1, 0],
				"rotation": [19, -304.61538, 0],
				"cubes": [
					{"origin": [-2, -2, 8.11432], "size": [4, 4, 0], "uv": [24, 20]}
				]
			},
			{
				"name": "bone258",
				"parent": "bone245",
				"pivot": [0, 1, 0],
				"rotation": [19, -332.30769, 0],
				"cubes": [
					{"origin": [-2, -2, 8.11432], "size": [4, 4, 0], "uv": [24, 16]}
				]
			},
			{
				"name": "eye",
				"parent": "body",
				"pivot": [0, 16, -3],
				"cubes": [
					{"origin": [-0.5, 15.866, -3.5], "size": [1, 2, 1], "uv": [8, 112]}
				]
			},
			{
				"name": "bone",
				"parent": "eye",
				"pivot": [0, 16, -3],
				"rotation": [0, 0, -30],
				"cubes": [
					{"origin": [-0.5, 15.866, -3.5], "size": [1, 2, 1], "uv": [112, 3]}
				]
			},
			{
				"name": "bone2",
				"parent": "eye",
				"pivot": [0, 16, -3],
				"rotation": [0, 0, -60],
				"cubes": [
					{"origin": [-0.5, 15.866, -3.5], "size": [1, 2, 1], "uv": [112, 0]}
				]
			},
			{
				"name": "bone3",
				"parent": "eye",
				"pivot": [0, 16, -3],
				"rotation": [0, 0, -90],
				"cubes": [
					{"origin": [-0.5, 15.866, -3.5], "size": [1, 2, 1], "uv": [111, 94]}
				]
			},
			{
				"name": "bone4",
				"parent": "eye",
				"pivot": [0, 16, -3],
				"rotation": [0, 0, -120],
				"cubes": [
					{"origin": [-0.5, 15.866, -3.5], "size": [1, 2, 1], "uv": [111, 91]}
				]
			},
			{
				"name": "bone5",
				"parent": "eye",
				"pivot": [0, 16, -3],
				"rotation": [0, 0, -150],
				"cubes": [
					{"origin": [-0.5, 15.866, -3.5], "size": [1, 2, 1], "uv": [111, 88]}
				]
			},
			{
				"name": "bone6",
				"parent": "eye",
				"pivot": [0, 16, -3],
				"rotation": [0, 0, 180],
				"cubes": [
					{"origin": [-0.5, 15.866, -3.5], "size": [1, 2, 1], "uv": [111, 85]}
				]
			},
			{
				"name": "bone7",
				"parent": "eye",
				"pivot": [0, 16, -3],
				"rotation": [0, 0, 150],
				"cubes": [
					{"origin": [-0.5, 15.866, -3.5], "size": [1, 2, 1], "uv": [111, 82]}
				]
			},
			{
				"name": "bone8",
				"parent": "eye",
				"pivot": [0, 16, -3],
				"rotation": [0, 0, 120],
				"cubes": [
					{"origin": [-0.5, 15.866, -3.5], "size": [1, 2, 1], "uv": [111, 79]}
				]
			},
			{
				"name": "bone9",
				"parent": "eye",
				"pivot": [0, 16, -3],
				"rotation": [0, 0, 90],
				"cubes": [
					{"origin": [-0.5, 15.866, -3.5], "size": [1, 2, 1], "uv": [111, 76]}
				]
			},
			{
				"name": "bone10",
				"parent": "eye",
				"pivot": [0, 16, -3],
				"rotation": [0, 0, 60],
				"cubes": [
					{"origin": [-0.5, 15.866, -3.5], "size": [1, 2, 1], "uv": [76, 111]}
				]
			},
			{
				"name": "bone11",
				"parent": "eye",
				"pivot": [0, 16, -3],
				"rotation": [0, 0, 30],
				"cubes": [
					{"origin": [-0.5, 15.866, -3.5], "size": [1, 2, 1], "uv": [98, 54]}
				]
			},
			{
				"name": "I",
				"parent": "eye",
				"pivot": [0, 16, -3],
				"rotation": [0, -45, 0],
				"cubes": [
					{"origin": [-0.5, 14.5, -3.5], "size": [1, 3, 1], "uv": [111, 72]}
				]
			},
			{
				"name": "I2",
				"parent": "eye",
				"pivot": [0, 16, -3],
				"rotation": [0, -60, 0],
				"cubes": [
					{"origin": [-0.61237, 15, -3.35355], "size": [1, 2, 1], "uv": [97, 15]}
				]
			},
			{
				"name": "I3",
				"parent": "eye",
				"pivot": [0, 16, -3],
				"rotation": [0, -30, 0],
				"cubes": [
					{"origin": [-0.35355, 15, -3.61237], "size": [1, 2, 1], "uv": [91, 57]}
				]
			},
			{
				"name": "I4",
				"parent": "eye",
				"pivot": [0, 16, -3],
				"rotation": [0, -20, 0],
				"cubes": [
					{"origin": [-0.24184, 15.5, -3.66446], "size": [1, 1, 1], "uv": [25, 74]}
				]
			},
			{
				"name": "I5",
				"parent": "eye",
				"pivot": [0, 16, -3],
				"rotation": [0, -70, 0],
				"cubes": [
					{"origin": [-0.66446, 15.5, -3.24184], "size": [1, 1, 1], "uv": [72, 24]}
				]
			},
			{
				"name": "legLeft",
				"pivot": [2, 9, 0],
				"cubes": [
					{"origin": [0.499, 0.1, -1.5], "size": [2.75, 8.9, 3], "uv": [71, 11]},
					{"origin": [0.499, 0.1, -1.5], "size": [2.75, 7, 3], "uv": [72, 69], "inflate": 0.1},
					{"origin": [0.499, 0.1, -1.5], "size": [2.75, 4, 3], "uv": [0, 79], "inflate": 0.2}
				]
			},
			{
				"name": "legRight",
				"pivot": [-2, 9, 0],
				"cubes": [
					{"origin": [-3.249, 0.2, -1.5], "size": [2.75, 8.8, 3], "uv": [47, 70]},
					{"origin": [-3.249, 0.2, -1.5], "size": [2.75, 7, 3], "uv": [37, 73], "inflate": 0.1},
					{"origin": [-3.249, 0.2, -1.5], "size": [2.75, 2, 3], "uv": [95, 27], "inflate": 0.2}
				]
			},
			{
				"name": "wingLeft",
				"pivot": [2, 15, 3],
				"rotation": [0, 60, 0]
			},
			{
				"name": "wingLayer4",
				"parent": "wingLeft",
				"pivot": [3, 16, 3],
				"cubes": [
					{"origin": [2, 13, 3], "size": [1, 3, 1], "uv": [111, 68]}
				]
			},
			{
				"name": "bone82",
				"parent": "wingLayer4",
				"pivot": [2, 5, 0],
				"rotation": [5, 0, 0],
				"cubes": [
					{"origin": [2, 12.60952, 4.94349], "size": [1, 3, 1], "uv": [110, 64]}
				]
			},
			{
				"name": "bone83",
				"parent": "wingLayer4",
				"pivot": [2, 5, 0],
				"rotation": [15, 0, 0],
				"cubes": [
					{"origin": [2, 10.9163, 7.69552], "size": [1, 3, 1], "uv": [110, 48]}
				]
			},
			{
				"name": "bone84",
				"parent": "wingLayer4",
				"pivot": [2, 5, 0],
				"rotation": [30, 0, 0],
				"cubes": [
					{"origin": [2, 7.84484, 10.83634], "size": [1, 4, 1], "uv": [55, 111]}
				]
			},
			{
				"name": "bone85",
				"parent": "wingLayer4",
				"pivot": [2, 5, 0],
				"rotation": [40, 0, 0],
				"cubes": [
					{"origin": [2, 5.6855, 12.84511], "size": [1, 4, 1], "uv": [51, 111]}
				]
			},
			{
				"name": "bone86",
				"parent": "wingLayer4",
				"pivot": [2, 5, 0],
				"rotation": [50, 0, 0],
				"cubes": [
					{"origin": [2, 2.7101, 14.4484], "size": [1, 4, 1], "uv": [47, 111]}
				]
			},
			{
				"name": "bone87",
				"parent": "wingLayer4",
				"pivot": [2, 5, 0],
				"rotation": [60, 0, 0],
				"cubes": [
					{"origin": [2, -0.50603, 15.59749], "size": [1, 5, 1], "uv": [109, 97]}
				]
			},
			{
				"name": "bone88",
				"parent": "wingLayer4",
				"pivot": [2, 5, 0],
				"rotation": [65, 0, 0],
				"cubes": [
					{"origin": [2, -1.95067, 16.49023], "size": [1, 5, 1], "uv": [87, 109]}
				]
			},
			{
				"name": "bone89",
				"parent": "wingLayer4",
				"pivot": [2, 5, 0],
				"rotation": [70, 0, 0],
				"cubes": [
					{"origin": [2, -3.9676, 17.25366], "size": [1, 5, 1], "uv": [83, 109]}
				]
			},
			{
				"name": "bone90",
				"parent": "wingLayer4",
				"pivot": [2, 5, 0],
				"rotation": [75, 0, 0],
				"cubes": [
					{"origin": [2, -6.04534, 17.88198], "size": [1, 6, 1], "uv": [105, 60]}
				]
			},
			{
				"name": "bone91",
				"parent": "wingLayer4",
				"pivot": [2, 5, 0],
				"rotation": [80, 0, 0],
				"cubes": [
					{"origin": [2, -7.67181, 18.37039], "size": [1, 6, 1], "uv": [60, 105]}
				]
			},
			{
				"name": "bone92",
				"parent": "wingLayer4",
				"pivot": [2, 5, 0],
				"rotation": [100, 0, 0],
				"cubes": [
					{"origin": [2, -13.89452, 14.92032], "size": [1, 6, 1], "uv": [105, 53]}
				]
			},
			{
				"name": "wingLayer5",
				"parent": "wingLeft",
				"pivot": [3, 15, 3],
				"rotation": [-5, 0, 0],
				"cubes": [
					{"origin": [1.5, 11, 3], "size": [1, 4, 1], "uv": [4, 111]}
				]
			},
			{
				"name": "bone93",
				"parent": "wingLayer5",
				"pivot": [2, 3.74118, 0.03407],
				"rotation": [5, 0, 0],
				"cubes": [
					{"origin": [1.5, 10.6115, 4.96618], "size": [1, 4, 1], "uv": [0, 111]}
				]
			},
			{
				"name": "bone94",
				"parent": "wingLayer5",
				"pivot": [2, 3.74118, 0.03407],
				"rotation": [15, 0, 0],
				"cubes": [
					{"origin": [1.5, 8.9163, 7.76367], "size": [1, 4, 1], "uv": [100, 110]}
				]
			},
			{
				"name": "bone95",
				"parent": "wingLayer5",
				"pivot": [2, 3.74118, 0.03407],
				"rotation": [30, 0, 0],
				"cubes": [
					{"origin": [1.5, 5.8272, 10.97031], "size": [1, 5, 1], "uv": [109, 58]}
				]
			},
			{
				"name": "bone96",
				"parent": "wingLayer5",
				"pivot": [2, 3.74118, 0.03407],
				"rotation": [35, 0, 0],
				"cubes": [
					{"origin": [1.5, 4.75993, 12.54248], "size": [1, 5, 1], "uv": [109, 52]}
				]
			},
			{
				"name": "bone97",
				"parent": "wingLayer5",
				"pivot": [2, 3.74118, 0.03407],
				"rotation": [40, 0, 0],
				"cubes": [
					{"origin": [1.5, 3.55969, 14.01564], "size": [1, 5, 1], "uv": [109, 27]}
				]
			},
			{
				"name": "bone98",
				"parent": "wingLayer5",
				"pivot": [2, 3.74118, 0.03407],
				"rotation": [45, 0, 0],
				"cubes": [
					{"origin": [1.5, 2.23562, 15.37859], "size": [1, 5, 1], "uv": [24, 109]}
				]
			},
			{
				"name": "bone99",
				"parent": "wingLayer5",
				"pivot": [2, 3.74118, 0.03407],
				"rotation": [50, 0, 0],
				"cubes": [
					{"origin": [1.5, 0.79781, 16.62096], "size": [1, 5, 1], "uv": [40, 108]}
				]
			},
			{
				"name": "bone100",
				"parent": "wingLayer5",
				"pivot": [2, 3.74118, 0.03407],
				"rotation": [55, 0, 0],
				"cubes": [
					{"origin": [1.5, -0.74282, 17.73328], "size": [1, 5, 1], "uv": [36, 108]}
				]
			},
			{
				"name": "bone101",
				"parent": "wingLayer5",
				"pivot": [2, 3.74118, 0.03407],
				"rotation": [60, 0, 0],
				"cubes": [
					{"origin": [1.5, -2.8745, 18.7071], "size": [1, 5, 1], "uv": [30, 108]}
				]
			},
			{
				"name": "bone102",
				"parent": "wingLayer5",
				"pivot": [2, 3.74118, 0.03407],
				"rotation": [70, 0, 0],
				"cubes": [
					{"origin": [1.5, -6.77376, 19.21448], "size": [1, 6, 1], "uv": [105, 28]}
				]
			},
			{
				"name": "bone103",
				"parent": "wingLayer5",
				"pivot": [2, 3.74118, 0.03407],
				"rotation": [75, 0, 0],
				"cubes": [
					{"origin": [1.5, -8.51541, 19.74419], "size": [1, 6, 1], "uv": [79, 104]}
				]
			},
			{
				"name": "bone104",
				"parent": "wingLayer5",
				"pivot": [2, 3.74118, 0.03407],
				"rotation": [80, 0, 0],
				"cubes": [
					{"origin": [1.5, -10.29661, 20.12008], "size": [1, 6, 1], "uv": [75, 104]}
				]
			},
			{
				"name": "bone105",
				"parent": "wingLayer5",
				"pivot": [2, 3.74118, 0.03407],
				"rotation": [83, 0, 0],
				"cubes": [
					{"origin": [1.5, -11.38915, 20.67052], "size": [1, 6, 1], "uv": [56, 104]}
				]
			},
			{
				"name": "bone106",
				"parent": "wingLayer5",
				"pivot": [2, 3.74118, 0.03407],
				"rotation": [95, 0, 0],
				"cubes": [
					{"origin": [1.5, -15.48019, 18.32126], "size": [1, 6, 1], "uv": [52, 104]}
				]
			},
			{
				"name": "bone107",
				"parent": "wingLayer5",
				"pivot": [2, 3.74118, 0.03407],
				"rotation": [110, 0, 0],
				"cubes": [
					{"origin": [1.5, -20.02157, 14.24212], "size": [1, 6, 1], "uv": [48, 104]}
				]
			},
			{
				"name": "wingLayer6",
				"parent": "wingLeft",
				"pivot": [2, 14, 3],
				"rotation": [-15, 0, 0],
				"cubes": [
					{"origin": [1, 10, 3], "size": [1, 4, 1], "uv": [72, 110]}
				]
			},
			{
				"name": "bone108",
				"parent": "wingLayer6",
				"pivot": [1, 2.74118, 0.03407],
				"rotation": [5, 0, 0],
				"cubes": [
					{"origin": [1, 9.6115, 4.96618], "size": [1, 4, 1], "uv": [110, 43]}
				]
			},
			{
				"name": "bone109",
				"parent": "wingLayer6",
				"pivot": [1, 2.74118, 0.03407],
				"rotation": [15, 0, 0],
				"cubes": [
					{"origin": [1, 7.9163, 7.76367], "size": [1, 4, 1], "uv": [110, 38]}
				]
			},
			{
				"name": "bone110",
				"parent": "wingLayer6",
				"pivot": [1, 2.74118, 0.03407],
				"rotation": [25, 0, 0],
				"cubes": [
					{"origin": [1, 5.7534, 10.31111], "size": [1, 5, 1], "uv": [16, 108]}
				]
			},
			{
				"name": "bone111",
				"parent": "wingLayer6",
				"pivot": [1, 2.74118, 0.03407],
				"rotation": [30, 0, 0],
				"cubes": [
					{"origin": [1, 4.74005, 11.9665], "size": [1, 5, 1], "uv": [12, 108]}
				]
			},
			{
				"name": "bone112",
				"parent": "wingLayer6",
				"pivot": [1, 2.74118, 0.03407],
				"rotation": [35, 0, 0],
				"cubes": [
					{"origin": [1, 3.58628, 13.52728], "size": [1, 5, 1], "uv": [108, 0]}
				]
			},
			{
				"name": "bone113",
				"parent": "wingLayer6",
				"pivot": [1, 2.74118, 0.03407],
				"rotation": [40, 0, 0],
				"cubes": [
					{"origin": [1, 2.30087, 14.98157], "size": [1, 5, 1], "uv": [105, 107]}
				]
			},
			{
				"name": "bone114",
				"parent": "wingLayer6",
				"pivot": [1, 2.74118, 0.03407],
				"rotation": [45, 0, 0],
				"cubes": [
					{"origin": [1, 0.8936, 16.31829], "size": [1, 5, 1], "uv": [96, 107]}
				]
			},
			{
				"name": "bone115",
				"parent": "wingLayer6",
				"pivot": [1, 2.74118, 0.03407],
				"rotation": [50, 0, 0],
				"cubes": [
					{"origin": [1, -0.62481, 17.52727], "size": [1, 5, 1], "uv": [92, 107]}
				]
			},
			{
				"name": "bone147",
				"parent": "wingLayer6",
				"pivot": [1, 2.74118, 0.03407],
				"rotation": [55, 0, 0],
				"cubes": [
					{"origin": [1, -2.24282, 18.59931], "size": [1, 5, 1], "uv": [107, 91]}
				]
			},
			{
				"name": "bone148",
				"parent": "wingLayer6",
				"pivot": [1, 2.74118, 0.03407],
				"rotation": [60, 0, 0],
				"cubes": [
					{"origin": [1, -4.4481, 19.52625], "size": [1, 5, 1], "uv": [107, 85]}
				]
			},
			{
				"name": "bone149",
				"parent": "wingLayer6",
				"pivot": [1, 2.74118, 0.03407],
				"rotation": [65, 0, 0],
				"cubes": [
					{"origin": [1, -6.72768, 20.30104], "size": [1, 6, 1], "uv": [4, 104]}
				]
			},
			{
				"name": "bone150",
				"parent": "wingLayer6",
				"pivot": [1, 2.74118, 0.03407],
				"rotation": [70, 0, 0],
				"cubes": [
					{"origin": [1, -8.56802, 20.91778], "size": [1, 6, 1], "uv": [104, 0]}
				]
			},
			{
				"name": "bone151",
				"parent": "wingLayer6",
				"pivot": [1, 2.74118, 0.03407],
				"rotation": [75, 0, 0],
				"cubes": [
					{"origin": [1, -10.45511, 21.37178], "size": [1, 6, 1], "uv": [0, 104]}
				]
			},
			{
				"name": "bone152",
				"parent": "wingLayer6",
				"pivot": [1, 2.74118, 0.03407],
				"rotation": [85, 0, 0],
				"cubes": [
					{"origin": [1, -14.22468, 20.7828], "size": [1, 6, 1], "uv": [101, 103]}
				]
			},
			{
				"name": "bone153",
				"parent": "wingLayer6",
				"pivot": [1, 2.74118, 0.03407],
				"rotation": [95, 0, 0],
				"cubes": [
					{"origin": [1, -18.5347, 19.54818], "size": [1, 6, 1], "uv": [88, 102]}
				]
			},
			{
				"name": "bone154",
				"parent": "wingLayer6",
				"pivot": [1, 2.74118, 0.03407],
				"rotation": [110, 0, 0],
				"cubes": [
					{"origin": [1, -23.64749, 15.07666], "size": [1, 7, 2], "uv": [99, 71]}
				]
			},
			{
				"name": "bone155",
				"parent": "wingLayer6",
				"pivot": [1, 2.74118, 0.03407],
				"rotation": [125, 0, 0],
				"cubes": [
					{"origin": [1, -27.39779, 10.47779], "size": [1, 7, 2], "uv": [99, 62]}
				]
			},
			{
				"name": "wingCloth2",
				"parent": "wingLeft",
				"pivot": [0, 0, 0]
			},
			{
				"name": "cloth8",
				"parent": "wingCloth2",
				"pivot": [0, 0, 0],
				"cubes": [
					{"origin": [0.33, 15, 2.999], "size": [3, 2, 4], "uv": [74, 0]}
				]
			},
			{
				"name": "cloth9",
				"parent": "wingCloth2",
				"pivot": [0, 15, 7],
				"rotation": [45, 0, 0],
				"cubes": [
					{"origin": [0.33, 15.00077, 6.99936], "size": [3, 2, 4], "uv": [73, 54]}
				]
			},
			{
				"name": "cloth10",
				"parent": "wingCloth2",
				"pivot": [0, 18, 10],
				"rotation": [75, 0, 0],
				"cubes": [
					{"origin": [0.33, 18.10351, 9.77983], "size": [3, 2, 4], "uv": [73, 43]}
				]
			},
			{
				"name": "cloth13",
				"parent": "wingCloth2",
				"pivot": [0, 23, 9],
				"rotation": [40, 0, 0],
				"cubes": [
					{"origin": [0.33, 20.41811, 8.44184], "size": [3, 2, 3], "uv": [95, 6]}
				]
			},
			{
				"name": "cloth14",
				"parent": "wingCloth2",
				"pivot": [0, 23, 9],
				"cubes": [
					{"origin": [0.33, 22.12383, 11.24459], "size": [3, 2, 3], "uv": [94, 80]}
				]
			},
			{
				"name": "cloth15",
				"parent": "wingCloth2",
				"pivot": [0, 22, 14],
				"rotation": [15, 0, 0],
				"cubes": [
					{"origin": [0.33, 21.90923, 14.2988], "size": [3, 2, 6], "uv": [58, 16]}
				]
			},
			{
				"name": "darkCloth2",
				"parent": "wingCloth2",
				"pivot": [0, 12, 8],
				"rotation": [15, 0, 0],
				"cubes": [
					{"origin": [0.501, 4.41658, 1.79267], "size": [0, 12, 5], "uv": [10, 42]},
					{"origin": [0.33, 4.41658, 1.79267], "size": [0, 12, 5], "uv": [0, 42]}
				]
			},
			{
				"name": "darkCloth3",
				"parent": "wingCloth2",
				"pivot": [0, 12, 8],
				"rotation": [30, 0, 0],
				"cubes": [
					{"origin": [0.501, 4.98746, 4.87107], "size": [0, 11, 5], "uv": [56, 0]},
					{"origin": [0.33, 4.98746, 4.87107], "size": [0, 11, 5], "uv": [54, 45]}
				]
			},
			{
				"name": "darkCloth4",
				"parent": "wingCloth2",
				"pivot": [0, 14, 12],
				"rotation": [45, 0, 0],
				"cubes": [
					{"origin": [0.501, 8.15635, 7.7497], "size": [0, 11, 5], "uv": [54, 34]},
					{"origin": [0.33, 8.15635, 7.7497], "size": [0, 11, 5], "uv": [10, 54]}
				]
			},
			{
				"name": "darkCloth5",
				"parent": "wingCloth2",
				"pivot": [0, 18, 15],
				"rotation": [60, 0, 0],
				"cubes": [
					{"origin": [0.501, 12.75951, 9.24761], "size": [0, 11, 5], "uv": [0, 54]},
					{"origin": [0.33, 12.75951, 9.24761], "size": [0, 11, 5], "uv": [50, 23]}
				]
			},
			{
				"name": "darkCloth12",
				"parent": "wingCloth2",
				"pivot": [0, 24, 14],
				"rotation": [75, 0, 0],
				"cubes": [
					{"origin": [0.501, 16.61397, 6.38017], "size": [0, 10, 5], "uv": [30, 59]},
					{"origin": [0.33, 16.61397, 6.38017], "size": [0, 10, 5], "uv": [20, 59]}
				]
			},
			{
				"name": "darkCloth13",
				"parent": "wingCloth2",
				"pivot": [0, 24, 14],
				"rotation": [95, 0, 0],
				"cubes": [
					{"origin": [0.501, 17.95544, 9.01199], "size": [0, 9, 4], "uv": [8, 66]},
					{"origin": [0.33, 17.95544, 9.01199], "size": [0, 9, 4], "uv": [66, 1]}
				]
			},
			{
				"name": "cloth16",
				"parent": "wingCloth2",
				"pivot": [0, 18, 10],
				"rotation": [166, 0, 0],
				"cubes": [
					{"origin": [3.333, 13.20814, 10.12596], "size": [0, 5, 1], "uv": [77, 87]}
				]
			},
			{
				"name": "cloth17",
				"parent": "wingCloth2",
				"pivot": [0, 23, 14],
				"rotation": [120, 0, 0],
				"cubes": [
					{"origin": [3.333, 22.95, 13.94003], "size": [0, 4, 1], "uv": [96, 3]},
					{"origin": [3.333, 24.1, 14.94003], "size": [0, 3, 1], "uv": [64, 57]}
				]
			},
			{
				"name": "cloth18",
				"parent": "wingCloth2",
				"pivot": [0, 15, 7],
				"rotation": [104, 0, 0],
				"cubes": [
					{"origin": [3.333, 15.001, 7.00002], "size": [0, 4, 1], "uv": [24, 89]}
				]
			},
			{
				"name": "wingRight",
				"pivot": [-2, 15, 3],
				"rotation": [0, -60, 0]
			},
			{
				"name": "wingLayer1",
				"parent": "wingRight",
				"pivot": [-3, 16, 3],
				"cubes": [
					{"origin": [-3, 13, 3], "size": [1, 3, 1], "uv": [84, 0]}
				]
			},
			{
				"name": "bone14",
				"parent": "wingLayer1",
				"pivot": [-2, 5, 0],
				"rotation": [5, 0, 0],
				"cubes": [
					{"origin": [-3, 12.60952, 4.94349], "size": [1, 3, 1], "uv": [34, 0]}
				]
			},
			{
				"name": "bone15",
				"parent": "wingLayer1",
				"pivot": [-2, 5, 0],
				"rotation": [15, 0, 0],
				"cubes": [
					{"origin": [-3, 10.9163, 7.69552], "size": [1, 3, 1], "uv": [24, 0]}
				]
			},
			{
				"name": "bone16",
				"parent": "wingLayer1",
				"pivot": [-2, 5, 0],
				"rotation": [30, 0, 0],
				"cubes": [
					{"origin": [-3, 7.84484, 10.83634], "size": [1, 4, 1], "uv": [110, 33]}
				]
			},
			{
				"name": "bone17",
				"parent": "wingLayer1",
				"pivot": [-2, 5, 0],
				"rotation": [40, 0, 0],
				"cubes": [
					{"origin": [-3, 5.6855, 12.84511], "size": [1, 4, 1], "uv": [110, 21]}
				]
			},
			{
				"name": "bone18",
				"parent": "wingLayer1",
				"pivot": [-2, 5, 0],
				"rotation": [50, 0, 0],
				"cubes": [
					{"origin": [-3, 2.7101, 14.4484], "size": [1, 4, 1], "uv": [110, 16]}
				]
			},
			{
				"name": "bone19",
				"parent": "wingLayer1",
				"pivot": [-2, 5, 0],
				"rotation": [60, 0, 0],
				"cubes": [
					{"origin": [-3, -0.50603, 15.59749], "size": [1, 5, 1], "uv": [107, 79]}
				]
			},
			{
				"name": "bone20",
				"parent": "wingLayer1",
				"pivot": [-2, 5, 0],
				"rotation": [65, 0, 0],
				"cubes": [
					{"origin": [-3, -1.95067, 16.49023], "size": [1, 5, 1], "uv": [107, 73]}
				]
			},
			{
				"name": "bone21",
				"parent": "wingLayer1",
				"pivot": [-2, 5, 0],
				"rotation": [70, 0, 0],
				"cubes": [
					{"origin": [-3, -3.9676, 17.25366], "size": [1, 5, 1], "uv": [107, 67]}
				]
			},
			{
				"name": "bone22",
				"parent": "wingLayer1",
				"pivot": [-2, 5, 0],
				"rotation": [75, 0, 0],
				"cubes": [
					{"origin": [-3, -6.04534, 17.88198], "size": [1, 6, 1], "uv": [84, 102]}
				]
			},
			{
				"name": "bone23",
				"parent": "wingLayer1",
				"pivot": [-2, 5, 0],
				"rotation": [80, 0, 0],
				"cubes": [
					{"origin": [-3, -7.67181, 18.37039], "size": [1, 6, 1], "uv": [102, 41]}
				]
			},
			{
				"name": "bone24",
				"parent": "wingLayer1",
				"pivot": [-2, 5, 0],
				"rotation": [100, 0, 0],
				"cubes": [
					{"origin": [-3, -13.89452, 14.92032], "size": [1, 6, 1], "uv": [24, 102]}
				]
			},
			{
				"name": "wingLayer2",
				"parent": "wingRight",
				"pivot": [-3, 15, 3],
				"rotation": [-5, 0, 0],
				"cubes": [
					{"origin": [-2.5, 11, 3], "size": [1, 4, 1], "uv": [110, 11]}
				]
			},
			{
				"name": "bone25",
				"parent": "wingLayer2",
				"pivot": [-2, 3.74118, 0.03407],
				"rotation": [5, 0, 0],
				"cubes": [
					{"origin": [-2.5, 10.6115, 4.96618], "size": [1, 4, 1], "uv": [109, 108]}
				]
			},
			{
				"name": "bone26",
				"parent": "wingLayer2",
				"pivot": [-2, 3.74118, 0.03407],
				"rotation": [15, 0, 0],
				"cubes": [
					{"origin": [-2.5, 8.9163, 7.76367], "size": [1, 4, 1], "uv": [109, 103]}
				]
			},
			{
				"name": "bone27",
				"parent": "wingLayer2",
				"pivot": [-2, 3.74118, 0.03407],
				"rotation": [30, 0, 0],
				"cubes": [
					{"origin": [-2.5, 5.8272, 10.97031], "size": [1, 5, 1], "uv": [68, 106]}
				]
			},
			{
				"name": "bone28",
				"parent": "wingLayer2",
				"pivot": [-2, 3.74118, 0.03407],
				"rotation": [35, 0, 0],
				"cubes": [
					{"origin": [-2.5, 4.75993, 12.54248], "size": [1, 5, 1], "uv": [106, 47]}
				]
			},
			{
				"name": "bone29",
				"parent": "wingLayer2",
				"pivot": [-2, 3.74118, 0.03407],
				"rotation": [40, 0, 0],
				"cubes": [
					{"origin": [-2.5, 3.55969, 14.01564], "size": [1, 5, 1], "uv": [44, 106]}
				]
			},
			{
				"name": "bone30",
				"parent": "wingLayer2",
				"pivot": [-2, 3.74118, 0.03407],
				"rotation": [45, 0, 0],
				"cubes": [
					{"origin": [-2.5, 2.23562, 15.37859], "size": [1, 5, 1], "uv": [106, 41]}
				]
			},
			{
				"name": "bone31",
				"parent": "wingLayer2",
				"pivot": [-2, 3.74118, 0.03407],
				"rotation": [50, 0, 0],
				"cubes": [
					{"origin": [-2.5, 0.79781, 16.62096], "size": [1, 5, 1], "uv": [106, 35]}
				]
			},
			{
				"name": "bone32",
				"parent": "wingLayer2",
				"pivot": [-2, 3.74118, 0.03407],
				"rotation": [55, 0, 0],
				"cubes": [
					{"origin": [-2.5, -0.74282, 17.73328], "size": [1, 5, 1], "uv": [106, 22]}
				]
			},
			{
				"name": "bone33",
				"parent": "wingLayer2",
				"pivot": [-2, 3.74118, 0.03407],
				"rotation": [60, 0, 0],
				"cubes": [
					{"origin": [-2.5, -2.8745, 18.7071], "size": [1, 5, 1], "uv": [20, 106]}
				]
			},
			{
				"name": "bone34",
				"parent": "wingLayer2",
				"pivot": [-2, 3.74118, 0.03407],
				"rotation": [70, 0, 0],
				"cubes": [
					{"origin": [-2.5, -6.77376, 19.21448], "size": [1, 6, 1], "uv": [102, 22]}
				]
			},
			{
				"name": "bone35",
				"parent": "wingLayer2",
				"pivot": [-2, 3.74118, 0.03407],
				"rotation": [75, 0, 0],
				"cubes": [
					{"origin": [-2.5, -8.51541, 19.74419], "size": [1, 6, 1], "uv": [102, 15]}
				]
			},
			{
				"name": "bone36",
				"parent": "wingLayer2",
				"pivot": [-2, 3.74118, 0.03407],
				"rotation": [80, 0, 0],
				"cubes": [
					{"origin": [-2.5, -10.29661, 20.12008], "size": [1, 6, 1], "uv": [101, 96]}
				]
			},
			{
				"name": "bone39",
				"parent": "wingLayer2",
				"pivot": [-2, 3.74118, 0.03407],
				"rotation": [83, 0, 0],
				"cubes": [
					{"origin": [-2.5, -11.38915, 20.67052], "size": [1, 6, 1], "uv": [101, 89]}
				]
			},
			{
				"name": "bone37",
				"parent": "wingLayer2",
				"pivot": [-2, 3.74118, 0.03407],
				"rotation": [95, 0, 0],
				"cubes": [
					{"origin": [-2.5, -15.48019, 18.32126], "size": [1, 6, 1], "uv": [31, 101]}
				]
			},
			{
				"name": "bone38",
				"parent": "wingLayer2",
				"pivot": [-2, 3.74118, 0.03407],
				"rotation": [110, 0, 0],
				"cubes": [
					{"origin": [-2.5, -20.02157, 14.24212], "size": [1, 6, 1], "uv": [97, 100]}
				]
			},
			{
				"name": "wingLayer3",
				"parent": "wingRight",
				"pivot": [-2, 14, 3],
				"rotation": [-15, 0, 0],
				"cubes": [
					{"origin": [-2, 10, 3], "size": [1, 4, 1], "uv": [109, 6]}
				]
			},
			{
				"name": "bone40",
				"parent": "wingLayer3",
				"pivot": [-1, 2.74118, 0.03407],
				"rotation": [5, 0, 0],
				"cubes": [
					{"origin": [-2, 9.6115, 4.96618], "size": [1, 4, 1], "uv": [48, 90]}
				]
			},
			{
				"name": "bone41",
				"parent": "wingLayer3",
				"pivot": [-1, 2.74118, 0.03407],
				"rotation": [15, 0, 0],
				"cubes": [
					{"origin": [-2, 7.9163, 7.76367], "size": [1, 4, 1], "uv": [53, 81]}
				]
			},
			{
				"name": "bone42",
				"parent": "wingLayer3",
				"pivot": [-1, 2.74118, 0.03407],
				"rotation": [25, 0, 0],
				"cubes": [
					{"origin": [-2, 5.7534, 10.31111], "size": [1, 5, 1], "uv": [106, 16]}
				]
			},
			{
				"name": "bone43",
				"parent": "wingLayer3",
				"pivot": [-1, 2.74118, 0.03407],
				"rotation": [30, 0, 0],
				"cubes": [
					{"origin": [-2, 4.74005, 11.9665], "size": [1, 5, 1], "uv": [106, 10]}
				]
			},
			{
				"name": "bone44",
				"parent": "wingLayer3",
				"pivot": [-1, 2.74118, 0.03407],
				"rotation": [35, 0, 0],
				"cubes": [
					{"origin": [-2, 3.58628, 13.52728], "size": [1, 5, 1], "uv": [8, 106]}
				]
			},
			{
				"name": "bone45",
				"parent": "wingLayer3",
				"pivot": [-1, 2.74118, 0.03407],
				"rotation": [40, 0, 0],
				"cubes": [
					{"origin": [-2, 2.30087, 14.98157], "size": [1, 5, 1], "uv": [105, 101]}
				]
			},
			{
				"name": "bone46",
				"parent": "wingLayer3",
				"pivot": [-1, 2.74118, 0.03407],
				"rotation": [45, 0, 0],
				"cubes": [
					{"origin": [-2, 0.8936, 16.31829], "size": [1, 5, 1], "uv": [83, 52]}
				]
			},
			{
				"name": "bone47",
				"parent": "wingLayer3",
				"pivot": [-1, 2.74118, 0.03407],
				"rotation": [50, 0, 0],
				"cubes": [
					{"origin": [-2, -0.62481, 17.52727], "size": [1, 5, 1], "uv": [83, 41]}
				]
			},
			{
				"name": "bone48",
				"parent": "wingLayer3",
				"pivot": [-1, 2.74118, 0.03407],
				"rotation": [55, 0, 0],
				"cubes": [
					{"origin": [-2, -2.24282, 18.59931], "size": [1, 5, 1], "uv": [60, 16]}
				]
			},
			{
				"name": "bone49",
				"parent": "wingLayer3",
				"pivot": [-1, 2.74118, 0.03407],
				"rotation": [60, 0, 0],
				"cubes": [
					{"origin": [-2, -4.4481, 19.52625], "size": [1, 5, 1], "uv": [20, 47]}
				]
			},
			{
				"name": "bone50",
				"parent": "wingLayer3",
				"pivot": [-1, 2.74118, 0.03407],
				"rotation": [65, 0, 0],
				"cubes": [
					{"origin": [-2, -6.72768, 20.30104], "size": [1, 6, 1], "uv": [93, 100]}
				]
			},
			{
				"name": "bone51",
				"parent": "wingLayer3",
				"pivot": [-1, 2.74118, 0.03407],
				"rotation": [70, 0, 0],
				"cubes": [
					{"origin": [-2, -8.56802, 20.91778], "size": [1, 6, 1], "uv": [44, 99]}
				]
			},
			{
				"name": "bone52",
				"parent": "wingLayer3",
				"pivot": [-1, 2.74118, 0.03407],
				"rotation": [75, 0, 0],
				"cubes": [
					{"origin": [-2, -10.45511, 21.37178], "size": [1, 6, 1], "uv": [20, 99]}
				]
			},
			{
				"name": "bone53",
				"parent": "wingLayer3",
				"pivot": [-1, 2.74118, 0.03407],
				"rotation": [85, 0, 0],
				"cubes": [
					{"origin": [-2, -14.22468, 20.7828], "size": [1, 6, 1], "uv": [82, 19]}
				]
			},
			{
				"name": "bone54",
				"parent": "wingLayer3",
				"pivot": [-1, 2.74118, 0.03407],
				"rotation": [95, 0, 0],
				"cubes": [
					{"origin": [-2, -18.5347, 19.54818], "size": [1, 6, 1], "uv": [50, 63]}
				]
			},
			{
				"name": "bone55",
				"parent": "wingLayer3",
				"pivot": [-1, 2.74118, 0.03407],
				"rotation": [110, 0, 0],
				"cubes": [
					{"origin": [-2, -23.64749, 15.07666], "size": [1, 7, 2], "uv": [38, 99]}
				]
			},
			{
				"name": "bone56",
				"parent": "wingLayer3",
				"pivot": [-1, 2.74118, 0.03407],
				"rotation": [125, 0, 0],
				"cubes": [
					{"origin": [-2, -27.39779, 10.47779], "size": [1, 7, 2], "uv": [14, 99]}
				]
			},
			{
				"name": "wingCloth",
				"parent": "wingRight",
				"pivot": [0, 0, 0]
			},
			{
				"name": "cloth1",
				"parent": "wingCloth",
				"pivot": [0, 0, 0],
				"cubes": [
					{"origin": [-3.33, 15, 2.999], "size": [3, 2, 4], "uv": [73, 32]}
				]
			},
			{
				"name": "cloth2",
				"parent": "wingCloth",
				"pivot": [0, 15, 7],
				"rotation": [45, 0, 0],
				"cubes": [
					{"origin": [-3.33, 15.00077, 6.99936], "size": [3, 2, 4], "uv": [72, 22]}
				]
			},
			{
				"name": "cloth3",
				"parent": "wingCloth",
				"pivot": [0, 18, 10],
				"rotation": [75, 0, 0],
				"cubes": [
					{"origin": [-3.33, 18.10351, 9.77983], "size": [3, 2, 4], "uv": [24, 0]}
				]
			},
			{
				"name": "cloth4",
				"parent": "wingCloth",
				"pivot": [0, 23, 9],
				"rotation": [40, 0, 0],
				"cubes": [
					{"origin": [-3.33, 20.41811, 8.44184], "size": [3, 2, 3], "uv": [94, 36]}
				]
			},
			{
				"name": "cloth5",
				"parent": "wingCloth",
				"pivot": [0, 23, 9],
				"cubes": [
					{"origin": [-3.33, 22.12383, 11.24459], "size": [3, 2, 3], "uv": [93, 57]}
				]
			},
			{
				"name": "cloth6",
				"parent": "wingCloth",
				"pivot": [0, 22, 14],
				"rotation": [15, 0, 0],
				"cubes": [
					{"origin": [-3.33, 21.90923, 14.2988], "size": [3, 2, 6], "uv": [46, 20]}
				]
			},
			{
				"name": "darkCloth6",
				"parent": "wingCloth",
				"pivot": [0, 12, 8],
				"rotation": [15, 0, 0],
				"cubes": [
					{"origin": [-0.501, 4.41658, 1.79267], "size": [0, 12, 5], "uv": [34, 36]},
					{"origin": [-0.33, 4.41658, 1.79267], "size": [0, 12, 5], "uv": [24, 36]}
				]
			},
			{
				"name": "darkCloth7",
				"parent": "wingCloth",
				"pivot": [0, 12, 8],
				"rotation": [30, 0, 0],
				"cubes": [
					{"origin": [-0.501, 4.98746, 4.87107], "size": [0, 11, 5], "uv": [30, 48]},
					{"origin": [-0.33, 4.98746, 4.87107], "size": [0, 11, 5], "uv": [20, 48]}
				]
			},
			{
				"name": "darkCloth8",
				"parent": "wingCloth",
				"pivot": [0, 14, 12],
				"rotation": [45, 0, 0],
				"cubes": [
					{"origin": [-0.501, 8.15635, 7.7497], "size": [0, 11, 5], "uv": [44, 47]},
					{"origin": [-0.33, 8.15635, 7.7497], "size": [0, 11, 5], "uv": [44, 36]}
				]
			},
			{
				"name": "darkCloth9",
				"parent": "wingCloth",
				"pivot": [0, 18, 15],
				"rotation": [60, 0, 0],
				"cubes": [
					{"origin": [-0.501, 12.75951, 9.24761], "size": [0, 11, 5], "uv": [42, 10]},
					{"origin": [-0.33, 12.75951, 9.24761], "size": [0, 11, 5], "uv": [32, 10]}
				]
			},
			{
				"name": "darkCloth10",
				"parent": "wingCloth",
				"pivot": [0, 24, 14],
				"rotation": [75, 0, 0],
				"cubes": [
					{"origin": [-0.501, 16.61397, 6.38017], "size": [0, 10, 5], "uv": [40, 58]},
					{"origin": [-0.33, 16.61397, 6.38017], "size": [0, 10, 5], "uv": [54, 56]}
				]
			},
			{
				"name": "darkCloth11",
				"parent": "wingCloth",
				"pivot": [0, 24, 14],
				"rotation": [95, 0, 0],
				"cubes": [
					{"origin": [-0.501, 17.95544, 9.01199], "size": [0, 9, 4], "uv": [0, 66]},
					{"origin": [-0.33, 17.95544, 9.01199], "size": [0, 9, 4], "uv": [64, 65]}
				]
			},
			{
				"name": "cloth11",
				"parent": "wingCloth",
				"pivot": [0, 18, 10],
				"rotation": [166, 0, 0],
				"cubes": [
					{"origin": [-3.333, 13.20814, 10.12596], "size": [0, 5, 1], "uv": [87, 51]}
				]
			},
			{
				"name": "cloth7",
				"parent": "wingCloth",
				"pivot": [0, 23, 14],
				"rotation": [120, 0, 0],
				"cubes": [
					{"origin": [-3.333, 22.95, 13.94003], "size": [0, 4, 1], "uv": [16, 87]},
					{"origin": [-3.333, 24.1, 14.94003], "size": [0, 3, 1], "uv": [64, 46]}
				]
			},
			{
				"name": "cloth12",
				"parent": "wingCloth",
				"pivot": [0, 15, 7],
				"rotation": [104, 0, 0],
				"cubes": [
					{"origin": [-3.333, 15.001, 7.00002], "size": [0, 4, 1], "uv": [8, 85]}
				]
			}
		]
	}
}