{
	"format_version": "1.10.0",
	"geometry.model": {
		"texturewidth": 128,
		"textureheight": 128,
		"visible_bounds_width": 3,
		"visible_bounds_height": 5,
		"visible_bounds_offset": [0, 1.5, 0],
		"bones": [
			{
				"name": "head",
				"pivot": [0, 18, 0],
				"cubes": [
					{"origin": [-4, 18, -4], "size": [8, 8, 8], "uv": [56, 56]},
					{"origin": [-4, 18, -4], "size": [8, 8, 8], "uv": [56, 24], "inflate": 0.1},
					{"origin": [-10.5, 11, -11.603], "size": [17, 17, 15], "uv": [0, 32], "inflate": -7.5}
				]
			},
			{
				"name": "blink",
				"parent": "head",
				"pivot": [0, 18, 0],
				"cubes": [
					{"origin": [-4, 18, -4.001], "size": [8, 8, 0], "uv": [64, 45]}
				]
			},
			{
				"name": "ts",
				"parent": "head",
				"pivot": [0, 18, 0]
			},
			{
				"name": "bone92",
				"parent": "ts",
				"pivot": [0, 18, 0],
				"cubes": [
					{"origin": [-4, 24, -2], "size": [8, 2, 1], "uv": [64, 20], "inflate": 0.15}
				]
			},
			{
				"name": "heart",
				"parent": "ts",
				"pivot": [-3, 22, -4],
				"rotation": [0, -135, 50],
				"cubes": [
					{"origin": [-3, 30, -8], "size": [1, 1, 2], "uv": [8, 11]},
					{"origin": [-2, 30, -8], "size": [1, 1, 1], "uv": [50, 64]}
				]
			},
			{
				"name": "headdressMiddle",
				"parent": "head",
				"pivot": [0, 25, 4.5],
				"cubes": [
					{"origin": [-2, 22.5, 3], "size": [4, 4, 3], "uv": [80, 20]}
				]
			},
			{
				"name": "headdressRightBottom",
				"parent": "head",
				"pivot": [0, 24, 4.5],
				"rotation": [0, 5, -55],
				"cubes": [
					{"origin": [-16, 23, 4], "size": [15, 4, 1], "uv": [49, 40]}
				]
			},
			{
				"name": "headdressLeftBottom",
				"parent": "head",
				"pivot": [0, 24, 4.5],
				"rotation": [0, -5, 55],
				"cubes": [
					{"origin": [1, 23, 4], "size": [14, 4, 1], "uv": [64, 15]}
				]
			},
			{
				"name": "armRight",
				"pivot": [-3, 17.5, 0],
				"rotation": [0, 0, 25],
				"cubes": [
					{"origin": [-5, 8.5, -1], "size": [2, 8, 2], "uv": [89, 83]},
					{"origin": [-5.5, 9.5, -1.5], "size": [3, 8, 3], "uv": [12, 79], "inflate": -0.2}
				]
			},
			{
				"name": "armLeft",
				"pivot": [3, 17.5, 0],
				"rotation": [0, 0, -25],
				"cubes": [
					{"origin": [2.5, 9.5, -1.5], "size": [3, 8, 3], "uv": [0, 79], "inflate": -0.2},
					{"origin": [3, 8.5, -1], "size": [2, 8, 2], "uv": [89, 0]}
				]
			},
			{
				"name": "body",
				"pivot": [0, 10.5, 0],
				"cubes": [
					{"origin": [-3, 8.999, -3], "size": [6, 9, 6], "uv": [0, 64]},
					{"origin": [-3, 8.999, -3], "size": [6, 9, 6], "uv": [49, 0], "inflate": 0.1}
				]
			},
			{
				"name": "sittingRotationSkirt",
				"parent": "body",
				"pivot": [0, 10.5, 0]
			},
			{
				"name": "bone",
				"parent": "sittingRotationSkirt",
				"pivot": [0, 15.5, 0]
			},
			{
				"name": "bone2",
				"parent": "bone",
				"pivot": [0, 5, 0]
			},
			{
				"name": "bone3",
				"parent": "bone2",
				"pivot": [0, 5, 6.19607],
				"rotation": [33, 0, 0]
			},
			{
				"name": "bone4",
				"parent": "bone3",
				"pivot": [0, 5, 6.19607],
				"rotation": [0, -45, 0],
				"cubes": [
					{"origin": [-1, 5, 5.19607], "size": [2, 7, 2], "uv": [102, 18]}
				]
			},
			{
				"name": "bone5",
				"parent": "bone",
				"pivot": [0, 5, 0],
				"rotation": [0, -25.71429, 0]
			},
			{
				"name": "bone6",
				"parent": "bone5",
				"pivot": [0, 5, 6.19607],
				"rotation": [33, 0, 0]
			},
			{
				"name": "bone7",
				"parent": "bone6",
				"pivot": [0, 5, 6.19607],
				"rotation": [0, -45, 0],
				"cubes": [
					{"origin": [-1, 5, 5.19607], "size": [2, 7, 2], "uv": [102, 9]}
				]
			},
			{
				"name": "bone8",
				"parent": "bone",
				"pivot": [0, 5, 0],
				"rotation": [0, -51.42857, 0]
			},
			{
				"name": "bone9",
				"parent": "bone8",
				"pivot": [0, 5, 6.19607],
				"rotation": [33, 0, 0]
			},
			{
				"name": "bone10",
				"parent": "bone9",
				"pivot": [0, 5, 6.19607],
				"rotation": [0, -45, 0],
				"cubes": [
					{"origin": [-1, 5, 5.19607], "size": [2, 7, 2], "uv": [82, 100]}
				]
			},
			{
				"name": "bone11",
				"parent": "bone",
				"pivot": [0, 5, 0],
				"rotation": [0, -77.14286, 0]
			},
			{
				"name": "bone12",
				"parent": "bone11",
				"pivot": [0, 5, 6.19607],
				"rotation": [33, 0, 0]
			},
			{
				"name": "bone13",
				"parent": "bone12",
				"pivot": [0, 5, 6.19607],
				"rotation": [0, -45, 0],
				"cubes": [
					{"origin": [-1, 5, 5.19607], "size": [2, 7, 2], "uv": [66, 99]}
				]
			},
			{
				"name": "bone14",
				"parent": "bone",
				"pivot": [0, 5, 0],
				"rotation": [0, -102.85714, 0]
			},
			{
				"name": "bone15",
				"parent": "bone14",
				"pivot": [0, 5, 6.19607],
				"rotation": [33, 0, 0]
			},
			{
				"name": "bone16",
				"parent": "bone15",
				"pivot": [0, 5, 6.19607],
				"rotation": [0, -45, 0],
				"cubes": [
					{"origin": [-1, 5, 5.19607], "size": [2, 7, 2], "uv": [58, 99]}
				]
			},
			{
				"name": "bone17",
				"parent": "bone",
				"pivot": [0, 5, 0],
				"rotation": [0, -128.57143, 0]
			},
			{
				"name": "bone18",
				"parent": "bone17",
				"pivot": [0, 5, 6.19607],
				"rotation": [33, 0, 0]
			},
			{
				"name": "bone19",
				"parent": "bone18",
				"pivot": [0, 5, 6.19607],
				"rotation": [0, -45, 0],
				"cubes": [
					{"origin": [-1, 5, 5.19607], "size": [2, 7, 2], "uv": [24, 99]}
				]
			},
			{
				"name": "bone20",
				"parent": "bone",
				"pivot": [0, 5, 0],
				"rotation": [0, -154.28571, 0]
			},
			{
				"name": "bone21",
				"parent": "bone20",
				"pivot": [0, 5, 6.19607],
				"rotation": [33, 0, 0]
			},
			{
				"name": "bone22",
				"parent": "bone21",
				"pivot": [0, 5, 6.19607],
				"rotation": [0, -45, 0],
				"cubes": [
					{"origin": [-1, 5, 5.19607], "size": [2, 7, 2], "uv": [16, 99]}
				]
			},
			{
				"name": "bone23",
				"parent": "bone",
				"pivot": [0, 5, 0],
				"rotation": [0, -180, 0]
			},
			{
				"name": "bone24",
				"parent": "bone23",
				"pivot": [0, 5, 6.19607],
				"rotation": [33, 0, 0]
			},
			{
				"name": "bone25",
				"parent": "bone24",
				"pivot": [0, 5, 6.19607],
				"rotation": [0, -45, 0],
				"cubes": [
					{"origin": [-1, 5, 5.19607], "size": [2, 7, 2], "uv": [98, 64]}
				]
			},
			{
				"name": "bone26",
				"parent": "bone",
				"pivot": [0, 5, 0],
				"rotation": [0, -205.71429, 0]
			},
			{
				"name": "bone27",
				"parent": "bone26",
				"pivot": [0, 5, 6.19607],
				"rotation": [33, 0, 0]
			},
			{
				"name": "bone28",
				"parent": "bone27",
				"pivot": [0, 5, 6.19607],
				"rotation": [0, -45, 0],
				"cubes": [
					{"origin": [-1, 5, 5.19607], "size": [2, 7, 2], "uv": [50, 98]}
				]
			},
			{
				"name": "bone29",
				"parent": "bone",
				"pivot": [0, 5, 0],
				"rotation": [0, -231.42857, 0]
			},
			{
				"name": "bone30",
				"parent": "bone29",
				"pivot": [0, 5, 6.19607],
				"rotation": [33, 0, 0]
			},
			{
				"name": "bone31",
				"parent": "bone30",
				"pivot": [0, 5, 6.19607],
				"rotation": [0, -45, 0],
				"cubes": [
					{"origin": [-1, 5, 5.19607], "size": [2, 7, 2], "uv": [42, 98]}
				]
			},
			{
				"name": "bone32",
				"parent": "bone",
				"pivot": [0, 5, 0],
				"rotation": [0, -257.14286, 0]
			},
			{
				"name": "bone33",
				"parent": "bone32",
				"pivot": [0, 5, 6.19607],
				"rotation": [33, 0, 0]
			},
			{
				"name": "bone34",
				"parent": "bone33",
				"pivot": [0, 5, 6.19607],
				"rotation": [0, -45, 0],
				"cubes": [
					{"origin": [-1, 5, 5.19607], "size": [2, 7, 2], "uv": [34, 98]}
				]
			},
			{
				"name": "bone35",
				"parent": "bone",
				"pivot": [0, 5, 0],
				"rotation": [0, -282.85714, 0]
			},
			{
				"name": "bone36",
				"parent": "bone35",
				"pivot": [0, 5, 6.19607],
				"rotation": [33, 0, 0]
			},
			{
				"name": "bone37",
				"parent": "bone36",
				"pivot": [0, 5, 6.19607],
				"rotation": [0, -45, 0],
				"cubes": [
					{"origin": [-1, 5, 5.19607], "size": [2, 7, 2], "uv": [97, 94]}
				]
			},
			{
				"name": "bone38",
				"parent": "bone",
				"pivot": [0, 5, 0],
				"rotation": [0, -308.57143, 0]
			},
			{
				"name": "bone39",
				"parent": "bone38",
				"pivot": [0, 5, 6.19607],
				"rotation": [33, 0, 0]
			},
			{
				"name": "bone40",
				"parent": "bone39",
				"pivot": [0, 5, 6.19607],
				"rotation": [0, -45, 0],
				"cubes": [
					{"origin": [-1, 5, 5.19607], "size": [2, 7, 2], "uv": [97, 85]}
				]
			},
			{
				"name": "bone93",
				"parent": "bone",
				"pivot": [0, 5, 0],
				"rotation": [0, -334.28571, 0]
			},
			{
				"name": "bone94",
				"parent": "bone93",
				"pivot": [0, 5, 6.19607],
				"rotation": [33, 0, 0]
			},
			{
				"name": "bone95",
				"parent": "bone94",
				"pivot": [0, 5, 6.19607],
				"rotation": [0, -45, 0],
				"cubes": [
					{"origin": [-1, 5, 5.19607], "size": [2, 7, 2], "uv": [8, 97]}
				]
			},
			{
				"name": "bone96",
				"parent": "sittingRotationSkirt",
				"pivot": [0, 14.5, 0]
			},
			{
				"name": "bone97",
				"parent": "bone96",
				"pivot": [0, 4, 0]
			},
			{
				"name": "bone98",
				"parent": "bone97",
				"pivot": [0, 4, 6.19607],
				"rotation": [33, 0, 0]
			},
			{
				"name": "bone99",
				"parent": "bone98",
				"pivot": [0, 4, 6.19607],
				"rotation": [0, -45, 0],
				"cubes": [
					{"origin": [-1, 4, 5.19607], "size": [2, 7, 2], "uv": [97, 0]}
				]
			},
			{
				"name": "bone100",
				"parent": "bone96",
				"pivot": [0, 4, 0],
				"rotation": [0, -25.71429, 0]
			},
			{
				"name": "bone101",
				"parent": "bone100",
				"pivot": [0, 4, 6.19607],
				"rotation": [33, 0, 0]
			},
			{
				"name": "bone102",
				"parent": "bone101",
				"pivot": [0, 4, 6.19607],
				"rotation": [0, -45, 0],
				"cubes": [
					{"origin": [-1, 4, 5.19607], "size": [2, 7, 2], "uv": [0, 97]}
				]
			},
			{
				"name": "bone103",
				"parent": "bone96",
				"pivot": [0, 4, 0],
				"rotation": [0, -51.42857, 0]
			},
			{
				"name": "bone104",
				"parent": "bone103",
				"pivot": [0, 4, 6.19607],
				"rotation": [33, 0, 0]
			},
			{
				"name": "bone105",
				"parent": "bone104",
				"pivot": [0, 4, 6.19607],
				"rotation": [0, -45, 0],
				"cubes": [
					{"origin": [-1, 4, 5.19607], "size": [2, 7, 2], "uv": [96, 76]}
				]
			},
			{
				"name": "bone106",
				"parent": "bone96",
				"pivot": [0, 4, 0],
				"rotation": [0, -77.14286, 0]
			},
			{
				"name": "bone107",
				"parent": "bone106",
				"pivot": [0, 4, 6.19607],
				"rotation": [33, 0, 0]
			},
			{
				"name": "bone108",
				"parent": "bone107",
				"pivot": [0, 4, 6.19607],
				"rotation": [0, -45, 0],
				"cubes": [
					{"origin": [-1, 4, 5.19607], "size": [2, 7, 2], "uv": [74, 96]}
				]
			},
			{
				"name": "bone109",
				"parent": "bone96",
				"pivot": [0, 4, 0],
				"rotation": [0, -102.85714, 0]
			},
			{
				"name": "bone110",
				"parent": "bone109",
				"pivot": [0, 4, 6.19607],
				"rotation": [33, 0, 0]
			},
			{
				"name": "bone111",
				"parent": "bone110",
				"pivot": [0, 4, 6.19607],
				"rotation": [0, -45, 0],
				"cubes": [
					{"origin": [-1, 4, 5.19607], "size": [2, 7, 2], "uv": [96, 55]}
				]
			},
			{
				"name": "bone112",
				"parent": "bone96",
				"pivot": [0, 4, 0],
				"rotation": [0, -128.57143, 0]
			},
			{
				"name": "bone113",
				"parent": "bone112",
				"pivot": [0, 4, 6.19607],
				"rotation": [33, 0, 0]
			},
			{
				"name": "bone114",
				"parent": "bone113",
				"pivot": [0, 4, 6.19607],
				"rotation": [0, -45, 0],
				"cubes": [
					{"origin": [-1, 4, 5.19607], "size": [2, 7, 2], "uv": [96, 46]}
				]
			},
			{
				"name": "bone115",
				"parent": "bone96",
				"pivot": [0, 4, 0],
				"rotation": [0, -154.28571, 0]
			},
			{
				"name": "bone116",
				"parent": "bone115",
				"pivot": [0, 4, 6.19607],
				"rotation": [33, 0, 0]
			},
			{
				"name": "bone117",
				"parent": "bone116",
				"pivot": [0, 4, 6.19607],
				"rotation": [0, -45, 0],
				"cubes": [
					{"origin": [-1, 4, 5.19607], "size": [2, 7, 2], "uv": [96, 37]}
				]
			},
			{
				"name": "bone118",
				"parent": "bone96",
				"pivot": [0, 4, 0],
				"rotation": [0, -180, 0]
			},
			{
				"name": "bone119",
				"parent": "bone118",
				"pivot": [0, 4, 6.19607],
				"rotation": [33, 0, 0]
			},
			{
				"name": "bone120",
				"parent": "bone119",
				"pivot": [0, 4, 6.19607],
				"rotation": [0, -45, 0],
				"cubes": [
					{"origin": [-1, 4, 5.19607], "size": [2, 7, 2], "uv": [96, 28]}
				]
			},
			{
				"name": "bone121",
				"parent": "bone96",
				"pivot": [0, 4, 0],
				"rotation": [0, -205.71429, 0]
			},
			{
				"name": "bone122",
				"parent": "bone121",
				"pivot": [0, 4, 6.19607],
				"rotation": [33, 0, 0]
			},
			{
				"name": "bone123",
				"parent": "bone122",
				"pivot": [0, 4, 6.19607],
				"rotation": [0, -45, 0],
				"cubes": [
					{"origin": [-1, 4, 5.19607], "size": [2, 7, 2], "uv": [94, 19]}
				]
			},
			{
				"name": "bone124",
				"parent": "bone96",
				"pivot": [0, 4, 0],
				"rotation": [0, -231.42857, 0]
			},
			{
				"name": "bone125",
				"parent": "bone124",
				"pivot": [0, 4, 6.19607],
				"rotation": [33, 0, 0]
			},
			{
				"name": "bone126",
				"parent": "bone125",
				"pivot": [0, 4, 6.19607],
				"rotation": [0, -45, 0],
				"cubes": [
					{"origin": [-1, 4, 5.19607], "size": [2, 7, 2], "uv": [94, 10]}
				]
			},
			{
				"name": "bone127",
				"parent": "bone96",
				"pivot": [0, 4, 0],
				"rotation": [0, -257.14286, 0]
			},
			{
				"name": "bone128",
				"parent": "bone127",
				"pivot": [0, 4, 6.19607],
				"rotation": [33, 0, 0]
			},
			{
				"name": "bone129",
				"parent": "bone128",
				"pivot": [0, 4, 6.19607],
				"rotation": [0, -45, 0],
				"cubes": [
					{"origin": [-1, 4, 5.19607], "size": [2, 7, 2], "uv": [89, 93]}
				]
			},
			{
				"name": "bone130",
				"parent": "bone96",
				"pivot": [0, 4, 0],
				"rotation": [0, -282.85714, 0]
			},
			{
				"name": "bone131",
				"parent": "bone130",
				"pivot": [0, 4, 6.19607],
				"rotation": [33, 0, 0]
			},
			{
				"name": "bone132",
				"parent": "bone131",
				"pivot": [0, 4, 6.19607],
				"rotation": [0, -45, 0],
				"cubes": [
					{"origin": [-1, 4, 5.19607], "size": [2, 7, 2], "uv": [90, 69]}
				]
			},
			{
				"name": "bone133",
				"parent": "bone96",
				"pivot": [0, 4, 0],
				"rotation": [0, -308.57143, 0]
			},
			{
				"name": "bone134",
				"parent": "bone133",
				"pivot": [0, 4, 6.19607],
				"rotation": [33, 0, 0]
			},
			{
				"name": "bone135",
				"parent": "bone134",
				"pivot": [0, 4, 6.19607],
				"rotation": [0, -45, 0],
				"cubes": [
					{"origin": [-1, 4, 5.19607], "size": [2, 7, 2], "uv": [28, 90]}
				]
			},
			{
				"name": "bone136",
				"parent": "bone96",
				"pivot": [0, 4, 0],
				"rotation": [0, -334.28571, 0]
			},
			{
				"name": "bone137",
				"parent": "bone136",
				"pivot": [0, 4, 6.19607],
				"rotation": [33, 0, 0]
			},
			{
				"name": "bone138",
				"parent": "bone137",
				"pivot": [0, 4, 6.19607],
				"rotation": [0, -45, 0],
				"cubes": [
					{"origin": [-1, 4, 5.19607], "size": [2, 7, 2], "uv": [20, 90]}
				]
			},
			{
				"name": "bone139",
				"parent": "sittingRotationSkirt",
				"pivot": [0, 11.5, 0]
			},
			{
				"name": "bone140",
				"parent": "bone139",
				"pivot": [0, 1, 0]
			},
			{
				"name": "bone141",
				"parent": "bone140",
				"pivot": [0, 1, 9.38269],
				"rotation": [32, 0, 0]
			},
			{
				"name": "bone142",
				"parent": "bone141",
				"pivot": [0, 1, 9.38269],
				"rotation": [0, -45, 0],
				"cubes": [
					{"origin": [-1, 1, 8.38269], "size": [2, 13, 2], "uv": [32, 75]}
				]
			},
			{
				"name": "bone143",
				"parent": "bone139",
				"pivot": [0, 1, 0],
				"rotation": [0, -17.14286, 0]
			},
			{
				"name": "bone144",
				"parent": "bone143",
				"pivot": [0, 1, 9.38269],
				"rotation": [32, 0, 0]
			},
			{
				"name": "bone145",
				"parent": "bone144",
				"pivot": [0, 1, 9.38269],
				"rotation": [0, -45, 0],
				"cubes": [
					{"origin": [-1, 1, 8.38269], "size": [2, 13, 2], "uv": [24, 75]}
				]
			},
			{
				"name": "bone146",
				"parent": "bone139",
				"pivot": [0, 1, 0],
				"rotation": [0, -34.28571, 0]
			},
			{
				"name": "bone147",
				"parent": "bone146",
				"pivot": [0, 1, 9.38269],
				"rotation": [32, 0, 0]
			},
			{
				"name": "bone148",
				"parent": "bone147",
				"pivot": [0, 1, 9.38269],
				"rotation": [0, -45, 0],
				"cubes": [
					{"origin": [-1, 1, 8.38269], "size": [2, 13, 2], "uv": [74, 72]}
				]
			},
			{
				"name": "bone149",
				"parent": "bone139",
				"pivot": [0, 1, 0],
				"rotation": [0, -51.42857, 0]
			},
			{
				"name": "bone150",
				"parent": "bone149",
				"pivot": [0, 1, 9.38269],
				"rotation": [32, 0, 0]
			},
			{
				"name": "bone151",
				"parent": "bone150",
				"pivot": [0, 1, 9.38269],
				"rotation": [0, -45, 0],
				"cubes": [
					{"origin": [-1, 1, 8.38269], "size": [2, 13, 2], "uv": [73, 0]}
				]
			},
			{
				"name": "bone152",
				"parent": "bone139",
				"pivot": [0, 1, 0],
				"rotation": [0, -68.57143, 0]
			},
			{
				"name": "bone153",
				"parent": "bone152",
				"pivot": [0, 1, 9.38269],
				"rotation": [32, 0, 0]
			},
			{
				"name": "bone154",
				"parent": "bone153",
				"pivot": [0, 1, 9.38269],
				"rotation": [0, -45, 0],
				"cubes": [
					{"origin": [-1, 1, 8.38269], "size": [2, 13, 2], "uv": [66, 72]}
				]
			},
			{
				"name": "bone155",
				"parent": "bone139",
				"pivot": [0, 1, 0],
				"rotation": [0, -85.71429, 0]
			},
			{
				"name": "bone156",
				"parent": "bone155",
				"pivot": [0, 1, 9.38269],
				"rotation": [32, 0, 0]
			},
			{
				"name": "bone157",
				"parent": "bone156",
				"pivot": [0, 1, 9.38269],
				"rotation": [0, -45, 0],
				"cubes": [
					{"origin": [-1, 2, 8.38269], "size": [2, 12, 2], "uv": [81, 0]}
				]
			},
			{
				"name": "bone158",
				"parent": "bone139",
				"pivot": [0, 1, 0],
				"rotation": [0, -102.85714, 0]
			},
			{
				"name": "bone159",
				"parent": "bone158",
				"pivot": [0, 1, 9.38269],
				"rotation": [32, 0, 0]
			},
			{
				"name": "bone160",
				"parent": "bone159",
				"pivot": [0, 1, 9.38269],
				"rotation": [0, -45, 0],
				"cubes": [
					{"origin": [-1, 3, 8.38269], "size": [2, 11, 2], "uv": [50, 85]}
				]
			},
			{
				"name": "bone161",
				"parent": "bone139",
				"pivot": [0, 1, 0],
				"rotation": [0, -120, 0]
			},
			{
				"name": "bone162",
				"parent": "bone161",
				"pivot": [0, 1, 9.38269],
				"rotation": [32, 0, 0]
			},
			{
				"name": "bone163",
				"parent": "bone162",
				"pivot": [0, 1, 9.38269],
				"rotation": [0, -45, 0],
				"cubes": [
					{"origin": [-1, 4, 8.38269], "size": [2, 10, 2], "uv": [66, 87]}
				]
			},
			{
				"name": "bone164",
				"parent": "bone139",
				"pivot": [0, 1, 0],
				"rotation": [0, -137.14286, 0]
			},
			{
				"name": "bone165",
				"parent": "bone164",
				"pivot": [0, 1, 9.38269],
				"rotation": [32, 0, 0]
			},
			{
				"name": "bone166",
				"parent": "bone165",
				"pivot": [0, 1, 9.38269],
				"rotation": [0, -45, 0],
				"cubes": [
					{"origin": [-1, 5, 8.38269], "size": [2, 9, 2], "uv": [88, 38]}
				]
			},
			{
				"name": "bone167",
				"parent": "bone139",
				"pivot": [0, 1, 0],
				"rotation": [0, -154.28571, 0]
			},
			{
				"name": "bone168",
				"parent": "bone167",
				"pivot": [0, 1, 9.38269],
				"rotation": [32, 0, 0]
			},
			{
				"name": "bone169",
				"parent": "bone168",
				"pivot": [0, 1, 9.38269],
				"rotation": [0, -45, 0],
				"cubes": [
					{"origin": [-1, 6, 8.38269], "size": [2, 8, 2], "uv": [88, 59]}
				]
			},
			{
				"name": "bone170",
				"parent": "bone139",
				"pivot": [0, 1, 0],
				"rotation": [0, -171.42857, 0]
			},
			{
				"name": "bone171",
				"parent": "bone170",
				"pivot": [0, 1, 9.38269],
				"rotation": [32, 0, 0]
			},
			{
				"name": "bone172",
				"parent": "bone171",
				"pivot": [0, 1, 9.38269],
				"rotation": [0, -45, 0]
			},
			{
				"name": "bone173",
				"parent": "bone139",
				"pivot": [0, 1, 0],
				"rotation": [0, -188.57143, 0]
			},
			{
				"name": "bone174",
				"parent": "bone173",
				"pivot": [0, 1, 9.38269],
				"rotation": [32, 0, 0]
			},
			{
				"name": "bone175",
				"parent": "bone174",
				"pivot": [0, 1, 9.38269],
				"rotation": [0, -45, 0]
			},
			{
				"name": "bone176",
				"parent": "bone139",
				"pivot": [0, 1, 0],
				"rotation": [0, -205.71429, 0]
			},
			{
				"name": "bone177",
				"parent": "bone176",
				"pivot": [0, 1, 9.38269],
				"rotation": [32, 0, 0]
			},
			{
				"name": "bone178",
				"parent": "bone177",
				"pivot": [0, 1, 9.38269],
				"rotation": [0, -45, 0],
				"cubes": [
					{"origin": [-1, 6, 8.38269], "size": [2, 8, 2], "uv": [88, 49]}
				]
			},
			{
				"name": "bone179",
				"parent": "bone139",
				"pivot": [0, 1, 0],
				"rotation": [0, -222.85714, 0]
			},
			{
				"name": "bone180",
				"parent": "bone179",
				"pivot": [0, 1, 9.38269],
				"rotation": [32, 0, 0]
			},
			{
				"name": "bone181",
				"parent": "bone180",
				"pivot": [0, 1, 9.38269],
				"rotation": [0, -45, 0],
				"cubes": [
					{"origin": [-1, 5, 8.38269], "size": [2, 9, 2], "uv": [88, 27]}
				]
			},
			{
				"name": "bone182",
				"parent": "bone139",
				"pivot": [0, 1, 0],
				"rotation": [0, -240, 0]
			},
			{
				"name": "bone183",
				"parent": "bone182",
				"pivot": [0, 1, 9.38269],
				"rotation": [32, 0, 0]
			},
			{
				"name": "bone184",
				"parent": "bone183",
				"pivot": [0, 1, 9.38269],
				"rotation": [0, -45, 0],
				"cubes": [
					{"origin": [-1, 4, 8.38269], "size": [2, 10, 2], "uv": [58, 87]}
				]
			},
			{
				"name": "bone185",
				"parent": "bone139",
				"pivot": [0, 1, 0],
				"rotation": [0, -257.14286, 0]
			},
			{
				"name": "bone186",
				"parent": "bone185",
				"pivot": [0, 1, 9.38269],
				"rotation": [32, 0, 0]
			},
			{
				"name": "bone187",
				"parent": "bone186",
				"pivot": [0, 1, 9.38269],
				"rotation": [0, -45, 0],
				"cubes": [
					{"origin": [-1, 3, 8.38269], "size": [2, 11, 2], "uv": [82, 72]}
				]
			},
			{
				"name": "bone188",
				"parent": "bone139",
				"pivot": [0, 1, 0],
				"rotation": [0, -274.28571, 0]
			},
			{
				"name": "bone189",
				"parent": "bone188",
				"pivot": [0, 1, 9.38269],
				"rotation": [32, 0, 0]
			},
			{
				"name": "bone190",
				"parent": "bone189",
				"pivot": [0, 1, 9.38269],
				"rotation": [0, -45, 0],
				"cubes": [
					{"origin": [-1, 2, 8.38269], "size": [2, 12, 2], "uv": [80, 43]}
				]
			},
			{
				"name": "bone191",
				"parent": "bone139",
				"pivot": [0, 1, 0],
				"rotation": [0, -291.42857, 0]
			},
			{
				"name": "bone192",
				"parent": "bone191",
				"pivot": [0, 1, 9.38269],
				"rotation": [32, 0, 0]
			},
			{
				"name": "bone193",
				"parent": "bone192",
				"pivot": [0, 1, 9.38269],
				"rotation": [0, -45, 0],
				"cubes": [
					{"origin": [-1, 1, 8.38269], "size": [2, 13, 2], "uv": [58, 72]}
				]
			},
			{
				"name": "bone194",
				"parent": "bone139",
				"pivot": [0, 1, 0],
				"rotation": [0, -308.57143, 0]
			},
			{
				"name": "bone195",
				"parent": "bone194",
				"pivot": [0, 1, 9.38269],
				"rotation": [32, 0, 0]
			},
			{
				"name": "bone196",
				"parent": "bone195",
				"pivot": [0, 1, 9.38269],
				"rotation": [0, -45, 0],
				"cubes": [
					{"origin": [-1, 1, 8.38269], "size": [2, 13, 2], "uv": [50, 70]}
				]
			},
			{
				"name": "bone197",
				"parent": "bone139",
				"pivot": [0, 1, 0],
				"rotation": [0, -325.71429, 0]
			},
			{
				"name": "bone198",
				"parent": "bone197",
				"pivot": [0, 1, 9.38269],
				"rotation": [32, 0, 0]
			},
			{
				"name": "bone199",
				"parent": "bone198",
				"pivot": [0, 1, 9.38269],
				"rotation": [0, -45, 0],
				"cubes": [
					{"origin": [-1, 1, 8.38269], "size": [2, 13, 2], "uv": [0, 32]}
				]
			},
			{
				"name": "bone200",
				"parent": "bone139",
				"pivot": [0, 1, 0],
				"rotation": [0, -342.85714, 0]
			},
			{
				"name": "bone201",
				"parent": "bone200",
				"pivot": [0, 1, 9.38269],
				"rotation": [32, 0, 0]
			},
			{
				"name": "bone202",
				"parent": "bone201",
				"pivot": [0, 1, 9.38269],
				"rotation": [0, -45, 0],
				"cubes": [
					{"origin": [-1, 1, 8.38269], "size": [2, 13, 2], "uv": [0, 0]}
				]
			},
			{
				"name": "eye",
				"parent": "body",
				"pivot": [0, 0, 0],
				"cubes": [
					{"origin": [0.5, 11, -6], "size": [3, 3, 2], "uv": [102, 73]},
					{"origin": [1.5, 12, -6.2], "size": [1, 1, 0], "uv": [68, 23]},
					{"origin": [1, 11.5, -6.1], "size": [2, 2, 0], "uv": [0, 66]},
					{"origin": [1, 12.75, -6.3], "size": [2, 1, 1], "uv": [57, 45]},
					{"origin": [-6.5, 4, -13.805], "size": [17, 17, 15], "uv": [0, 0], "inflate": -7.5}
				]
			},
			{
				"name": "line",
				"parent": "eye",
				"pivot": [2, 13, -5],
				"rotation": [15, -60, 30]
			},
			{
				"name": "bone41",
				"parent": "line",
				"pivot": [0, 19, 0],
				"cubes": [
					{"origin": [1.9641, 12.93623, -4.58801], "size": [1, 3, 0], "uv": [41, 66]}
				]
			},
			{
				"name": "bone42",
				"parent": "line",
				"pivot": [0, 19, 0],
				"rotation": [-15, 0, 0],
				"cubes": [
					{"origin": [1.9641, 14.85316, -3.63872], "size": [1, 3, 0], "uv": [54, 64]}
				]
			},
			{
				"name": "bone43",
				"parent": "line",
				"pivot": [0, 19, 0],
				"rotation": [-30, 0, 0],
				"cubes": [
					{"origin": [1.9641, 16.95047, -3.21791], "size": [1, 2, 0], "uv": [4, 67]}
				]
			},
			{
				"name": "bone44",
				"parent": "line",
				"pivot": [0, 19, 0],
				"rotation": [-45, 0, 0],
				"cubes": [
					{"origin": [1.9641, 18.1193, -3.09544], "size": [1, 2, 0], "uv": [67, 2]}
				]
			},
			{
				"name": "bone45",
				"parent": "line",
				"pivot": [0, 19, 0],
				"rotation": [-60, 0, 0],
				"cubes": [
					{"origin": [1.9641, 19.28001, -3.27967], "size": [1, 2, 0], "uv": [52, 66]}
				]
			},
			{
				"name": "bone46",
				"parent": "line",
				"pivot": [0, 19, 0],
				"rotation": [-75, 0, 0],
				"cubes": [
					{"origin": [1.9641, 20.35348, -3.75802], "size": [1, 2, 0], "uv": [50, 66]}
				]
			},
			{
				"name": "bone47",
				"parent": "line",
				"pivot": [0, 19, 0],
				"rotation": [-90, 0, 0],
				"cubes": [
					{"origin": [1.9641, 21.26656, -4.49791], "size": [1, 2, 0], "uv": [43, 66]}
				]
			},
			{
				"name": "bone48",
				"parent": "line",
				"pivot": [0, 19, 0],
				"rotation": [-105, 0, 0]
			},
			{
				"name": "line2",
				"parent": "eye",
				"pivot": [3.5, 11, -4],
				"rotation": [0, 0, -25]
			},
			{
				"name": "bone49",
				"parent": "line2",
				"pivot": [0, 0, 0],
				"cubes": [
					{"origin": [3.501, 11, -4], "size": [0, 1, 3], "uv": [8, 1]}
				]
			},
			{
				"name": "bone50",
				"parent": "line2",
				"pivot": [0, 0, 0],
				"rotation": [0, 5, 0],
				"cubes": [
					{"origin": [3.57384, 11, -0.69115], "size": [0, 1, 4], "uv": [6, 28]}
				]
			},
			{
				"name": "bone51",
				"parent": "line2",
				"pivot": [0, 0, 0],
				"rotation": [0, 30, 0],
				"cubes": [
					{"origin": [1.84162, 11, 4.50921], "size": [0, 1, 1], "uv": [13, 34]}
				]
			},
			{
				"name": "bone52",
				"parent": "line2",
				"pivot": [0, 0, 0],
				"rotation": [0, 45, 0],
				"cubes": [
					{"origin": [0.35301, 11, 5.79787], "size": [0, 1, 1], "uv": [13, 32]}
				]
			},
			{
				"name": "bone53",
				"parent": "line2",
				"pivot": [0, 0, 0],
				"rotation": [0, 60, 0],
				"cubes": [
					{"origin": [-1.41844, 11, 6.6576], "size": [0, 1, 1], "uv": [6, 32]}
				]
			},
			{
				"name": "bone54",
				"parent": "line2",
				"pivot": [0, 0, 0],
				"rotation": [0, 75, 0],
				"cubes": [
					{"origin": [-3.352, 11, 7.0293], "size": [0, 1, 1], "uv": [0, 32]}
				]
			},
			{
				"name": "bone55",
				"parent": "line2",
				"pivot": [0, 0, 0],
				"rotation": [0, 90, 0],
				"cubes": [
					{"origin": [-5.31689, 11, 6.88789], "size": [0, 1, 1], "uv": [0, 31]}
				]
			},
			{
				"name": "bone56",
				"parent": "line2",
				"pivot": [0, 0, 0],
				"rotation": [0, 120, 0],
				"cubes": [
					{"origin": [-8.5485, 11, 4.17267], "size": [0, 1, 1], "uv": [12, 11]}
				]
			},
			{
				"name": "bone57",
				"parent": "line2",
				"pivot": [0, 0, 0],
				"rotation": [0, 150, 0],
				"cubes": [
					{"origin": [-9.99042, 11, 0.20491], "size": [0, 1, 1], "uv": [12, 10]}
				]
			},
			{
				"name": "bone58",
				"parent": "line2",
				"pivot": [0, 0, 0],
				"rotation": [0, 180, 0],
				"cubes": [
					{"origin": [-9.25528, 11, -3.95223], "size": [0, 1, 3], "uv": [8, 0]}
				]
			},
			{
				"name": "line3",
				"parent": "eye",
				"pivot": [0.5, 13, -5],
				"rotation": [0, 0, 25]
			},
			{
				"name": "bone59",
				"parent": "line3",
				"pivot": [0, 0, 0],
				"cubes": [
					{"origin": [-2.5, 13, -5], "size": [3, 1, 0], "uv": [8, 14]}
				]
			},
			{
				"name": "bone60",
				"parent": "line3",
				"pivot": [0, 0, 0],
				"rotation": [0, 15, 0],
				"cubes": [
					{"origin": [-3.12072, 13, -5.47668], "size": [2, 1, 0], "uv": [25, 66]}
				]
			},
			{
				"name": "bone61",
				"parent": "line3",
				"pivot": [0, 0, 0],
				"rotation": [0, 30, 0],
				"cubes": [
					{"origin": [-2.59692, 13, -6.09777], "size": [1, 1, 0], "uv": [2, 68]}
				]
			},
			{
				"name": "bone62",
				"parent": "line3",
				"pivot": [0, 0, 0],
				"rotation": [0, 45, 0],
				"cubes": [
					{"origin": [-2.93021, 13, -6.56212], "size": [2, 1, 0], "uv": [64, 55]}
				]
			},
			{
				"name": "bone63",
				"parent": "line3",
				"pivot": [0, 0, 0],
				"rotation": [0, 60, 0],
				"cubes": [
					{"origin": [-3.13196, 13, -7.09692], "size": [2, 1, 0], "uv": [64, 23]}
				]
			},
			{
				"name": "bone64",
				"parent": "line3",
				"pivot": [0, 0, 0],
				"rotation": [0, 75, 0],
				"cubes": [
					{"origin": [-2.18843, 13, -7.66571], "size": [1, 1, 0], "uv": [0, 68]}
				]
			},
			{
				"name": "bone65",
				"parent": "line3",
				"pivot": [0, 0, 0],
				"rotation": [0, 90, 0],
				"cubes": [
					{"origin": [-3.12983, 13, -7.97091], "size": [3, 1, 0], "uv": [8, 2]}
				]
			},
			{
				"name": "bone66",
				"parent": "line3",
				"pivot": [-8, 13, 3],
				"rotation": [-30, 0, 0],
				"cubes": [
					{"origin": [-7.96991, 12.93094, 2.61243], "size": [0, 1, 1], "uv": [12, 8]}
				]
			},
			{
				"name": "bone67",
				"parent": "line3",
				"pivot": [-8, 13, 3],
				"rotation": [-60, 0, 0],
				"cubes": [
					{"origin": [-7.96991, 13.11243, 3.06491], "size": [0, 1, 1], "uv": [12, 7]}
				]
			},
			{
				"name": "bone68",
				"parent": "line3",
				"pivot": [-8, 13, 3],
				"rotation": [-90, 0, 0],
				"cubes": [
					{"origin": [-7.96991, 13.49585, 3.36603], "size": [0, 1, 1], "uv": [12, 5]}
				]
			},
			{
				"name": "bone69",
				"parent": "line3",
				"pivot": [-8, 13, 3],
				"rotation": [-120, 0, 0],
				"cubes": [
					{"origin": [-7.96991, 13.97846, 3.43509], "size": [0, 1, 1], "uv": [12, 4]}
				]
			},
			{
				"name": "bone70",
				"parent": "line3",
				"pivot": [-8, 13, 3],
				"rotation": [-135, 0, 0],
				"cubes": [
					{"origin": [-7.96991, 14.28247, 3.87412], "size": [0, 1, 1], "uv": [8, 11]}
				]
			},
			{
				"name": "bone71",
				"parent": "line3",
				"pivot": [-8, 13, 3],
				"rotation": [-150, 0, 0],
				"cubes": [
					{"origin": [-7.96991, 14.68976, 4.21952], "size": [0, 1, 1], "uv": [8, 10]}
				]
			},
			{
				"name": "bone72",
				"parent": "line3",
				"pivot": [-8, 13, 3],
				"rotation": [-165, 0, 0],
				"cubes": [
					{"origin": [-7.96991, 15.17256, 4.44773], "size": [0, 1, 1], "uv": [8, 8]}
				]
			},
			{
				"name": "bone73",
				"parent": "line3",
				"pivot": [-8, 13, 3],
				"rotation": [180, 0, 0],
				"cubes": [
					{"origin": [-7.96991, 15.69798, 4.5432], "size": [0, 1, 1], "uv": [0, 0]}
				]
			},
			{
				"name": "line4",
				"parent": "eye",
				"pivot": [0, 0, 0]
			},
			{
				"name": "bone74",
				"parent": "line4",
				"pivot": [0, 0, 0],
				"cubes": [
					{"origin": [-0.5, 12, -4.001], "size": [1, 1, 0], "uv": [54, 67]}
				]
			},
			{
				"name": "bone75",
				"parent": "line4",
				"pivot": [0, 0, 0],
				"rotation": [0, 15, 0],
				"cubes": [
					{"origin": [-0.44743, 12, -3.99408], "size": [1, 1, 0], "uv": [67, 5]}
				]
			},
			{
				"name": "bone76",
				"parent": "line4",
				"pivot": [0, 0, 0],
				"rotation": [0, 30, 0],
				"cubes": [
					{"origin": [-0.39844, 12, -3.97379], "size": [1, 1, 0], "uv": [67, 4]}
				]
			},
			{
				"name": "bone77",
				"parent": "line4",
				"pivot": [0, 0, 0],
				"rotation": [0, 45, 0],
				"cubes": [
					{"origin": [-0.35637, 12, -3.94151], "size": [1, 1, 0], "uv": [49, 64]}
				]
			},
			{
				"name": "bone78",
				"parent": "line4",
				"pivot": [0, 0, 0],
				"rotation": [0, 60, 0],
				"cubes": [
					{"origin": [-0.32409, 12, -3.89944], "size": [1, 1, 0], "uv": [44, 64]}
				]
			},
			{
				"name": "bone79",
				"parent": "line4",
				"pivot": [0, 0, 0],
				"rotation": [0, 75, 0],
				"cubes": [
					{"origin": [-0.3038, 12, -3.85045], "size": [1, 1, 0], "uv": [62, 45]}
				]
			},
			{
				"name": "bone80",
				"parent": "line4",
				"pivot": [0, 0, 0],
				"rotation": [0, 90, 0],
				"cubes": [
					{"origin": [-0.29688, 12, -3.79788], "size": [1, 1, 0], "uv": [56, 45]}
				]
			},
			{
				"name": "bone81",
				"parent": "line4",
				"pivot": [0, 0, 0],
				"rotation": [0, 105, 0],
				"cubes": [
					{"origin": [-0.3038, 12, -3.7453], "size": [1, 1, 0], "uv": [54, 38]}
				]
			},
			{
				"name": "bone82",
				"parent": "line4",
				"pivot": [0, 0, 0],
				"rotation": [0, 120, 0],
				"cubes": [
					{"origin": [-0.32409, 12, -3.69632], "size": [1, 1, 0], "uv": [54, 36]}
				]
			},
			{
				"name": "bone83",
				"parent": "line4",
				"pivot": [0, 0, 0],
				"rotation": [0, 135, 0],
				"cubes": [
					{"origin": [-0.35637, 12, -3.65425], "size": [1, 1, 0], "uv": [54, 34]}
				]
			},
			{
				"name": "bone84",
				"parent": "line4",
				"pivot": [0, 0, 0],
				"rotation": [0, 150, 0],
				"cubes": [
					{"origin": [-0.39844, 12, -3.62197], "size": [1, 1, 0], "uv": [54, 32]}
				]
			},
			{
				"name": "bone85",
				"parent": "line4",
				"pivot": [0, 0, 0],
				"rotation": [0, 165, 0],
				"cubes": [
					{"origin": [-0.44743, 12, -3.60168], "size": [1, 1, 0], "uv": [13, 45]}
				]
			},
			{
				"name": "bone86",
				"parent": "line4",
				"pivot": [0, 0, 0],
				"cubes": [
					{"origin": [-0.5, 12, 3.59375], "size": [1, 1, 0], "uv": [13, 43]}
				]
			},
			{
				"name": "bone87",
				"parent": "line4",
				"pivot": [0, 0, 0],
				"rotation": [0, 0, -30],
				"cubes": [
					{"origin": [6.43301, 10.1423, 3.59375], "size": [1, 1, 0], "uv": [13, 41]}
				]
			},
			{
				"name": "bone88",
				"parent": "line4",
				"pivot": [0, 0, 0],
				"rotation": [0, 0, -60],
				"cubes": [
					{"origin": [11.50833, 5.06699, 3.59375], "size": [1, 1, 0], "uv": [13, 39]}
				]
			},
			{
				"name": "bone89",
				"parent": "line4",
				"pivot": [0, 0, 0],
				"cubes": [
					{"origin": [0.86603, 13.36603, 3.59375], "size": [1, 1, 0], "uv": [13, 37]}
				]
			},
			{
				"name": "bone90",
				"parent": "line4",
				"pivot": [0, 0, 0],
				"rotation": [15, 0, 0],
				"cubes": [
					{"origin": [0.86603, 12.94638, 7.1895], "size": [1, 1, 0], "uv": [13, 0]}
				]
			},
			{
				"name": "bone91",
				"parent": "line4",
				"pivot": [0, 0, 0],
				"rotation": [30, 0, 0],
				"cubes": [
					{"origin": [0.86603, 11.61039, 10.55411], "size": [1, 1, 0], "uv": [0, 0]}
				]
			},
			{
				"name": "heart4",
				"parent": "eye",
				"pivot": [3, 12.5, 0],
				"rotation": [45, 0, 0],
				"cubes": [
					{"origin": [-9.5, 12.5, 0], "size": [1, 1, 2], "uv": [8, 8]},
					{"origin": [-9.5, 13.5, 0], "size": [1, 1, 1], "uv": [25, 64]}
				]
			},
			{
				"name": "heart3",
				"parent": "eye",
				"pivot": [20, 18.5, 0],
				"rotation": [50, 7.5, -27.5],
				"cubes": [
					{"origin": [7.5, 18.5, 0], "size": [1, 1, 2], "uv": [8, 5]},
					{"origin": [7.5, 19.5, 0], "size": [1, 1, 1], "uv": [0, 64]}
				]
			},
			{
				"name": "deco",
				"parent": "body",
				"pivot": [0, 17.25, -3.05],
				"rotation": [-6, 0, 0]
			},
			{
				"name": "bone203",
				"parent": "deco",
				"pivot": [0, 4.75, 2.95]
			},
			{
				"name": "bone204",
				"parent": "bone203",
				"pivot": [0, 17.25, -3.55],
				"rotation": [0, 0, 5],
				"cubes": [
					{"origin": [-2.99009, 16.69379, -4.05], "size": [3, 1, 1], "uv": [80, 29]}
				]
			},
			{
				"name": "bone205",
				"parent": "bone203",
				"pivot": [0, 17.25, -3.55],
				"rotation": [0, 0, -15],
				"cubes": [
					{"origin": [-3, 16.75, -4.05], "size": [3, 1, 1], "uv": [80, 27]}
				]
			},
			{
				"name": "bone206",
				"parent": "deco",
				"pivot": [0, 4.75, 2.95]
			},
			{
				"name": "bone207",
				"parent": "bone206",
				"pivot": [0, 17.25, -3.55],
				"rotation": [0, 0, -5],
				"cubes": [
					{"origin": [-0.00991, 16.69379, -4.05], "size": [3, 1, 1], "uv": [38, 75]}
				]
			},
			{
				"name": "bone208",
				"parent": "bone206",
				"pivot": [0, 17.25, -3.55],
				"rotation": [0, 0, 15],
				"cubes": [
					{"origin": [0, 16.75, -4.05], "size": [3, 1, 1], "uv": [71, 54]}
				]
			},
			{
				"name": "bone209",
				"parent": "deco",
				"pivot": [0, 4.75, 2.95],
				"cubes": [
					{"origin": [-0.5, 16.75, -4.05], "size": [1, 1, 1], "uv": [41, 64], "inflate": 0.1}
				]
			},
			{
				"name": "bone210",
				"parent": "deco",
				"pivot": [-0.5, 17.21527, -3.24696],
				"rotation": [0, 0, 20],
				"cubes": [
					{"origin": [-1, 14.21527, -3.24696], "size": [1, 3, 0], "uv": [18, 64]}
				]
			},
			{
				"name": "bone211",
				"parent": "deco",
				"pivot": [0.5, 17.21527, -3.24696],
				"rotation": [0, 0, -20],
				"cubes": [
					{"origin": [0, 14.21527, -3.24696], "size": [1, 3, 0], "uv": [4, 64]}
				]
			},
			{
				"name": "heart2",
				"parent": "body",
				"pivot": [0, 0, 0],
				"rotation": [0, 0, 45],
				"cubes": [
					{"origin": [-10.19239, 9.19239, -3.501], "size": [1, 0.5, 1], "uv": [125, 127]},
					{"origin": [-11.19239, 10.19239, -3.501], "size": [1, 0.5, 1], "uv": [123, 125]},
					{"origin": [-12.19239, 11.19239, -3.501], "size": [1, 0.5, 1], "uv": [122, 124]},
					{"origin": [-9.69239, 9.69239, -3.501], "size": [0.5, 0.5, 1], "uv": [123, 124]},
					{"origin": [-10.69239, 10.69239, -3.501], "size": [0.5, 0.5, 1], "uv": [122, 122]},
					{"origin": [-11.69239, 11.69239, -3.501], "size": [0.5, 0.5, 1], "uv": [123, 121]}
				]
			},
			{
				"name": "chestPlate",
				"parent": "body",
				"pivot": [0, 10.5, 0]
			},
			{
				"name": "sinFloat",
				"parent": "chestPlate",
				"pivot": [0, 10.5, 0]
			},
			{
				"name": "attackShow",
				"parent": "sinFloat",
				"pivot": [0, 10.5, 0]
			},
			{
				"name": "fz",
				"parent": "attackShow",
				"pivot": [0, 10.5, 0],
				"cubes": [
					{"origin": [13, 4.5, -1], "size": [1, 24, 1], "uv": [46, 64]}
				]
			},
			{
				"name": "bone212",
				"parent": "fz",
				"pivot": [13, 28.5, 0],
				"cubes": [
					{"origin": [12, 28.5, -1], "size": [2, 1, 1], "uv": [49, 38]}
				]
			},
			{
				"name": "bone213",
				"parent": "bone212",
				"pivot": [12, 28.5, -1],
				"rotation": [0, 0, 27.5],
				"cubes": [
					{"origin": [10, 28.5, -1], "size": [2, 1, 1], "uv": [49, 36]}
				]
			},
			{
				"name": "bone224",
				"parent": "bone213",
				"pivot": [10, 28.5, -1],
				"rotation": [0, 0, 27.5],
				"cubes": [
					{"origin": [7, 28.5, -1], "size": [3, 1, 1], "uv": [67, 0]}
				]
			},
			{
				"name": "bone227",
				"parent": "bone224",
				"pivot": [7, 28.5, -1],
				"rotation": [0, 0, 22.5],
				"cubes": [
					{"origin": [5, 28.5, -1], "size": [2, 1, 1], "uv": [8, 33]}
				]
			},
			{
				"name": "bone214",
				"parent": "bone212",
				"pivot": [14, 28.5, 0],
				"rotation": [0, 0, -17.5],
				"cubes": [
					{"origin": [14, 28.5, -1], "size": [2, 1, 1], "uv": [49, 34]}
				]
			},
			{
				"name": "bone215",
				"parent": "bone214",
				"pivot": [16, 28.5, 0],
				"rotation": [0, 0, -32.5],
				"cubes": [
					{"origin": [16, 28.5, -1], "size": [2, 1, 1], "uv": [49, 32]}
				]
			},
			{
				"name": "bone216",
				"parent": "bone215",
				"pivot": [18, 28.5, 0],
				"rotation": [0, 0, -15],
				"cubes": [
					{"origin": [18, 28.5, -1], "size": [2, 1, 1], "uv": [49, 4]}
				]
			},
			{
				"name": "bone217",
				"parent": "bone216",
				"pivot": [20, 28.5, 0],
				"rotation": [0, 0, -17.5],
				"cubes": [
					{"origin": [20, 28.5, -1], "size": [2, 1, 1], "uv": [49, 2]}
				]
			},
			{
				"name": "bone218",
				"parent": "bone217",
				"pivot": [22, 28.5, 0],
				"rotation": [0, 0, -12.5],
				"cubes": [
					{"origin": [22, 28.5, -1], "size": [2, 1, 1], "uv": [49, 0]}
				]
			},
			{
				"name": "bone219",
				"parent": "bone218",
				"pivot": [24, 28.5, 0],
				"rotation": [0, 0, -12.5],
				"cubes": [
					{"origin": [24, 28.5, -1], "size": [2, 1, 1], "uv": [8, 45]}
				]
			},
			{
				"name": "bone220",
				"parent": "bone219",
				"pivot": [26, 28.5, 0],
				"rotation": [0, 0, -20],
				"cubes": [
					{"origin": [26, 28.5, -1], "size": [2, 1, 1], "uv": [8, 43]}
				]
			},
			{
				"name": "bone221",
				"parent": "bone220",
				"pivot": [28, 28.5, 0],
				"rotation": [0, 0, -22.5],
				"cubes": [
					{"origin": [28, 28.5, -1], "size": [2, 1, 1], "uv": [8, 41]}
				]
			},
			{
				"name": "bone222",
				"parent": "bone221",
				"pivot": [30, 28.5, 0],
				"rotation": [0, 0, -32.5],
				"cubes": [
					{"origin": [30, 28.5, -1], "size": [2, 1, 1], "uv": [8, 39]}
				]
			},
			{
				"name": "bone223",
				"parent": "bone222",
				"pivot": [32, 28.5, 0],
				"rotation": [0, 0, -22.5],
				"cubes": [
					{"origin": [32, 28.5, -1], "size": [2, 1, 1], "uv": [8, 37]}
				]
			},
			{
				"name": "bone225",
				"parent": "bone223",
				"pivot": [34, 28.5, 0],
				"rotation": [0, 0, -27.5],
				"cubes": [
					{"origin": [34, 28.5, -1], "size": [3, 1, 1], "uv": [64, 53]}
				]
			},
			{
				"name": "bone226",
				"parent": "bone225",
				"pivot": [37, 28.5, 0],
				"rotation": [0, 0, -22.5],
				"cubes": [
					{"origin": [37, 28.5, -1], "size": [2, 1, 1], "uv": [8, 35]}
				]
			},
			{
				"name": "ball",
				"parent": "fz",
				"pivot": [0, 10.5, 0],
				"cubes": [
					{"origin": [10.5, 31.5, -3], "size": [6, 6, 5], "uv": [24, 64], "inflate": -0.2}
				]
			},
			{
				"name": "bone228",
				"parent": "fz",
				"pivot": [13, 26.5, 0],
				"rotation": [0, 0, 35],
				"cubes": [
					{"origin": [10, 26.5, -1], "size": [3, 1, 1], "uv": [49, 45]}
				]
			},
			{
				"name": "bone229",
				"parent": "fz",
				"pivot": [14, 26.5, 0],
				"rotation": [0, 0, -35],
				"cubes": [
					{"origin": [14, 26.5, -1], "size": [3, 1, 1], "uv": [6, 0]}
				]
			},
			{
				"name": "bone230",
				"parent": "body",
				"pivot": [0, 10.5, 0]
			},
			{
				"name": "bone231",
				"parent": "bone230",
				"pivot": [-4.9, 16.6, 0],
				"rotation": [0, 0, 20],
				"cubes": [
					{"origin": [-6.65, 14.6, -3], "size": [3, 4, 6], "uv": [0, 108], "inflate": -0.11}
				]
			},
			{
				"name": "bone232",
				"parent": "bone230",
				"pivot": [-3.9, 15.7, 0],
				"rotation": [0, 0, -17.5],
				"cubes": [
					{"origin": [-5.20926, 13.63986, -3], "size": [3, 4, 6], "uv": [0, 118], "inflate": -0.1}
				]
			},
			{
				"name": "bone233",
				"parent": "body",
				"pivot": [0, 10.5, 0]
			},
			{
				"name": "bone234",
				"parent": "bone233",
				"pivot": [4.9, 16.6, 0],
				"rotation": [0, 0, -20],
				"cubes": [
					{"origin": [3.65, 14.6, -3], "size": [3, 4, 6], "uv": [0, 108], "inflate": -0.11, "mirror": true}
				]
			},
			{
				"name": "bone235",
				"parent": "bone233",
				"pivot": [3.9, 15.7, 0],
				"rotation": [0, 0, 17.5],
				"cubes": [
					{"origin": [2.20926, 13.63986, -3], "size": [3, 4, 6], "uv": [0, 118], "inflate": -0.1, "mirror": true}
				]
			},
			{
				"name": "legLeft",
				"pivot": [2, 9, 0],
				"cubes": [
					{"origin": [0.499, 0.1, -1.5], "size": [2.75, 8.9, 3], "uv": [37, 87]},
					{"origin": [0.499, 0.1, -1.5], "size": [2.75, 4, 3], "uv": [0, 90], "inflate": 0.1},
					{"origin": [0.499, 0.1, -1.5], "size": [2.75, 2, 3], "uv": [102, 34], "inflate": 0.2}
				]
			},
			{
				"name": "legRight",
				"pivot": [-2, 9, 0],
				"cubes": [
					{"origin": [-3.249, 0.2, -1.5], "size": [2.75, 8.8, 3], "uv": [79, 85]},
					{"origin": [-3.249, 0.2, -1.5], "size": [2.75, 4, 3], "uv": [10, 90], "inflate": 0.1},
					{"origin": [-3.249, 0.2, -1.5], "size": [2.75, 2, 3], "uv": [18, 64], "inflate": 0.2}
				]
			}
		]
	}
}