{
	"format_version": "1.10.0",
	"geometry.model": {
		"texturewidth": 128,
		"textureheight": 128,
		"visible_bounds_width": 5,
		"visible_bounds_height": 6,
		"visible_bounds_offset": [0, 2, 0],
		"bones": [
			{
				"name": "head",
				"pivot": [0, 18, 0],
				"cubes": [
					{"origin": [-4, 18, -4], "size": [8, 8, 8], "uv": [58, 0]},
					{"origin": [-4, 18, -4], "size": [8, 8, 8], "uv": [50, 55], "inflate": 0.1}
				]
			},
			{
				"name": "blink",
				"parent": "head",
				"pivot": [0, 18, 0],
				"cubes": [
					{"origin": [-4, 18, -4.001], "size": [8, 8, 0], "uv": [85, 62]}
				]
			},
			{
				"name": "hat",
				"parent": "head",
				"pivot": [1, 18, 0],
				"rotation": [-1.565, -2.5, 0]
			},
			{
				"name": "bone119",
				"parent": "hat",
				"pivot": [1, 18, 0],
				"cubes": [
					{"origin": [-3, 25.8, -4], "size": [8, 3, 8], "uv": [58, 16], "inflate": -0.3},
					{"origin": [-3, 26.5, -4], "size": [8, 1, 8], "uv": [0, 65]}
				]
			},
			{
				"name": "decoration",
				"parent": "hat",
				"pivot": [-2, 22, 0],
				"rotation": [0, 0, 152.5]
			},
			{
				"name": "band2",
				"parent": "decoration",
				"pivot": [-2, 22, 0],
				"rotation": [0, 45, 0],
				"cubes": [
					{"origin": [-8.75, 19.64645, -9.75], "size": [1, 2, 3], "uv": [50, 83]}
				]
			},
			{
				"name": "band",
				"parent": "decoration",
				"pivot": [-2, 22, 0],
				"rotation": [0, 45, 0],
				"cubes": [
					{"origin": [-11.75, 19.64645, -6.75], "size": [4, 2, 1], "uv": [73, 49]}
				]
			},
			{
				"name": "armRight",
				"pivot": [-3, 17.5, 0],
				"rotation": [0, 0, 25],
				"cubes": [
					{"origin": [-5, 8.5, -1], "size": [2, 8, 2], "uv": [40, 89]},
					{"origin": [-5.5, 9.5, -1.5], "size": [3, 8, 3], "uv": [17, 0]}
				]
			},
			{
				"name": "bone87",
				"parent": "armRight",
				"pivot": [-3, 17.5, 0],
				"rotation": [0, 0, -15]
			},
			{
				"name": "bone116",
				"parent": "armRight",
				"pivot": [-3, 17.5, 0],
				"rotation": [0, 0, 20]
			},
			{
				"name": "armLeft",
				"pivot": [3, 17.5, 0],
				"rotation": [0, 0, -25],
				"cubes": [
					{"origin": [2.5, 9.5, -1.5], "size": [3, 8, 3], "uv": [0, 0]},
					{"origin": [3, 8.5, -1], "size": [2, 8, 2], "uv": [12, 89]}
				]
			},
			{
				"name": "bone117",
				"parent": "armLeft",
				"pivot": [3, 17.5, 0],
				"rotation": [0, 0, 15]
			},
			{
				"name": "bone118",
				"parent": "armLeft",
				"pivot": [3, 17.5, 0],
				"rotation": [0, 0, -15]
			},
			{
				"name": "body",
				"pivot": [0, 10.5, 0],
				"cubes": [
					{"origin": [-3, 8.999, -3], "size": [6, 9, 6], "uv": [0, 74]},
					{"origin": [-3, 8.999, -3], "size": [6, 9, 6], "uv": [56, 71], "inflate": 0.1},
					{"origin": [-3, 8.999, -3], "size": [6, 9, 6], "uv": [32, 65], "inflate": 0.2},
					{"origin": [-3, 10.999, -3], "size": [6, 1, 6], "uv": [74, 55], "inflate": 0.25}
				]
			},
			{
				"name": "sittingRotationSkirt",
				"parent": "body",
				"pivot": [0, 10.5, 0]
			},
			{
				"name": "bone",
				"parent": "sittingRotationSkirt",
				"pivot": [0, 14.5, 0]
			},
			{
				"name": "bone2",
				"parent": "bone",
				"pivot": [0, 4, 0]
			},
			{
				"name": "bone3",
				"parent": "bone2",
				"pivot": [0, 4, 6.19607],
				"rotation": [32, 0, 0]
			},
			{
				"name": "bone4",
				"parent": "bone3",
				"pivot": [0, 4, 6.19607],
				"rotation": [0, -45, 0],
				"cubes": [
					{"origin": [-1, 4, 5.19607], "size": [2, 7, 2], "uv": [98, 81]}
				]
			},
			{
				"name": "bone5",
				"parent": "bone",
				"pivot": [0, 4, 0],
				"rotation": [0, -25.71429, 0]
			},
			{
				"name": "bone6",
				"parent": "bone5",
				"pivot": [0, 4, 6.19607],
				"rotation": [32, 0, 0]
			},
			{
				"name": "bone7",
				"parent": "bone6",
				"pivot": [0, 4, 6.19607],
				"rotation": [0, -45, 0],
				"cubes": [
					{"origin": [-1, 4, 5.19607], "size": [2, 7, 2], "uv": [18, 97]}
				]
			},
			{
				"name": "bone8",
				"parent": "bone",
				"pivot": [0, 4, 0],
				"rotation": [0, -51.42857, 0]
			},
			{
				"name": "bone9",
				"parent": "bone8",
				"pivot": [0, 4, 6.19607],
				"rotation": [32, 0, 0]
			},
			{
				"name": "bone10",
				"parent": "bone9",
				"pivot": [0, 4, 6.19607],
				"rotation": [0, -45, 0],
				"cubes": [
					{"origin": [-1, 4, 5.19607], "size": [2, 7, 2], "uv": [96, 37]}
				]
			},
			{
				"name": "bone11",
				"parent": "bone",
				"pivot": [0, 4, 0],
				"rotation": [0, -77.14286, 0]
			},
			{
				"name": "bone12",
				"parent": "bone11",
				"pivot": [0, 4, 6.19607],
				"rotation": [32, 0, 0]
			},
			{
				"name": "bone13",
				"parent": "bone12",
				"pivot": [0, 4, 6.19607],
				"rotation": [0, -45, 0],
				"cubes": [
					{"origin": [-1, 4, 5.19607], "size": [2, 7, 2], "uv": [96, 17]}
				]
			},
			{
				"name": "bone14",
				"parent": "bone",
				"pivot": [0, 4, 0],
				"rotation": [0, -102.85714, 0]
			},
			{
				"name": "bone15",
				"parent": "bone14",
				"pivot": [0, 4, 6.19607],
				"rotation": [32, 0, 0]
			},
			{
				"name": "bone16",
				"parent": "bone15",
				"pivot": [0, 4, 6.19607],
				"rotation": [0, -45, 0],
				"cubes": [
					{"origin": [-1, 4, 5.19607], "size": [2, 7, 2], "uv": [95, 51]}
				]
			},
			{
				"name": "bone17",
				"parent": "bone",
				"pivot": [0, 4, 0],
				"rotation": [0, -128.57143, 0]
			},
			{
				"name": "bone18",
				"parent": "bone17",
				"pivot": [0, 4, 6.19607],
				"rotation": [32, 0, 0]
			},
			{
				"name": "bone19",
				"parent": "bone18",
				"pivot": [0, 4, 6.19607],
				"rotation": [0, -45, 0],
				"cubes": [
					{"origin": [-1, 4, 5.19607], "size": [2, 7, 2], "uv": [0, 95]}
				]
			},
			{
				"name": "bone20",
				"parent": "bone",
				"pivot": [0, 4, 0],
				"rotation": [0, -154.28571, 0]
			},
			{
				"name": "bone21",
				"parent": "bone20",
				"pivot": [0, 4, 6.19607],
				"rotation": [32, 0, 0]
			},
			{
				"name": "bone22",
				"parent": "bone21",
				"pivot": [0, 4, 6.19607],
				"rotation": [0, -45, 0],
				"cubes": [
					{"origin": [-1, 4, 5.19607], "size": [2, 7, 2], "uv": [72, 94]}
				]
			},
			{
				"name": "bone23",
				"parent": "bone",
				"pivot": [0, 4, 0],
				"rotation": [0, -180, 0]
			},
			{
				"name": "bone24",
				"parent": "bone23",
				"pivot": [0, 4, 6.19607],
				"rotation": [32, 0, 0]
			},
			{
				"name": "bone25",
				"parent": "bone24",
				"pivot": [0, 4, 6.19607],
				"rotation": [0, -45, 0],
				"cubes": [
					{"origin": [-1, 4, 5.19607], "size": [2, 7, 2], "uv": [64, 93]}
				]
			},
			{
				"name": "bone26",
				"parent": "bone",
				"pivot": [0, 4, 0],
				"rotation": [0, -205.71429, 0]
			},
			{
				"name": "bone27",
				"parent": "bone26",
				"pivot": [0, 4, 6.19607],
				"rotation": [32, 0, 0]
			},
			{
				"name": "bone28",
				"parent": "bone27",
				"pivot": [0, 4, 6.19607],
				"rotation": [0, -45, 0],
				"cubes": [
					{"origin": [-1, 4, 5.19607], "size": [2, 7, 2], "uv": [92, 92]}
				]
			},
			{
				"name": "bone29",
				"parent": "bone",
				"pivot": [0, 4, 0],
				"rotation": [0, -231.42857, 0]
			},
			{
				"name": "bone30",
				"parent": "bone29",
				"pivot": [0, 4, 6.19607],
				"rotation": [32, 0, 0]
			},
			{
				"name": "bone31",
				"parent": "bone30",
				"pivot": [0, 4, 6.19607],
				"rotation": [0, -45, 0],
				"cubes": [
					{"origin": [-1, 4, 5.19607], "size": [2, 7, 2], "uv": [84, 92]}
				]
			},
			{
				"name": "bone32",
				"parent": "bone",
				"pivot": [0, 4, 0],
				"rotation": [0, -257.14286, 0]
			},
			{
				"name": "bone33",
				"parent": "bone32",
				"pivot": [0, 4, 6.19607],
				"rotation": [32, 0, 0]
			},
			{
				"name": "bone34",
				"parent": "bone33",
				"pivot": [0, 4, 6.19607],
				"rotation": [0, -45, 0],
				"cubes": [
					{"origin": [-1, 4, 5.19607], "size": [2, 7, 2], "uv": [92, 74]}
				]
			},
			{
				"name": "bone35",
				"parent": "bone",
				"pivot": [0, 4, 0],
				"rotation": [0, -282.85714, 0]
			},
			{
				"name": "bone36",
				"parent": "bone35",
				"pivot": [0, 4, 6.19607],
				"rotation": [32, 0, 0]
			},
			{
				"name": "bone37",
				"parent": "bone36",
				"pivot": [0, 4, 6.19607],
				"rotation": [0, -45, 0],
				"cubes": [
					{"origin": [-1, 4, 5.19607], "size": [2, 7, 2], "uv": [56, 92]}
				]
			},
			{
				"name": "bone38",
				"parent": "bone",
				"pivot": [0, 4, 0],
				"rotation": [0, -308.57143, 0]
			},
			{
				"name": "bone39",
				"parent": "bone38",
				"pivot": [0, 4, 6.19607],
				"rotation": [32, 0, 0]
			},
			{
				"name": "bone40",
				"parent": "bone39",
				"pivot": [0, 4, 6.19607],
				"rotation": [0, -45, 0],
				"cubes": [
					{"origin": [-1, 4, 5.19607], "size": [2, 7, 2], "uv": [92, 4]}
				]
			},
			{
				"name": "bone41",
				"parent": "bone",
				"pivot": [0, 4, 0],
				"rotation": [0, -334.28571, 0]
			},
			{
				"name": "bone42",
				"parent": "bone41",
				"pivot": [0, 4, 6.19607],
				"rotation": [32, 0, 0]
			},
			{
				"name": "bone43",
				"parent": "bone42",
				"pivot": [0, 4, 6.19607],
				"rotation": [0, -45, 0],
				"cubes": [
					{"origin": [-1, 4, 5.19607], "size": [2, 7, 2], "uv": [48, 90]}
				]
			},
			{
				"name": "bone44",
				"parent": "sittingRotationSkirt",
				"pivot": [0, 15.5, 0]
			},
			{
				"name": "bone45",
				"parent": "bone44",
				"pivot": [0, 5, 0]
			},
			{
				"name": "bone46",
				"parent": "bone45",
				"pivot": [0, 5, 6.19607],
				"rotation": [32, 0, 0]
			},
			{
				"name": "bone47",
				"parent": "bone46",
				"pivot": [0, 5, 6.19607],
				"rotation": [0, -45, 0]
			},
			{
				"name": "bone48",
				"parent": "bone44",
				"pivot": [0, 5, 0],
				"rotation": [0, -25.71429, 0]
			},
			{
				"name": "bone49",
				"parent": "bone48",
				"pivot": [0, 5, 6.19607],
				"rotation": [32, 0, 0]
			},
			{
				"name": "bone50",
				"parent": "bone49",
				"pivot": [0, 5, 6.19607],
				"rotation": [0, -45, 0]
			},
			{
				"name": "bone51",
				"parent": "bone44",
				"pivot": [0, 5, 0],
				"rotation": [0, -51.42857, 0]
			},
			{
				"name": "bone52",
				"parent": "bone51",
				"pivot": [0, 5, 6.19607],
				"rotation": [32, 0, 0]
			},
			{
				"name": "bone53",
				"parent": "bone52",
				"pivot": [0, 5, 6.19607],
				"rotation": [0, -45, 0],
				"cubes": [
					{"origin": [-1, 7, 5.19607], "size": [2, 5, 2], "uv": [98, 99]}
				]
			},
			{
				"name": "bone54",
				"parent": "bone44",
				"pivot": [0, 5, 0],
				"rotation": [0, -77.14286, 0]
			},
			{
				"name": "bone55",
				"parent": "bone54",
				"pivot": [0, 5, 6.19607],
				"rotation": [32, 0, 0]
			},
			{
				"name": "bone56",
				"parent": "bone55",
				"pivot": [0, 5, 6.19607],
				"rotation": [0, -45, 0],
				"cubes": [
					{"origin": [-1, 7, 5.19607], "size": [2, 5, 2], "uv": [48, 99]}
				]
			},
			{
				"name": "bone57",
				"parent": "bone44",
				"pivot": [0, 5, 0],
				"rotation": [0, -102.85714, 0]
			},
			{
				"name": "bone58",
				"parent": "bone57",
				"pivot": [0, 5, 6.19607],
				"rotation": [32, 0, 0]
			},
			{
				"name": "bone59",
				"parent": "bone58",
				"pivot": [0, 5, 6.19607],
				"rotation": [0, -45, 0],
				"cubes": [
					{"origin": [-1, 7, 5.19607], "size": [2, 5, 2], "uv": [40, 99]}
				]
			},
			{
				"name": "bone60",
				"parent": "bone44",
				"pivot": [0, 5, 0],
				"rotation": [0, -128.57143, 0]
			},
			{
				"name": "bone61",
				"parent": "bone60",
				"pivot": [0, 5, 6.19607],
				"rotation": [32, 0, 0]
			},
			{
				"name": "bone62",
				"parent": "bone61",
				"pivot": [0, 5, 6.19607],
				"rotation": [0, -45, 0],
				"cubes": [
					{"origin": [-1, 7, 5.19607], "size": [2, 5, 2], "uv": [8, 99]}
				]
			},
			{
				"name": "bone63",
				"parent": "bone44",
				"pivot": [0, 5, 0],
				"rotation": [0, -154.28571, 0]
			},
			{
				"name": "bone64",
				"parent": "bone63",
				"pivot": [0, 5, 6.19607],
				"rotation": [32, 0, 0]
			},
			{
				"name": "bone65",
				"parent": "bone64",
				"pivot": [0, 5, 6.19607],
				"rotation": [0, -45, 0]
			},
			{
				"name": "bone66",
				"parent": "bone44",
				"pivot": [0, 5, 0],
				"rotation": [0, -180, 0]
			},
			{
				"name": "bone67",
				"parent": "bone66",
				"pivot": [0, 5, 6.19607],
				"rotation": [32, 0, 0]
			},
			{
				"name": "bone68",
				"parent": "bone67",
				"pivot": [0, 5, 6.19607],
				"rotation": [0, -45, 0]
			},
			{
				"name": "bone69",
				"parent": "bone44",
				"pivot": [0, 5, 0],
				"rotation": [0, -205.71429, 0]
			},
			{
				"name": "bone70",
				"parent": "bone69",
				"pivot": [0, 5, 6.19607],
				"rotation": [32, 0, 0]
			},
			{
				"name": "bone71",
				"parent": "bone70",
				"pivot": [0, 5, 6.19607],
				"rotation": [0, -45, 0]
			},
			{
				"name": "bone72",
				"parent": "bone44",
				"pivot": [0, 5, 0],
				"rotation": [0, -231.42857, 0]
			},
			{
				"name": "bone73",
				"parent": "bone72",
				"pivot": [0, 5, 6.19607],
				"rotation": [32, 0, 0]
			},
			{
				"name": "bone74",
				"parent": "bone73",
				"pivot": [0, 5, 6.19607],
				"rotation": [0, -45, 0],
				"cubes": [
					{"origin": [-1, 7, 5.19607], "size": [2, 5, 2], "uv": [40, 80]}
				]
			},
			{
				"name": "bone75",
				"parent": "bone44",
				"pivot": [0, 5, 0],
				"rotation": [0, -257.14286, 0]
			},
			{
				"name": "bone76",
				"parent": "bone75",
				"pivot": [0, 5, 6.19607],
				"rotation": [32, 0, 0]
			},
			{
				"name": "bone77",
				"parent": "bone76",
				"pivot": [0, 5, 6.19607],
				"rotation": [0, -45, 0],
				"cubes": [
					{"origin": [-1, 7, 5.19607], "size": [2, 5, 2], "uv": [0, 65]}
				]
			},
			{
				"name": "bone78",
				"parent": "bone44",
				"pivot": [0, 5, 0],
				"rotation": [0, -282.85714, 0]
			},
			{
				"name": "bone79",
				"parent": "bone78",
				"pivot": [0, 5, 6.19607],
				"rotation": [32, 0, 0]
			},
			{
				"name": "bone80",
				"parent": "bone79",
				"pivot": [0, 5, 6.19607],
				"rotation": [0, -45, 0],
				"cubes": [
					{"origin": [-1, 7, 5.19607], "size": [2, 5, 2], "uv": [58, 16]}
				]
			},
			{
				"name": "bone81",
				"parent": "bone44",
				"pivot": [0, 5, 0],
				"rotation": [0, -308.57143, 0]
			},
			{
				"name": "bone82",
				"parent": "bone81",
				"pivot": [0, 5, 6.19607],
				"rotation": [32, 0, 0]
			},
			{
				"name": "bone83",
				"parent": "bone82",
				"pivot": [0, 5, 6.19607],
				"rotation": [0, -45, 0],
				"cubes": [
					{"origin": [-1, 7, 5.19607], "size": [2, 5, 2], "uv": [58, 0]}
				]
			},
			{
				"name": "bone84",
				"parent": "bone44",
				"pivot": [0, 5, 0],
				"rotation": [0, -334.28571, 0]
			},
			{
				"name": "bone85",
				"parent": "bone84",
				"pivot": [0, 5, 6.19607],
				"rotation": [32, 0, 0]
			},
			{
				"name": "bone86",
				"parent": "bone85",
				"pivot": [0, 5, 6.19607],
				"rotation": [0, -45, 0]
			},
			{
				"name": "pj",
				"parent": "body",
				"pivot": [0, 9.5, 2],
				"rotation": [17.5, 0, 0],
				"cubes": [
					{"origin": [-3, 13.5, 6], "size": [6, 4, 0], "uv": [86, 47]}
				]
			},
			{
				"name": "tie2",
				"parent": "body",
				"pivot": [0, 8.5, -0.1],
				"cubes": [
					{"origin": [-0.5, 13.5071, -2.9], "size": [1, 4, 1], "uv": [34, 0], "inflate": 0.2071}
				]
			},
			{
				"name": "bone120",
				"parent": "tie2",
				"pivot": [0, 17, -3.1],
				"rotation": [0, 0, -45],
				"cubes": [
					{"origin": [-3.11629, 13.8837, -3.11], "size": [1, 1, 1], "uv": [34, 10]}
				]
			},
			{
				"name": "collar",
				"parent": "body",
				"pivot": [0, 10.5, -1]
			},
			{
				"name": "bone121",
				"parent": "collar",
				"pivot": [-2, 17, -1],
				"rotation": [0, 0, 25],
				"cubes": [
					{"origin": [-2.18738, 17.84524, -3.12], "size": [2, 1, 1], "uv": [34, 5]}
				]
			},
			{
				"name": "bone122",
				"parent": "collar",
				"pivot": [2, 17, -1],
				"rotation": [0, 0, -25],
				"cubes": [
					{"origin": [0.18738, 17.84524, -3.12], "size": [2, 1, 1], "uv": [32, 17]}
				]
			},
			{
				"name": "bone123",
				"parent": "body",
				"pivot": [0, 10.5, 0]
			},
			{
				"name": "bone124",
				"parent": "bone123",
				"pivot": [0, 10.5, 0],
				"cubes": [
					{"origin": [-0.5, 11, -3.5], "size": [1, 1, 1], "uv": [34, 8]}
				]
			},
			{
				"name": "bone125",
				"parent": "bone123",
				"pivot": [-1, 10.5, 0],
				"rotation": [0, 0, 22.5],
				"cubes": [
					{"origin": [-2.8, 11.2, -3.5], "size": [2.3, 1, 1], "uv": [28, 23], "inflate": -0.2}
				]
			},
			{
				"name": "bone126",
				"parent": "bone123",
				"pivot": [1, 10.5, 0],
				"rotation": [0, 0, -22.5],
				"cubes": [
					{"origin": [0.5, 11.2, -3.5], "size": [2.3, 1, 1], "uv": [26, 17], "inflate": -0.2}
				]
			},
			{
				"name": "chestPlate",
				"parent": "body",
				"pivot": [-5, 16.5, 0]
			},
			{
				"name": "sinFloat",
				"parent": "chestPlate",
				"pivot": [-5, 16.5, 0]
			},
			{
				"name": "glgezzc",
				"parent": "sinFloat",
				"pivot": [1, 36.5, 0]
			},
			{
				"name": "bone127",
				"parent": "glgezzc",
				"pivot": [1, 36.5, 0],
				"cubes": [
					{"origin": [16, 0.5, -1], "size": [2, 61, 2], "uv": [50, 0], "inflate": -0.5},
					{"origin": [16, 0.5, -1], "size": [2, 3, 2], "uv": [98, 46], "inflate": -0.4},
					{"origin": [13, 51.5, -1], "size": [8, 2, 2], "uv": [82, 0], "inflate": -0.4},
					{"origin": [16, 48.5, -1], "size": [2, 8, 2], "uv": [73, 27], "inflate": -0.4}
				]
			},
			{
				"name": "bone128",
				"parent": "glgezzc",
				"pivot": [17, 45.5, 0],
				"rotation": [0, 0, -37.5],
				"cubes": [
					{"origin": [6, 45.5, -1], "size": [12, 2, 2], "uv": [0, 21], "inflate": -0.5}
				]
			},
			{
				"name": "bone129",
				"parent": "bone128",
				"pivot": [8, 46.5, 0],
				"rotation": [0, 0, 60],
				"cubes": [
					{"origin": [6, 45.5, -1], "size": [2, 23, 2], "uv": [32, 80], "inflate": -0.5}
				]
			},
			{
				"name": "bone130",
				"parent": "glgezzc",
				"pivot": [17, 45.5, 0],
				"rotation": [0, 0, 37.5],
				"cubes": [
					{"origin": [16, 45.5, -1], "size": [12, 2, 2], "uv": [0, 17], "inflate": -0.5}
				]
			},
			{
				"name": "bone131",
				"parent": "bone130",
				"pivot": [26, 46.5, 0],
				"rotation": [0, 0, -60],
				"cubes": [
					{"origin": [26, 45.5, -1], "size": [2, 23, 2], "uv": [24, 74], "inflate": -0.5}
				]
			},
			{
				"name": "bone132",
				"parent": "glgezzc",
				"pivot": [17, 39.5, 0],
				"rotation": [0, 0, -35],
				"cubes": [
					{"origin": [13, 39.5, -1], "size": [5, 2, 2], "uv": [17, 11], "inflate": -0.6}
				]
			},
			{
				"name": "bone134",
				"parent": "glgezzc",
				"pivot": [17, 34.5, 0],
				"rotation": [0, 0, -35],
				"cubes": [
					{"origin": [10, 34.5, -1], "size": [8, 2, 2], "uv": [74, 72], "inflate": -0.5}
				]
			},
			{
				"name": "bone135",
				"parent": "glgezzc",
				"pivot": [17, 34.5, 0],
				"rotation": [0, 0, 35],
				"cubes": [
					{"origin": [16, 34.5, -1], "size": [8, 2, 2], "uv": [26, 19], "inflate": -0.5}
				]
			},
			{
				"name": "bone133",
				"parent": "glgezzc",
				"pivot": [17, 39.5, 0],
				"rotation": [0, 0, 35],
				"cubes": [
					{"origin": [16, 39.5, -1], "size": [5, 2, 2], "uv": [0, 11], "inflate": -0.6}
				]
			},
			{
				"name": "bone136",
				"parent": "body",
				"pivot": [0, 10.5, 0]
			},
			{
				"name": "bone137",
				"parent": "bone136",
				"pivot": [-4.9, 16.6, 0],
				"rotation": [0, 0, 20],
				"cubes": [
					{"origin": [-6.65, 14.6, -3], "size": [3, 4, 6], "uv": [0, 108], "inflate": -0.11}
				]
			},
			{
				"name": "bone138",
				"parent": "bone136",
				"pivot": [-3.9, 15.7, 0],
				"rotation": [0, 0, -17.5],
				"cubes": [
					{"origin": [-5.20926, 13.63986, -3], "size": [3, 4, 6], "uv": [0, 118], "inflate": -0.1}
				]
			},
			{
				"name": "bone139",
				"parent": "body",
				"pivot": [0, 10.5, 0]
			},
			{
				"name": "bone140",
				"parent": "bone139",
				"pivot": [4.9, 16.6, 0],
				"rotation": [0, 0, -20],
				"cubes": [
					{"origin": [3.65, 14.6, -3], "size": [3, 4, 6], "uv": [110, 75], "inflate": -0.11}
				]
			},
			{
				"name": "bone141",
				"parent": "bone139",
				"pivot": [3.9, 15.7, 0],
				"rotation": [0, 0, 17.5],
				"cubes": [
					{"origin": [2.20926, 13.63986, -3], "size": [3, 4, 6], "uv": [60, 118], "inflate": -0.1}
				]
			},
			{
				"name": "legLeft",
				"pivot": [2, 9, 0],
				"cubes": [
					{"origin": [0.499, 0.1, -1.5], "size": [2.75, 8.9, 3], "uv": [58, 41]},
					{"origin": [0.499, 0.1, -1.5], "size": [2.75, 5, 3], "uv": [73, 41], "inflate": 0.1},
					{"origin": [0.499, 0.1, -1.5], "size": [2.75, 2, 3], "uv": [97, 10], "inflate": 0.2}
				]
			},
			{
				"name": "legRight",
				"pivot": [-2, 9, 0],
				"cubes": [
					{"origin": [-3.249, 0.2, -1.5], "size": [2.75, 8.8, 3], "uv": [58, 27]},
					{"origin": [-3.249, 0.2, -1.5], "size": [2.75, 5, 3], "uv": [86, 39], "inflate": 0.1},
					{"origin": [-3.249, 0.2, -1.5], "size": [2.75, 2, 3], "uv": [97, 28], "inflate": 0.2}
				]
			},
			{
				"name": "wingRight",
				"pivot": [-1, 16, 3],
				"rotation": [0, -60, 0],
				"cubes": [
					{"origin": [-1.5, 13.17, 10], "size": [0, 20, 25], "uv": [0, 20]}
				]
			},
			{
				"name": "bone102",
				"parent": "wingRight",
				"pivot": [-1, 18, 3],
				"rotation": [-15, 0, 0],
				"cubes": [
					{"origin": [-2, 16.06815, 3.51764], "size": [1, 1, 3], "uv": [98, 71]}
				]
			},
			{
				"name": "bone103",
				"parent": "wingRight",
				"pivot": [-2, 18, 3],
				"cubes": [
					{"origin": [-2, 15.22354, 5.89778], "size": [1, 1, 2], "uv": [26, 0]}
				]
			},
			{
				"name": "bone104",
				"parent": "wingRight",
				"pivot": [-1, 18, 3],
				"rotation": [30, 0, 0],
				"cubes": [
					{"origin": [-2, 13.14663, 5.85337], "size": [1, 1, 3], "uv": [98, 33]}
				]
			},
			{
				"name": "bone105",
				"parent": "wingRight",
				"pivot": [-1, 18, 3],
				"rotation": [45, 0, 0],
				"cubes": [
					{"origin": [-2, 11.79704, 7.39778], "size": [1, 1, 3], "uv": [93, 87]}
				]
			},
			{
				"name": "bone106",
				"parent": "wingRight",
				"pivot": [-1, 18, 3],
				"rotation": [60, 0, 0],
				"cubes": [
					{"origin": [-2, 10.09371, 8.54026], "size": [1, 1, 4], "uv": [98, 0]}
				]
			},
			{
				"name": "bone107",
				"parent": "wingRight",
				"pivot": [-1, 18, 3],
				"rotation": [90, 0, 0],
				"cubes": [
					{"origin": [-2, 6.38283, 7.30896], "size": [1, 1, 7], "uv": [84, 84]}
				]
			},
			{
				"name": "bone108",
				"parent": "wingRight",
				"pivot": [-2, 18, 3],
				"rotation": [25, 0, 0],
				"cubes": [
					{"origin": [-2, 20.94978, 16.55657], "size": [1, 1, 15], "uv": [17, 1]}
				]
			},
			{
				"name": "bone109",
				"parent": "bone108",
				"pivot": [-13, 18, 3],
				"rotation": [-25, 0, 0],
				"cubes": [
					{"origin": [-2, 32.64824, 27.21179], "size": [1, 1, 8], "uv": [82, 8]}
				]
			},
			{
				"name": "bone110",
				"parent": "wingRight",
				"pivot": [-1, 27, 16],
				"rotation": [-10, 0, 0],
				"cubes": [
					{"origin": [-2, 26.07135, 14.1733], "size": [1, 1, 13], "uv": [58, 41]}
				]
			},
			{
				"name": "bone111",
				"parent": "bone110",
				"pivot": [-12, 8.33727, -2.58557],
				"rotation": [-25, 0, 0],
				"cubes": [
					{"origin": [-2, 36.89275, 16.46776], "size": [1, 1, 7], "uv": [82, 76]}
				]
			},
			{
				"name": "bone112",
				"parent": "wingRight",
				"pivot": [-1, 27, 16],
				"rotation": [-45, 0, 0],
				"cubes": [
					{"origin": [-2, 25.19154, 15.03631], "size": [1, 1, 11], "uv": [73, 41]}
				]
			},
			{
				"name": "bone113",
				"parent": "bone112",
				"pivot": [-12, 8.33727, -2.58557],
				"rotation": [-25, 0, 0],
				"cubes": [
					{"origin": [-2, 35.61486, 15.80912], "size": [1, 1, 6], "uv": [86, 24]}
				]
			},
			{
				"name": "bone114",
				"parent": "wingRight",
				"pivot": [-1, 27, 16],
				"rotation": [-80, 0, 0],
				"cubes": [
					{"origin": [-2, 24.96584, 16.24788], "size": [1, 1, 9], "uv": [71, 77]}
				]
			},
			{
				"name": "bone115",
				"parent": "bone114",
				"pivot": [-12, 8.33727, -2.58557],
				"rotation": [-25, 0, 0],
				"cubes": [
					{"origin": [-2, 35.07711, 15.18995], "size": [1, 1, 5], "uv": [74, 88]}
				]
			},
			{
				"name": "wingLeft",
				"pivot": [2, 16, 3],
				"rotation": [0, 60, 0],
				"cubes": [
					{"origin": [1.5, 13.17, 10], "size": [0, 20, 25], "uv": [0, 0]}
				]
			},
			{
				"name": "bone88",
				"parent": "wingLeft",
				"pivot": [2, 18, 3],
				"rotation": [-15, 0, 0],
				"cubes": [
					{"origin": [1, 16.06815, 3.51764], "size": [1, 1, 3], "uv": [92, 70]}
				]
			},
			{
				"name": "bone89",
				"parent": "wingLeft",
				"pivot": [1, 18, 3],
				"cubes": [
					{"origin": [1, 15.22354, 5.89778], "size": [1, 1, 2], "uv": [9, 0]}
				]
			},
			{
				"name": "bone90",
				"parent": "wingLeft",
				"pivot": [2, 18, 3],
				"rotation": [30, 0, 0],
				"cubes": [
					{"origin": [1, 13.14663, 5.85337], "size": [1, 1, 3], "uv": [81, 87]}
				]
			},
			{
				"name": "bone91",
				"parent": "wingLeft",
				"pivot": [2, 18, 3],
				"rotation": [45, 0, 0],
				"cubes": [
					{"origin": [1, 11.79704, 7.39778], "size": [1, 1, 3], "uv": [82, 4]}
				]
			},
			{
				"name": "bone92",
				"parent": "wingLeft",
				"pivot": [2, 18, 3],
				"rotation": [60, 0, 0],
				"cubes": [
					{"origin": [1, 10.09371, 8.54026], "size": [1, 1, 4], "uv": [97, 66]}
				]
			},
			{
				"name": "bone93",
				"parent": "wingLeft",
				"pivot": [2, 18, 3],
				"rotation": [90, 0, 0],
				"cubes": [
					{"origin": [1, 6.38283, 7.30896], "size": [1, 1, 7], "uv": [34, 8]}
				]
			},
			{
				"name": "bone94",
				"parent": "wingLeft",
				"pivot": [1, 18, 3],
				"rotation": [25, 0, 0],
				"cubes": [
					{"origin": [1, 20.94978, 16.55657], "size": [1, 1, 15], "uv": [0, 0]}
				]
			},
			{
				"name": "bone95",
				"parent": "bone94",
				"pivot": [-10, 18, 3],
				"rotation": [-25, 0, 0],
				"cubes": [
					{"origin": [1, 32.64824, 27.21179], "size": [1, 1, 8], "uv": [40, 80]}
				]
			},
			{
				"name": "bone96",
				"parent": "wingLeft",
				"pivot": [2, 27, 16],
				"rotation": [-10, 0, 0],
				"cubes": [
					{"origin": [1, 26.07135, 14.1733], "size": [1, 1, 13], "uv": [58, 27]}
				]
			},
			{
				"name": "bone97",
				"parent": "bone96",
				"pivot": [-9, 8.33727, -2.58557],
				"rotation": [-25, 0, 0],
				"cubes": [
					{"origin": [1, 36.89275, 16.46776], "size": [1, 1, 7], "uv": [34, 0]}
				]
			},
			{
				"name": "bone98",
				"parent": "wingLeft",
				"pivot": [2, 27, 16],
				"rotation": [-45, 0, 0],
				"cubes": [
					{"origin": [1, 25.19154, 15.03631], "size": [1, 1, 11], "uv": [73, 27]}
				]
			},
			{
				"name": "bone99",
				"parent": "bone98",
				"pivot": [-9, 8.33727, -2.58557],
				"rotation": [-25, 0, 0],
				"cubes": [
					{"origin": [1, 35.61486, 15.80912], "size": [1, 1, 6], "uv": [82, 17]}
				]
			},
			{
				"name": "bone100",
				"parent": "wingLeft",
				"pivot": [2, 27, 16],
				"rotation": [-80, 0, 0],
				"cubes": [
					{"origin": [1, 24.96584, 16.24788], "size": [1, 1, 9], "uv": [74, 62]}
				]
			},
			{
				"name": "bone101",
				"parent": "bone100",
				"pivot": [-9, 8.33727, -2.58557],
				"rotation": [-25, 0, 0],
				"cubes": [
					{"origin": [1, 35.07711, 15.18995], "size": [1, 1, 5], "uv": [24, 65]}
				]
			}
		]
	}
}